architecture,family,seed,eval_split,training,train_epsilon,rob_lam,config_id,config_label,model_id,cert_theta,cert_gamma,cert_alpha,eval_epsilon,mean_p_safe_lower,mean_p_safe_upper,mean_interval_width,frac_p_safe_lower_geq_0p5,mean_p_safe_point,median_p_safe_point,frac_p_safe_point_geq_0p9,mean_unknown_frac,mean_property_evaluations,mean_net_frac_safe,mean_net_frac_unsafe
mlp512x1,bbb,0,val,robust,0.08,0.25,robust_eps0p08_lam0p25,"robust ($\epsilon_{train}=0.08$, $\lambda=0.25$)",mlp512x1|bbb|s0|val|robust_eps0p08_lam0p25,0.075,0.075,0.05,0.01,0.8875384615384614,0.963,0.07546153846153843,0.96,0.9595384615384616,1.0,0.96,0.0004615384615384616,94.84,0.96,0.04
mlp512x1,bbb,0,val,robust,0.08,0.25,robust_eps0p08_lam0p25,"robust ($\epsilon_{train}=0.08$, $\lambda=0.25$)",mlp512x1|bbb|s0|val|robust_eps0p08_lam0p25,0.075,0.075,0.05,0.05,0.8503549752999294,0.9445,0.09414502470007054,0.92,0.9193549752999295,1.0,0.92,0.02064502470007057,95.26,0.92,0.06
mlp512x1,bbb,0,val,robust,0.08,0.25,robust_eps0p08_lam0p25,"robust ($\epsilon_{train}=0.08$, $\lambda=0.25$)",mlp512x1|bbb|s0|val|robust_eps0p08_lam0p25,0.075,0.075,0.05,0.07,0.7990281691763539,0.9266095890410959,0.12758141986474184,0.86,0.8650281691763542,1.0,0.84,0.05414708855560475,111.44,0.88,0.08
mlp512x1,bbb,0,val,robust,0.08,0.25,robust_eps0p08_lam0p25,"robust ($\epsilon_{train}=0.08$, $\lambda=0.25$)",mlp512x1|bbb|s0|val|robust_eps0p08_lam0p25,0.075,0.075,0.05,0.08,0.74525839003092,0.9088333333333334,0.1635749433024132,0.82,0.8073178305903608,1.0,0.78,0.09371309724469087,108.68,0.86,0.1
mlp512x1,bbb,0,val,robust,0.08,0.25,robust_eps0p08_lam0p25,"robust ($\epsilon_{train}=0.08$, $\lambda=0.25$)",mlp512x1|bbb|s0|val|robust_eps0p08_lam0p25,0.075,0.075,0.05,0.1,0.5358294625720776,0.901275123087587,0.36544566051550925,0.58,0.5820057017538243,0.9916666666666667,0.54,0.305348485507862,124.36,0.64,0.1
mlp512x1,bbb,0,val,standard,,,standard,standard,mlp512x1|bbb|s0|val|standard,0.075,0.075,0.05,0.01,0.8629414794396051,0.963,0.10005852056039474,0.96,0.9349414794396051,1.0,0.9,0.02505852056039477,114.38,0.96,0.04
mlp512x1,bbb,0,val,standard,,,standard,standard,mlp512x1|bbb|s0|val|standard,0.075,0.075,0.05,0.05,0.0,0.48497326561995713,0.48497326561995713,0.0,0.0,0.0,0.0,0.42577319587628865,186.92,0.18,0.1
mlp512x1,bbb,0,val,standard,,,standard,standard,mlp512x1|bbb|s0|val|standard,0.075,0.075,0.05,0.07,0.0,0.20678641964851888,0.20678641964851888,0.0,0.0,0.0,0.0,0.13587628865979381,138.74,0.02,0.28
mlp512x1,bbb,0,val,standard,,,standard,standard,mlp512x1|bbb|s0|val|standard,0.075,0.075,0.05,0.08,0.0,0.15185756689936997,0.15185756689936997,0.0,0.0,0.0,0.0,0.0779381443298969,120.12,0.0,0.44
mlp512x1,bbb,0,val,standard,,,standard,standard,mlp512x1|bbb|s0|val|standard,0.075,0.075,0.05,0.1,0.0,0.09339911517459917,0.09339911517459917,0.0,0.0,0.0,0.0,0.017319587628865978,108.04,0.0,0.74
mlp512x1,bbb,1,val,robust,0.08,0.25,robust_eps0p08_lam0p25,"robust ($\epsilon_{train}=0.08$, $\lambda=0.25$)",mlp512x1|bbb|s1|val|robust_eps0p08_lam0p25,0.075,0.075,0.05,0.01,0.8879999999999998,0.963,0.07499999999999997,0.96,0.96,1.0,0.96,0.0,94.12,0.96,0.04
mlp512x1,bbb,1,val,robust,0.08,0.25,robust_eps0p08_lam0p25,"robust ($\epsilon_{train}=0.08$, $\lambda=0.25$)",mlp512x1|bbb|s1|val|robust_eps0p08_lam0p25,0.075,0.075,0.05,0.05,0.8850206557733021,0.963,0.07797934422669775,0.96,0.9570206557733023,1.0,0.96,0.0029793442266977904,98.2,0.96,0.04
mlp512x1,bbb,1,val,robust,0.08,0.25,robust_eps0p08_lam0p25,"robust ($\epsilon_{train}=0.08$, $\lambda=0.25$)",mlp512x1|bbb|s1|val|robust_eps0p08_lam0p25,0.075,0.075,0.05,0.07,0.7917170935080403,0.9363051750380518,0.1445880815300112,0.84,0.8584814247182316,1.0,0.84,0.06945606296973217,110.32,0.9,0.06
mlp512x1,bbb,1,val,robust,0.08,0.25,robust_eps0p08_lam0p25,"robust ($\epsilon_{train}=0.08$, $\lambda=0.25$)",mlp512x1|bbb|s1|val|robust_eps0p08_lam0p25,0.075,0.075,0.05,0.08,0.6896180845434771,0.9275659632234975,0.23794787868002043,0.74,0.7512950756939193,1.0,0.7,0.16664306863597744,126.86,0.84,0.08
mlp512x1,bbb,1,val,robust,0.08,0.25,robust_eps0p08_lam0p25,"robust ($\epsilon_{train}=0.08$, $\lambda=0.25$)",mlp512x1|bbb|s1|val|robust_eps0p08_lam0p25,0.075,0.075,0.05,0.1,0.5308812669494473,0.8689257001719111,0.33804443322246386,0.56,0.5779407075088878,1.0,0.54,0.2723685708416277,132.44,0.68,0.14
mlp512x1,bbb,1,val,standard,,,standard,standard,mlp512x1|bbb|s1|val|standard,0.075,0.075,0.05,0.01,0.8466460748848419,0.9658057553956835,0.11915968051084136,0.92,0.918646074884842,1.0,0.88,0.04328007499205209,121.9,0.96,0.02
mlp512x1,bbb,1,val,standard,,,standard,standard,mlp512x1|bbb|s1|val|standard,0.075,0.075,0.05,0.05,0.0,0.44524384295225744,0.44524384295225744,0.0,0.0,0.0,0.0,0.3855670103092783,196.38,0.18,0.08
mlp512x1,bbb,1,val,standard,,,standard,standard,mlp512x1|bbb|s1|val|standard,0.075,0.075,0.05,0.07,0.0,0.20801587076314532,0.20801587076314532,0.0,0.0,0.0,0.0,0.13649484536082473,127.16,0.02,0.32
mlp512x1,bbb,1,val,standard,,,standard,standard,mlp512x1|bbb|s1|val|standard,0.075,0.075,0.05,0.08,0.0,0.15557849485123912,0.15557849485123912,0.0,0.0,0.0,0.0,0.08082474226804123,122.14,0.0,0.52
mlp512x1,bbb,1,val,standard,,,standard,standard,mlp512x1|bbb|s1|val|standard,0.075,0.075,0.05,0.1,0.0,0.09340707578529106,0.09340707578529106,0.0,0.0,0.0,0.0,0.018969072164948454,106.32,0.0,0.78
mlp512x1,bbb,2,val,robust,0.08,0.25,robust_eps0p08_lam0p25,"robust ($\epsilon_{train}=0.08$, $\lambda=0.25$)",mlp512x1|bbb|s2|val|robust_eps0p08_lam0p25,0.075,0.075,0.05,0.01,0.8879999999999998,0.963,0.07499999999999997,0.96,0.96,1.0,0.96,0.0,94.12,0.96,0.04
mlp512x1,bbb,2,val,robust,0.08,0.25,robust_eps0p08_lam0p25,"robust ($\epsilon_{train}=0.08$, $\lambda=0.25$)",mlp512x1|bbb|s2|val|robust_eps0p08_lam0p25,0.075,0.075,0.05,0.05,0.8771315822546185,0.963,0.08586841774538138,0.94,0.9491315822546186,1.0,0.94,0.0105944451426417,98.38,0.96,0.04
mlp512x1,bbb,2,val,robust,0.08,0.25,robust_eps0p08_lam0p25,"robust ($\epsilon_{train}=0.08$, $\lambda=0.25$)",mlp512x1|bbb|s2|val|robust_eps0p08_lam0p25,0.075,0.075,0.05,0.07,0.8227002320789409,0.9411171011931065,0.11841686911416549,0.9,0.8905228127241023,1.0,0.88,0.04473491923466063,105.9,0.92,0.08
mlp512x1,bbb,2,val,robust,0.08,0.25,robust_eps0p08_lam0p25,"robust ($\epsilon_{train}=0.08$, $\lambda=0.25$)",mlp512x1|bbb|s2|val|robust_eps0p08_lam0p25,0.075,0.075,0.05,0.08,0.7284325789249442,0.9403835616438356,0.21195098271889123,0.78,0.7940723524564376,1.0,0.76,0.1398000451898807,120.42,0.9,0.08
mlp512x1,bbb,2,val,robust,0.08,0.25,robust_eps0p08_lam0p25,"robust ($\epsilon_{train}=0.08$, $\lambda=0.25$)",mlp512x1|bbb|s2|val|robust_eps0p08_lam0p25,0.075,0.075,0.05,0.1,0.5224539807165268,0.8836131563926939,0.3611591756761672,0.56,0.5688394267734638,0.9870795107033639,0.54,0.2941610348360145,141.14,0.7,0.12
mlp512x1,bbb,2,val,standard,,,standard,standard,mlp512x1|bbb|s2|val|standard,0.075,0.075,0.05,0.01,0.8604333202541344,0.963,0.10256667974586539,0.96,0.9324333202541345,1.0,0.86,0.026813255088331177,119.06,0.96,0.04
mlp512x1,bbb,2,val,standard,,,standard,standard,mlp512x1|bbb|s2|val|standard,0.075,0.075,0.05,0.05,0.0,0.4709084591933798,0.4709084591933798,0.0,0.0,0.0,0.0,0.4051546391752578,190.22,0.16,0.08
mlp512x1,bbb,2,val,standard,,,standard,standard,mlp512x1|bbb|s2|val|standard,0.075,0.075,0.05,0.07,0.0,0.1852023469338987,0.1852023469338987,0.0,0.0,0.0,0.0,0.11237113402061855,141.48,0.0,0.3
mlp512x1,bbb,2,val,standard,,,standard,standard,mlp512x1|bbb|s2|val|standard,0.075,0.075,0.05,0.08,0.0,0.12090903484202227,0.12090903484202227,0.0,0.0,0.0,0.0,0.04742268041237113,123.3,0.0,0.5
mlp512x1,bbb,2,val,standard,,,standard,standard,mlp512x1|bbb|s2|val|standard,0.075,0.075,0.05,0.1,0.0,0.08227167293316429,0.08227167293316429,0.0,0.0,0.0,0.0,0.007216494845360824,105.28,0.0,0.72
mlp512x1,bbb,3,val,robust,0.08,0.25,robust_eps0p08_lam0p25,"robust ($\epsilon_{train}=0.08$, $\lambda=0.25$)",mlp512x1|bbb|s3|val|robust_eps0p08_lam0p25,0.075,0.075,0.05,0.01,0.8879999999999998,0.963,0.07499999999999997,0.96,0.96,1.0,0.96,0.0,94.12,0.96,0.04
mlp512x1,bbb,3,val,robust,0.08,0.25,robust_eps0p08_lam0p25,"robust ($\epsilon_{train}=0.08$, $\lambda=0.25$)",mlp512x1|bbb|s3|val|robust_eps0p08_lam0p25,0.075,0.075,0.05,0.05,0.8693165137614679,0.9445,0.07518348623853206,0.94,0.9398165137614679,1.0,0.94,0.0001834862385321101,94.48,0.94,0.06
mlp512x1,bbb,3,val,robust,0.08,0.25,robust_eps0p08_lam0p25,"robust ($\epsilon_{train}=0.08$, $\lambda=0.25$)",mlp512x1|bbb|s3|val|robust_eps0p08_lam0p25,0.075,0.075,0.05,0.07,0.7799887830057574,0.9260252897787146,0.14603650677295701,0.84,0.8449365441997873,1.0,0.84,0.07201683324289626,110.32,0.86,0.06
mlp512x1,bbb,3,val,robust,0.08,0.25,robust_eps0p08_lam0p25,"robust ($\epsilon_{train}=0.08$, $\lambda=0.25$)",mlp512x1|bbb|s3|val|robust_eps0p08_lam0p25,0.075,0.075,0.05,0.08,0.7579831804281345,0.8935933407471941,0.13561016031905948,0.82,0.8196601715785771,1.0,0.82,0.0636387974935879,103.42,0.82,0.12
mlp512x1,bbb,3,val,robust,0.08,0.25,robust_eps0p08_lam0p25,"robust ($\epsilon_{train}=0.08$, $\lambda=0.25$)",mlp512x1|bbb|s3|val|robust_eps0p08_lam0p25,0.075,0.075,0.05,0.1,0.5699510722454033,0.8600090920111529,0.2900580197657495,0.62,0.6212439748841657,1.0,0.6,0.22034015568657686,132.1,0.76,0.16
mlp512x1,bbb,3,val,standard,,,standard,standard,mlp512x1|bbb|s3|val|standard,0.075,0.075,0.05,0.01,0.8554164860840683,0.9635594405594406,0.10814295447537212,0.92,0.9274164860840685,1.0,0.9,0.03287711118526513,115.22,0.96,0.04
mlp512x1,bbb,3,val,standard,,,standard,standard,mlp512x1|bbb|s3|val|standard,0.075,0.075,0.05,0.05,0.0,0.46701871386339583,0.46701871386339583,0.0,0.0,0.0,0.0,0.4043298969072165,186.26,0.18,0.08
mlp512x1,bbb,3,val,standard,,,standard,standard,mlp512x1|bbb|s3|val|standard,0.075,0.075,0.05,0.07,0.0,0.20991593065627534,0.20991593065627534,0.0,0.0,0.0,0.0,0.14,131.2,0.0,0.28
mlp512x1,bbb,3,val,standard,,,standard,standard,mlp512x1|bbb|s3|val|standard,0.075,0.075,0.05,0.08,0.0,0.16075034744521022,0.16075034744521022,0.0,0.0,0.0,0.0,0.08412371134020619,121.3,0.0,0.5
mlp512x1,bbb,3,val,standard,,,standard,standard,mlp512x1|bbb|s3|val|standard,0.075,0.075,0.05,0.1,0.0,0.09507939970334174,0.09507939970334174,0.0,0.0,0.0,0.0,0.021443298969072166,109.9,0.0,0.74
mlp512x1,bbb,4,val,robust,0.08,0.25,robust_eps0p08_lam0p25,"robust ($\epsilon_{train}=0.08$, $\lambda=0.25$)",mlp512x1|bbb|s4|val|robust_eps0p08_lam0p25,0.075,0.075,0.05,0.01,0.8879999999999998,0.963,0.07499999999999997,0.96,0.96,1.0,0.96,0.0,94.12,0.96,0.04
mlp512x1,bbb,4,val,robust,0.08,0.25,robust_eps0p08_lam0p25,"robust ($\epsilon_{train}=0.08$, $\lambda=0.25$)",mlp512x1|bbb|s4|val|robust_eps0p08_lam0p25,0.075,0.075,0.05,0.05,0.8640890410958904,0.9459705882352941,0.08188154713940367,0.94,0.9345890410958905,1.0,0.92,0.007266629007202373,100.28,0.94,0.06
mlp512x1,bbb,4,val,robust,0.08,0.25,robust_eps0p08_lam0p25,"robust ($\epsilon_{train}=0.08$, $\lambda=0.25$)",mlp512x1|bbb|s4|val|robust_eps0p08_lam0p25,0.075,0.075,0.05,0.07,0.7738173515981734,0.9201513477684489,0.1463339961702754,0.84,0.8402651127922034,1.0,0.82,0.07279518942499759,109.96,0.9,0.08
mlp512x1,bbb,4,val,robust,0.08,0.25,robust_eps0p08_lam0p25,"robust ($\epsilon_{train}=0.08$, $\lambda=0.25$)",mlp512x1|bbb|s4|val|robust_eps0p08_lam0p25,0.075,0.075,0.05,0.08,0.742404109589041,0.8952208242695044,0.15281671468046323,0.8,0.8045707762557077,1.0,0.78,0.08161479075460151,110.14,0.84,0.1
mlp512x1,bbb,4,val,robust,0.08,0.25,robust_eps0p08_lam0p25,"robust ($\epsilon_{train}=0.08$, $\lambda=0.25$)",mlp512x1|bbb|s4|val|robust_eps0p08_lam0p25,0.075,0.075,0.05,0.1,0.5550516724317357,0.8755543953763132,0.3205027229445775,0.6,0.6045516724317356,1.0,0.58,0.258541111073419,119.0,0.72,0.14
mlp512x1,bbb,4,val,standard,,,standard,standard,mlp512x1|bbb|s4|val|standard,0.075,0.075,0.05,0.01,0.8279103039593844,0.9622777777777778,0.1343674738183934,0.88,0.8999103039593842,1.0,0.86,0.055991362428854885,120.18,0.96,0.04
mlp512x1,bbb,4,val,standard,,,standard,standard,mlp512x1|bbb|s4|val|standard,0.075,0.075,0.05,0.05,0.0,0.4604664796248992,0.4604664796248992,0.0,0.0,0.0,0.0,0.3983505154639175,188.38,0.16,0.12
mlp512x1,bbb,4,val,standard,,,standard,standard,mlp512x1|bbb|s4|val|standard,0.075,0.075,0.05,0.07,0.0,0.18835269172376695,0.18835269172376695,0.0,0.0,0.0,0.0,0.11278350515463917,139.1,0.0,0.32
mlp512x1,bbb,4,val,standard,,,standard,standard,mlp512x1|bbb|s4|val|standard,0.075,0.075,0.05,0.08,0.0,0.1374791530622969,0.1374791530622969,0.0,0.0,0.0,0.0,0.059381443298969064,121.1,0.0,0.54
mlp512x1,bbb,4,val,standard,,,standard,standard,mlp512x1|bbb|s4|val|standard,0.075,0.075,0.05,0.1,0.0,0.08392333013000584,0.08392333013000584,0.0,0.0,0.0,0.0,0.008453608247422681,107.06,0.0,0.68
mlp512x1,deterministic,0,val,robust,0.08,0.25,robust_eps0p08_lam0p25,"robust ($\epsilon_{train}=0.08$, $\lambda=0.25$)",mlp512x1|deterministic|s0|val|robust_eps0p08_lam0p25,0.075,0.075,0.05,0.01,0.8879999999999998,0.963,0.07499999999999997,0.96,0.96,1.0,0.96,0.0,94.12,0.96,0.04
mlp512x1,deterministic,0,val,robust,0.08,0.25,robust_eps0p08_lam0p25,"robust ($\epsilon_{train}=0.08$, $\lambda=0.25$)",mlp512x1|deterministic|s0|val|robust_eps0p08_lam0p25,0.075,0.075,0.05,0.05,0.8879999999999998,0.963,0.07499999999999997,0.96,0.96,1.0,0.96,0.0,94.12,0.96,0.04
mlp512x1,deterministic,0,val,robust,0.08,0.25,robust_eps0p08_lam0p25,"robust ($\epsilon_{train}=0.08$, $\lambda=0.25$)",mlp512x1|deterministic|s0|val|robust_eps0p08_lam0p25,0.075,0.075,0.05,0.07,0.8879999999999998,0.963,0.07499999999999997,0.96,0.96,1.0,0.96,0.0,94.12,0.96,0.04
mlp512x1,deterministic,0,val,robust,0.08,0.25,robust_eps0p08_lam0p25,"robust ($\epsilon_{train}=0.08$, $\lambda=0.25$)",mlp512x1|deterministic|s0|val|robust_eps0p08_lam0p25,0.075,0.075,0.05,0.08,0.851,0.963,0.11199999999999996,0.92,0.92,1.0,0.92,0.04,94.24,0.92,0.04
mlp512x1,deterministic,0,val,robust,0.08,0.25,robust_eps0p08_lam0p25,"robust ($\epsilon_{train}=0.08$, $\lambda=0.25$)",mlp512x1|deterministic|s0|val|robust_eps0p08_lam0p25,0.075,0.075,0.05,0.1,0.7214999999999999,0.9445,0.22299999999999998,0.78,0.78,1.0,0.78,0.16,94.66,0.78,0.06
mlp512x1,deterministic,0,val,standard,,,standard,standard,mlp512x1|deterministic|s0|val|standard,0.075,0.075,0.05,0.01,0.8694999999999999,0.963,0.09349999999999996,0.94,0.94,1.0,0.94,0.02,94.18,0.94,0.04
mlp512x1,deterministic,0,val,standard,,,standard,standard,mlp512x1|deterministic|s0|val|standard,0.075,0.075,0.05,0.05,0.0,0.5655205479452055,0.5655205479452055,0.0,0.0,0.0,0.0,0.528659793814433,104.8,0.0,0.46
mlp512x1,deterministic,0,val,standard,,,standard,standard,mlp512x1|deterministic|s0|val|standard,0.075,0.075,0.05,0.07,0.0,0.22299999999999995,0.22299999999999995,0.0,0.0,0.0,0.0,0.16,97.0,0.0,0.84
mlp512x1,deterministic,0,val,standard,,,standard,standard,mlp512x1|deterministic|s0|val|standard,0.075,0.075,0.05,0.08,0.0,0.16749999999999993,0.16749999999999993,0.0,0.0,0.0,0.0,0.1,97.0,0.0,0.9
mlp512x1,deterministic,0,val,standard,,,standard,standard,mlp512x1|deterministic|s0|val|standard,0.075,0.075,0.05,0.1,0.0,0.11199999999999996,0.11199999999999996,0.0,0.0,0.0,0.0,0.04,97.0,0.0,0.96
mlp512x1,deterministic,1,val,robust,0.08,0.25,robust_eps0p08_lam0p25,"robust ($\epsilon_{train}=0.08$, $\lambda=0.25$)",mlp512x1|deterministic|s1|val|robust_eps0p08_lam0p25,0.075,0.075,0.05,0.01,0.8879999999999998,0.963,0.07499999999999997,0.96,0.96,1.0,0.96,0.0,94.12,0.96,0.04
mlp512x1,deterministic,1,val,robust,0.08,0.25,robust_eps0p08_lam0p25,"robust ($\epsilon_{train}=0.08$, $\lambda=0.25$)",mlp512x1|deterministic|s1|val|robust_eps0p08_lam0p25,0.075,0.075,0.05,0.05,0.8694999999999999,0.963,0.09349999999999996,0.94,0.94,1.0,0.94,0.02,94.18,0.94,0.04
mlp512x1,deterministic,1,val,robust,0.08,0.25,robust_eps0p08_lam0p25,"robust ($\epsilon_{train}=0.08$, $\lambda=0.25$)",mlp512x1|deterministic|s1|val|robust_eps0p08_lam0p25,0.075,0.075,0.05,0.07,0.8324999999999999,0.9445,0.11199999999999996,0.9,0.9,1.0,0.9,0.04,94.3,0.9,0.06
mlp512x1,deterministic,1,val,robust,0.08,0.25,robust_eps0p08_lam0p25,"robust ($\epsilon_{train}=0.08$, $\lambda=0.25$)",mlp512x1|deterministic|s1|val|robust_eps0p08_lam0p25,0.075,0.075,0.05,0.08,0.7954999999999999,0.9445,0.14899999999999997,0.86,0.86,1.0,0.86,0.07814432989690723,96.44,0.86,0.06
mlp512x1,deterministic,1,val,robust,0.08,0.25,robust_eps0p08_lam0p25,"robust ($\epsilon_{train}=0.08$, $\lambda=0.25$)",mlp512x1|deterministic|s1|val|robust_eps0p08_lam0p25,0.075,0.075,0.05,0.1,0.6659999999999999,0.9247307692307691,0.2587307692307692,0.72,0.72,1.0,0.72,0.19711340206185568,98.1,0.72,0.08
mlp512x1,deterministic,1,val,standard,,,standard,standard,mlp512x1|deterministic|s1|val|standard,0.075,0.075,0.05,0.01,0.8879999999999998,0.963,0.07499999999999997,0.96,0.96,1.0,0.96,0.0,94.12,0.96,0.04
mlp512x1,deterministic,1,val,standard,,,standard,standard,mlp512x1|deterministic|s1|val|standard,0.075,0.075,0.05,0.05,0.0,0.49487671232876707,0.49487671232876707,0.0,0.0,0.0,0.0,0.4523711340206185,100.9,0.0,0.54
mlp512x1,deterministic,1,val,standard,,,standard,standard,mlp512x1|deterministic|s1|val|standard,0.075,0.075,0.05,0.07,0.0,0.27849999999999997,0.27849999999999997,0.0,0.0,0.0,0.0,0.21896907216494846,98.56,0.0,0.78
mlp512x1,deterministic,1,val,standard,,,standard,standard,mlp512x1|deterministic|s1|val|standard,0.075,0.075,0.05,0.08,0.0,0.16749999999999993,0.16749999999999993,0.0,0.0,0.0,0.0,0.09855670103092784,98.64,0.0,0.9
mlp512x1,deterministic,1,val,standard,,,standard,standard,mlp512x1|deterministic|s1|val|standard,0.075,0.075,0.05,0.1,0.0,0.09349999999999996,0.09349999999999996,0.0,0.0,0.0,0.0,0.02,97.0,0.0,0.98
mlp512x1,deterministic,2,val,robust,0.08,0.25,robust_eps0p08_lam0p25,"robust ($\epsilon_{train}=0.08$, $\lambda=0.25$)",mlp512x1|deterministic|s2|val|robust_eps0p08_lam0p25,0.075,0.075,0.05,0.01,0.8879999999999998,0.963,0.07499999999999997,0.96,0.96,1.0,0.96,0.0,94.12,0.96,0.04
mlp512x1,deterministic,2,val,robust,0.08,0.25,robust_eps0p08_lam0p25,"robust ($\epsilon_{train}=0.08$, $\lambda=0.25$)",mlp512x1|deterministic|s2|val|robust_eps0p08_lam0p25,0.075,0.075,0.05,0.05,0.8694999999999999,0.9445,0.07499999999999997,0.94,0.94,1.0,0.94,0.0,94.18,0.94,0.06
mlp512x1,deterministic,2,val,robust,0.08,0.25,robust_eps0p08_lam0p25,"robust ($\epsilon_{train}=0.08$, $\lambda=0.25$)",mlp512x1|deterministic|s2|val|robust_eps0p08_lam0p25,0.075,0.075,0.05,0.07,0.8694999999999999,0.9445,0.07499999999999997,0.94,0.94,1.0,0.94,0.0,94.18,0.94,0.06
mlp512x1,deterministic,2,val,robust,0.08,0.25,robust_eps0p08_lam0p25,"robust ($\epsilon_{train}=0.08$, $\lambda=0.25$)",mlp512x1|deterministic|s2|val|robust_eps0p08_lam0p25,0.075,0.075,0.05,0.08,0.8694999999999999,0.9445,0.07499999999999997,0.94,0.94,1.0,0.94,0.0,94.18,0.94,0.06
mlp512x1,deterministic,2,val,robust,0.08,0.25,robust_eps0p08_lam0p25,"robust ($\epsilon_{train}=0.08$, $\lambda=0.25$)",mlp512x1|deterministic|s2|val|robust_eps0p08_lam0p25,0.075,0.075,0.05,0.1,0.703,0.9259999999999999,0.22299999999999998,0.76,0.76,1.0,0.76,0.16,94.72,0.76,0.08
mlp512x1,deterministic,2,val,standard,,,standard,standard,mlp512x1|deterministic|s2|val|standard,0.075,0.075,0.05,0.01,0.851,0.963,0.11199999999999996,0.92,0.92,1.0,0.92,0.04,94.24,0.92,0.04
mlp512x1,deterministic,2,val,standard,,,standard,standard,mlp512x1|deterministic|s2|val|standard,0.075,0.075,0.05,0.05,0.018500000000000003,0.5745,0.556,0.02,0.02,0.0,0.02,0.52,96.94,0.02,0.46
mlp512x1,deterministic,2,val,standard,,,standard,standard,mlp512x1|deterministic|s2|val|standard,0.075,0.075,0.05,0.07,0.0,0.31549999999999995,0.31549999999999995,0.0,0.0,0.0,0.0,0.26,97.0,0.0,0.74
mlp512x1,deterministic,2,val,standard,,,standard,standard,mlp512x1|deterministic|s2|val|standard,0.075,0.075,0.05,0.08,0.0,0.22299999999999995,0.22299999999999995,0.0,0.0,0.0,0.0,0.16,97.0,0.0,0.84
mlp512x1,deterministic,2,val,standard,,,standard,standard,mlp512x1|deterministic|s2|val|standard,0.075,0.075,0.05,0.1,0.0,0.09349999999999996,0.09349999999999996,0.0,0.0,0.0,0.0,0.02,97.0,0.0,0.98
mlp512x1,deterministic,3,val,robust,0.08,0.25,robust_eps0p08_lam0p25,"robust ($\epsilon_{train}=0.08$, $\lambda=0.25$)",mlp512x1|deterministic|s3|val|robust_eps0p08_lam0p25,0.075,0.075,0.05,0.01,0.8879999999999998,0.963,0.07499999999999997,0.96,0.96,1.0,0.96,0.0,94.12,0.96,0.04
mlp512x1,deterministic,3,val,robust,0.08,0.25,robust_eps0p08_lam0p25,"robust ($\epsilon_{train}=0.08$, $\lambda=0.25$)",mlp512x1|deterministic|s3|val|robust_eps0p08_lam0p25,0.075,0.075,0.05,0.05,0.8879999999999998,0.963,0.07499999999999997,0.96,0.96,1.0,0.96,0.0,94.12,0.96,0.04
mlp512x1,deterministic,3,val,robust,0.08,0.25,robust_eps0p08_lam0p25,"robust ($\epsilon_{train}=0.08$, $\lambda=0.25$)",mlp512x1|deterministic|s3|val|robust_eps0p08_lam0p25,0.075,0.075,0.05,0.07,0.8324999999999999,0.9445,0.11199999999999996,0.9,0.9,1.0,0.9,0.04,94.3,0.9,0.06
mlp512x1,deterministic,3,val,robust,0.08,0.25,robust_eps0p08_lam0p25,"robust ($\epsilon_{train}=0.08$, $\lambda=0.25$)",mlp512x1|deterministic|s3|val|robust_eps0p08_lam0p25,0.075,0.075,0.05,0.08,0.8324999999999999,0.9445,0.11199999999999996,0.9,0.9,1.0,0.9,0.04,94.3,0.9,0.06
mlp512x1,deterministic,3,val,robust,0.08,0.25,robust_eps0p08_lam0p25,"robust ($\epsilon_{train}=0.08$, $\lambda=0.25$)",mlp512x1|deterministic|s3|val|robust_eps0p08_lam0p25,0.075,0.075,0.05,0.1,0.6844999999999999,0.9060180420982291,0.22151804209822912,0.74,0.74,1.0,0.74,0.15649484536082475,100.68,0.74,0.1
mlp512x1,deterministic,3,val,standard,,,standard,standard,mlp512x1|deterministic|s3|val|standard,0.075,0.075,0.05,0.01,0.8879999999999998,0.963,0.07499999999999997,0.96,0.96,1.0,0.96,0.0,94.12,0.96,0.04
mlp512x1,deterministic,3,val,standard,,,standard,standard,mlp512x1|deterministic|s3|val|standard,0.075,0.075,0.05,0.05,0.018500000000000003,0.5557075471698113,0.5372075471698112,0.02,0.02,0.0,0.02,0.4983505154639175,99.24,0.02,0.48
mlp512x1,deterministic,3,val,standard,,,standard,standard,mlp512x1|deterministic|s3|val|standard,0.075,0.075,0.05,0.07,0.0,0.27849999999999997,0.27849999999999997,0.0,0.0,0.0,0.0,0.22,97.0,0.0,0.78
mlp512x1,deterministic,3,val,standard,,,standard,standard,mlp512x1|deterministic|s3|val|standard,0.075,0.075,0.05,0.08,0.0,0.18599999999999994,0.18599999999999994,0.0,0.0,0.0,0.0,0.12,97.0,0.0,0.88
mlp512x1,deterministic,3,val,standard,,,standard,standard,mlp512x1|deterministic|s3|val|standard,0.075,0.075,0.05,0.1,0.0,0.11199999999999996,0.11199999999999996,0.0,0.0,0.0,0.0,0.04,97.0,0.0,0.96
mlp512x1,deterministic,4,val,robust,0.08,0.25,robust_eps0p08_lam0p25,"robust ($\epsilon_{train}=0.08$, $\lambda=0.25$)",mlp512x1|deterministic|s4|val|robust_eps0p08_lam0p25,0.075,0.075,0.05,0.01,0.8879999999999998,0.963,0.07499999999999997,0.96,0.96,1.0,0.96,0.0,94.12,0.96,0.04
mlp512x1,deterministic,4,val,robust,0.08,0.25,robust_eps0p08_lam0p25,"robust ($\epsilon_{train}=0.08$, $\lambda=0.25$)",mlp512x1|deterministic|s4|val|robust_eps0p08_lam0p25,0.075,0.075,0.05,0.05,0.8694999999999999,0.963,0.09349999999999996,0.94,0.94,1.0,0.94,0.02,94.18,0.94,0.04
mlp512x1,deterministic,4,val,robust,0.08,0.25,robust_eps0p08_lam0p25,"robust ($\epsilon_{train}=0.08$, $\lambda=0.25$)",mlp512x1|deterministic|s4|val|robust_eps0p08_lam0p25,0.075,0.075,0.05,0.07,0.8694999999999999,0.9445,0.07499999999999997,0.94,0.94,1.0,0.94,0.0,94.18,0.94,0.06
mlp512x1,deterministic,4,val,robust,0.08,0.25,robust_eps0p08_lam0p25,"robust ($\epsilon_{train}=0.08$, $\lambda=0.25$)",mlp512x1|deterministic|s4|val|robust_eps0p08_lam0p25,0.075,0.075,0.05,0.08,0.8139999999999997,0.9445,0.13049999999999998,0.88,0.88,1.0,0.88,0.06,94.36,0.88,0.06
mlp512x1,deterministic,4,val,robust,0.08,0.25,robust_eps0p08_lam0p25,"robust ($\epsilon_{train}=0.08$, $\lambda=0.25$)",mlp512x1|deterministic|s4|val|robust_eps0p08_lam0p25,0.075,0.075,0.05,0.1,0.74,0.9075,0.16749999999999995,0.8,0.8,1.0,0.8,0.1,94.6,0.8,0.1
mlp512x1,deterministic,4,val,standard,,,standard,standard,mlp512x1|deterministic|s4|val|standard,0.075,0.075,0.05,0.01,0.8879999999999998,0.963,0.07499999999999997,0.96,0.96,1.0,0.96,0.0,94.12,0.96,0.04
mlp512x1,deterministic,4,val,standard,,,standard,standard,mlp512x1|deterministic|s4|val|standard,0.075,0.075,0.05,0.05,0.0,0.5929079601990049,0.5929079601990049,0.0,0.0,0.0,0.0,0.5581443298969072,99.08,0.0,0.44
mlp512x1,deterministic,4,val,standard,,,standard,standard,mlp512x1|deterministic|s4|val|standard,0.075,0.075,0.05,0.07,0.0,0.2985384615384615,0.2985384615384615,0.0,0.0,0.0,0.0,0.24144329896907216,99.22,0.0,0.76
mlp512x1,deterministic,4,val,standard,,,standard,standard,mlp512x1|deterministic|s4|val|standard,0.075,0.075,0.05,0.08,0.0,0.15783561643835614,0.15783561643835614,0.0,0.0,0.0,0.0,0.08804123711340207,100.9,0.0,0.92
mlp512x1,deterministic,4,val,standard,,,standard,standard,mlp512x1|deterministic|s4|val|standard,0.075,0.075,0.05,0.1,0.0,0.09349999999999996,0.09349999999999996,0.0,0.0,0.0,0.0,0.02,97.0,0.0,0.98
mlp512x1,mc_dropout,0,val,robust,0.08,0.25,robust_eps0p08_lam0p25,"robust ($\epsilon_{train}=0.08$, $\lambda=0.25$)",mlp512x1|mc_dropout|s0|val|robust_eps0p08_lam0p25,0.075,0.075,0.05,0.01,0.8871162079510704,0.963,0.07588379204892963,0.96,0.9591162079510702,1.0,0.96,0.00016666666666666666,95.54,0.96,0.04
mlp512x1,mc_dropout,0,val,robust,0.08,0.25,robust_eps0p08_lam0p25,"robust ($\epsilon_{train}=0.08$, $\lambda=0.25$)",mlp512x1|mc_dropout|s0|val|robust_eps0p08_lam0p25,0.075,0.075,0.05,0.05,0.8600972070600562,0.958994471367708,0.09889726430765146,0.92,0.9320972070600564,1.0,0.88,0.01658675227340028,112.82,0.96,0.04
mlp512x1,mc_dropout,0,val,robust,0.08,0.25,robust_eps0p08_lam0p25,"robust ($\epsilon_{train}=0.08$, $\lambda=0.25$)",mlp512x1|mc_dropout|s0|val|robust_eps0p08_lam0p25,0.075,0.075,0.05,0.07,0.8100545053573319,0.9419757408721279,0.13192123551479587,0.88,0.8820545053573321,1.0,0.82,0.044450394167961454,129.84,0.9,0.06
mlp512x1,mc_dropout,0,val,robust,0.08,0.25,robust_eps0p08_lam0p25,"robust ($\epsilon_{train}=0.08$, $\lambda=0.25$)",mlp512x1|mc_dropout|s0|val|robust_eps0p08_lam0p25,0.075,0.075,0.05,0.08,0.7720121529722037,0.9284201197077909,0.15640796673558718,0.86,0.8417922318676672,1.0,0.74,0.07132167966032184,142.64,0.88,0.1
mlp512x1,mc_dropout,0,val,robust,0.08,0.25,robust_eps0p08_lam0p25,"robust ($\epsilon_{train}=0.08$, $\lambda=0.25$)",mlp512x1|mc_dropout|s0|val|robust_eps0p08_lam0p25,0.075,0.075,0.05,0.1,0.6365080931334337,0.9012506151870164,0.26474252205358245,0.68,0.70147381952443,0.9534578573633837,0.56,0.17376612159669647,174.4,0.72,0.1
mlp512x1,mc_dropout,0,val,standard,,,standard,standard,mlp512x1|mc_dropout|s0|val|standard,0.075,0.075,0.05,0.01,0.8538129360576057,0.9455075919808575,0.09169465592325182,0.94,0.9244899272080482,1.0,0.9,0.01434758383896563,114.66,0.94,0.06
mlp512x1,mc_dropout,0,val,standard,,,standard,standard,mlp512x1|mc_dropout|s0|val|standard,0.075,0.075,0.05,0.05,0.009184931506849316,0.6496513171694173,0.6404663856625681,0.0,0.010684931506849316,0.0,0.0,0.5684903262251094,211.12,0.02,0.3
mlp512x1,mc_dropout,0,val,standard,,,standard,standard,mlp512x1|mc_dropout|s0|val|standard,0.075,0.075,0.05,0.07,0.0,0.34738070287574396,0.34738070287574396,0.0,0.0,0.0,0.0,0.2771134020618557,182.5,0.0,0.68
mlp512x1,mc_dropout,0,val,standard,,,standard,standard,mlp512x1|mc_dropout|s0|val|standard,0.075,0.075,0.05,0.08,0.0,0.2460419079797553,0.2460419079797553,0.0,0.0,0.0,0.0,0.17463917525773195,162.74,0.0,0.76
mlp512x1,mc_dropout,0,val,standard,,,standard,standard,mlp512x1|mc_dropout|s0|val|standard,0.075,0.075,0.05,0.1,0.0,0.13378825077775255,0.13378825077775255,0.0,0.0,0.0,0.0,0.06206185567010308,136.02,0.0,0.94
mlp512x1,mc_dropout,1,val,robust,0.08,0.25,robust_eps0p08_lam0p25,"robust ($\epsilon_{train}=0.08$, $\lambda=0.25$)",mlp512x1|mc_dropout|s1|val|robust_eps0p08_lam0p25,0.075,0.075,0.05,0.01,0.8867709497206704,0.9636666666666668,0.07689571694599623,0.96,0.9593303902801109,1.0,0.96,0.00013986013986013986,96.88,0.96,0.04
mlp512x1,mc_dropout,1,val,robust,0.08,0.25,robust_eps0p08_lam0p25,"robust ($\epsilon_{train}=0.08$, $\lambda=0.25$)",mlp512x1|mc_dropout|s1|val|robust_eps0p08_lam0p25,0.075,0.075,0.05,0.05,0.8569418193678302,0.9472328767123287,0.09029105734449835,0.92,0.9289418193678304,1.0,0.88,0.00951160988506538,110.98,0.92,0.04
mlp512x1,mc_dropout,1,val,robust,0.08,0.25,robust_eps0p08_lam0p25,"robust ($\epsilon_{train}=0.08$, $\lambda=0.25$)",mlp512x1|mc_dropout|s1|val|robust_eps0p08_lam0p25,0.075,0.075,0.05,0.07,0.8038877849266325,0.9311765305095085,0.12728874558287592,0.88,0.8747103833808099,1.0,0.8,0.04269343265578457,133.52,0.88,0.08
mlp512x1,mc_dropout,1,val,robust,0.08,0.25,robust_eps0p08_lam0p25,"robust ($\epsilon_{train}=0.08$, $\lambda=0.25$)",mlp512x1|mc_dropout|s1|val|robust_eps0p08_lam0p25,0.075,0.075,0.05,0.08,0.7594145098995493,0.9225444080816225,0.16312989818207327,0.82,0.8285915010499919,0.9954128440366973,0.74,0.07559423721598046,145.6,0.86,0.08
mlp512x1,mc_dropout,1,val,robust,0.08,0.25,robust_eps0p08_lam0p25,"robust ($\epsilon_{train}=0.08$, $\lambda=0.25$)",mlp512x1|mc_dropout|s1|val|robust_eps0p08_lam0p25,0.075,0.075,0.05,0.1,0.6207596297530891,0.8899421405078207,0.2691825107547317,0.68,0.6864488189422783,0.8791047283110776,0.48,0.17364330015049398,188.06,0.76,0.12
mlp512x1,mc_dropout,1,val,standard,,,standard,standard,mlp512x1|mc_dropout|s1|val|standard,0.075,0.075,0.05,0.01,0.8654025585774073,0.9650983233227923,0.0996957647453849,0.96,0.9375795497278497,1.0,0.9,0.020529103853233498,121.86,0.96,0.04
mlp512x1,mc_dropout,1,val,standard,,,standard,standard,mlp512x1|mc_dropout|s1|val|standard,0.075,0.075,0.05,0.05,0.005623287671232877,0.5714788793679039,0.5658555916966709,0.0,0.007123287671232876,0.0,0.0,0.5083406298545403,198.62,0.02,0.42
mlp512x1,mc_dropout,1,val,standard,,,standard,standard,mlp512x1|mc_dropout|s1|val|standard,0.075,0.075,0.05,0.07,0.0,0.3049369617247302,0.3049369617247302,0.0,0.0,0.0,0.0,0.23773195876288658,185.88,0.0,0.68
mlp512x1,mc_dropout,1,val,standard,,,standard,standard,mlp512x1|mc_dropout|s1|val|standard,0.075,0.075,0.05,0.08,0.0,0.2064166155301351,0.2064166155301351,0.0,0.0,0.0,0.0,0.13731958762886598,161.76,0.0,0.8
mlp512x1,mc_dropout,1,val,standard,,,standard,standard,mlp512x1|mc_dropout|s1|val|standard,0.075,0.075,0.05,0.1,0.0,0.11587970699828898,0.11587970699828898,0.0,0.0,0.0,0.0,0.04164948453608247,119.52,0.0,0.96
mlp512x1,mc_dropout,2,val,robust,0.08,0.25,robust_eps0p08_lam0p25,"robust ($\epsilon_{train}=0.08$, $\lambda=0.25$)",mlp512x1|mc_dropout|s2|val|robust_eps0p08_lam0p25,0.075,0.075,0.05,0.01,0.8874831804281346,0.963,0.0755168195718654,0.96,0.9594831804281345,1.0,0.96,0.0,94.94,0.96,0.04
mlp512x1,mc_dropout,2,val,robust,0.08,0.25,robust_eps0p08_lam0p25,"robust ($\epsilon_{train}=0.08$, $\lambda=0.25$)",mlp512x1|mc_dropout|s2|val|robust_eps0p08_lam0p25,0.075,0.075,0.05,0.05,0.8741032205161493,0.9625180180180181,0.08841479750186856,0.96,0.9461032205161493,1.0,0.92,0.007957686780354406,111.82,0.96,0.04
mlp512x1,mc_dropout,2,val,robust,0.08,0.25,robust_eps0p08_lam0p25,"robust ($\epsilon_{train}=0.08$, $\lambda=0.25$)",mlp512x1|mc_dropout|s2|val|robust_eps0p08_lam0p25,0.075,0.075,0.05,0.07,0.8240111991265566,0.9525781421857813,0.12856694305922484,0.9,0.8960111991265566,1.0,0.8,0.04351030429870381,130.86,0.96,0.04
mlp512x1,mc_dropout,2,val,robust,0.08,0.25,robust_eps0p08_lam0p25,"robust ($\epsilon_{train}=0.08$, $\lambda=0.25$)",mlp512x1|mc_dropout|s2|val|robust_eps0p08_lam0p25,0.075,0.075,0.05,0.08,0.7757062599379535,0.9439636459430979,0.16825738600514442,0.8,0.8477062599379537,1.0,0.76,0.07995420167724865,142.4,0.86,0.04
mlp512x1,mc_dropout,2,val,robust,0.08,0.25,robust_eps0p08_lam0p25,"robust ($\epsilon_{train}=0.08$, $\lambda=0.25$)",mlp512x1|mc_dropout|s2|val|robust_eps0p08_lam0p25,0.075,0.075,0.05,0.1,0.6214717124485948,0.9047164556652478,0.283244743216653,0.68,0.6847616068248437,0.9294727479918842,0.54,0.19559547337592684,185.98,0.76,0.08
mlp512x1,mc_dropout,2,val,standard,,,standard,standard,mlp512x1|mc_dropout|s2|val|standard,0.075,0.075,0.05,0.01,0.8662080507355231,0.9612375886524822,0.09502953791695903,0.94,0.9382080507355233,1.0,0.92,0.015680468373912886,113.6,0.96,0.04
mlp512x1,mc_dropout,2,val,standard,,,standard,standard,mlp512x1|mc_dropout|s2|val|standard,0.075,0.075,0.05,0.05,0.001856164383561645,0.630580489053039,0.6287243246694774,0.0,0.003356164383561644,0.0,0.0,0.5661283716989126,221.78,0.0,0.3
mlp512x1,mc_dropout,2,val,standard,,,standard,standard,mlp512x1|mc_dropout|s2|val|standard,0.075,0.075,0.05,0.07,0.0,0.30335003759550466,0.30335003759550466,0.0,0.0,0.0,0.0,0.24061855670103094,182.36,0.0,0.72
mlp512x1,mc_dropout,2,val,standard,,,standard,standard,mlp512x1|mc_dropout|s2|val|standard,0.075,0.075,0.05,0.08,0.0,0.21814352489455094,0.21814352489455094,0.0,0.0,0.0,0.0,0.15319587628865977,153.68,0.0,0.88
mlp512x1,mc_dropout,2,val,standard,,,standard,standard,mlp512x1|mc_dropout|s2|val|standard,0.075,0.075,0.05,0.1,0.0,0.1379703588229123,0.1379703588229123,0.0,0.0,0.0,0.0,0.06412371134020618,126.94,0.0,0.92
mlp512x1,mc_dropout,3,val,robust,0.08,0.25,robust_eps0p08_lam0p25,"robust ($\epsilon_{train}=0.08$, $\lambda=0.25$)",mlp512x1|mc_dropout|s3|val|robust_eps0p08_lam0p25,0.075,0.075,0.05,0.01,0.8878165137614679,0.963,0.07518348623853206,0.96,0.9598165137614678,1.0,0.96,0.0,94.42,0.96,0.04
mlp512x1,mc_dropout,3,val,robust,0.08,0.25,robust_eps0p08_lam0p25,"robust ($\epsilon_{train}=0.08$, $\lambda=0.25$)",mlp512x1|mc_dropout|s3|val|robust_eps0p08_lam0p25,0.075,0.075,0.05,0.05,0.8700174772590684,0.9608439379550491,0.09082646069598063,0.96,0.9420174772590683,1.0,0.9,0.010709964726551134,114.46,0.96,0.04
mlp512x1,mc_dropout,3,val,robust,0.08,0.25,robust_eps0p08_lam0p25,"robust ($\epsilon_{train}=0.08$, $\lambda=0.25$)",mlp512x1|mc_dropout|s3|val|robust_eps0p08_lam0p25,0.075,0.075,0.05,0.07,0.8130267084126643,0.9493427952258975,0.13631608681323315,0.84,0.8850267084126644,1.0,0.82,0.05029921984680863,132.32,0.92,0.04
mlp512x1,mc_dropout,3,val,robust,0.08,0.25,robust_eps0p08_lam0p25,"robust ($\epsilon_{train}=0.08$, $\lambda=0.25$)",mlp512x1|mc_dropout|s3|val|robust_eps0p08_lam0p25,0.075,0.075,0.05,0.08,0.767002730967269,0.9364363385366888,0.16943360756941978,0.82,0.8390027309672691,0.9954128440366973,0.72,0.07994662446403274,145.66,0.82,0.04
mlp512x1,mc_dropout,3,val,robust,0.08,0.25,robust_eps0p08_lam0p25,"robust ($\epsilon_{train}=0.08$, $\lambda=0.25$)",mlp512x1|mc_dropout|s3|val|robust_eps0p08_lam0p25,0.075,0.075,0.05,0.1,0.6446754388137813,0.9042394167492054,0.25956397793542396,0.68,0.7101370863776671,0.9371033510132752,0.54,0.16834515225134525,183.14,0.76,0.1
mlp512x1,mc_dropout,3,val,standard,,,standard,standard,mlp512x1|mc_dropout|s3|val|standard,0.075,0.075,0.05,0.01,0.8663897914923361,0.9607778232127037,0.09438803172036733,0.94,0.9383897914923364,1.0,0.9,0.015162302927570957,112.36,0.96,0.04
mlp512x1,mc_dropout,3,val,standard,,,standard,standard,mlp512x1|mc_dropout|s3|val|standard,0.075,0.075,0.05,0.05,0.0038424657534246575,0.6477750840877835,0.6439326183343589,0.0,0.005342465753424657,0.0,0.0,0.5866162971331733,209.36,0.02,0.3
mlp512x1,mc_dropout,3,val,standard,,,standard,standard,mlp512x1|mc_dropout|s3|val|standard,0.075,0.075,0.05,0.07,0.0,0.34462459076596474,0.34462459076596474,0.0,0.0,0.0,0.0,0.2771134020618557,181.52,0.0,0.64
mlp512x1,mc_dropout,3,val,standard,,,standard,standard,mlp512x1|mc_dropout|s3|val|standard,0.075,0.075,0.05,0.08,0.0,0.24358020397445432,0.24358020397445432,0.0,0.0,0.0,0.0,0.16989690721649484,161.36,0.0,0.78
mlp512x1,mc_dropout,3,val,standard,,,standard,standard,mlp512x1|mc_dropout|s3|val|standard,0.075,0.075,0.05,0.1,0.0,0.1381593956179711,0.1381593956179711,0.0,0.0,0.0,0.0,0.06845360824742269,125.42,0.0,0.9
mlp512x1,mc_dropout,4,val,robust,0.08,0.25,robust_eps0p08_lam0p25,"robust ($\epsilon_{train}=0.08$, $\lambda=0.25$)",mlp512x1|mc_dropout|s4|val|robust_eps0p08_lam0p25,0.075,0.075,0.05,0.01,0.8876666666666665,0.9644705882352941,0.0768039215686274,0.96,0.961073701842546,1.0,0.96,0.00043383584589614744,96.78,0.96,0.04
mlp512x1,mc_dropout,4,val,robust,0.08,0.25,robust_eps0p08_lam0p25,"robust ($\epsilon_{train}=0.08$, $\lambda=0.25$)",mlp512x1|mc_dropout|s4|val|robust_eps0p08_lam0p25,0.075,0.075,0.05,0.05,0.8527027026180876,0.9503462709284627,0.09764356831037492,0.92,0.9247027026180876,1.0,0.9,0.01588323722445082,110.68,0.94,0.06
mlp512x1,mc_dropout,4,val,robust,0.08,0.25,robust_eps0p08_lam0p25,"robust ($\epsilon_{train}=0.08$, $\lambda=0.25$)",mlp512x1|mc_dropout|s4|val|robust_eps0p08_lam0p25,0.075,0.075,0.05,0.07,0.8162826315061942,0.93528297613245,0.11900034462625571,0.9,0.8867826315061943,1.0,0.84,0.0355814276546774,125.04,0.9,0.06
mlp512x1,mc_dropout,4,val,robust,0.08,0.25,robust_eps0p08_lam0p25,"robust ($\epsilon_{train}=0.08$, $\lambda=0.25$)",mlp512x1|mc_dropout|s4|val|robust_eps0p08_lam0p25,0.075,0.075,0.05,0.08,0.7783553489786412,0.927302346539432,0.14894699756079058,0.86,0.8480220156453079,1.0,0.74,0.06335096185525999,143.4,0.9,0.06
mlp512x1,mc_dropout,4,val,robust,0.08,0.25,robust_eps0p08_lam0p25,"robust ($\epsilon_{train}=0.08$, $\lambda=0.25$)",mlp512x1|mc_dropout|s4|val|robust_eps0p08_lam0p25,0.075,0.075,0.05,0.1,0.6210294598008326,0.8889588742162335,0.2679294144154011,0.7,0.6849942294485291,0.9081750143926309,0.5,0.1804910016709921,183.28,0.72,0.1
mlp512x1,mc_dropout,4,val,standard,,,standard,standard,mlp512x1|mc_dropout|s4|val|standard,0.075,0.075,0.05,0.01,0.8757263957730604,0.9651809877248073,0.08945459195174678,0.96,0.9479033869235028,1.0,0.94,0.0144251193928256,110.26,0.96,0.04
mlp512x1,mc_dropout,4,val,standard,,,standard,standard,mlp512x1|mc_dropout|s4|val|standard,0.075,0.075,0.05,0.05,0.0021986301369863017,0.6261443065004021,0.6239456763634158,0.0,0.0036986301369863004,0.0,0.0,0.5600127100691992,222.38,0.0,0.3
mlp512x1,mc_dropout,4,val,standard,,,standard,standard,mlp512x1|mc_dropout|s4|val|standard,0.075,0.075,0.05,0.07,0.0,0.27513817222161313,0.27513817222161313,0.0,0.0,0.0,0.0,0.20144329896907215,189.38,0.0,0.72
mlp512x1,mc_dropout,4,val,standard,,,standard,standard,mlp512x1|mc_dropout|s4|val|standard,0.075,0.075,0.05,0.08,0.0,0.1853467751356883,0.1853467751356883,0.0,0.0,0.0,0.0,0.10969072164948454,155.7,0.0,0.84
mlp512x1,mc_dropout,4,val,standard,,,standard,standard,mlp512x1|mc_dropout|s4|val|standard,0.075,0.075,0.05,0.1,0.0,0.1105568117846168,0.1105568117846168,0.0,0.0,0.0,0.0,0.03278350515463918,116.16,0.0,0.94
mlp512x1,vogn,0,val,robust,0.08,0.25,robust_eps0p08_lam0p25,"robust ($\epsilon_{train}=0.08$, $\lambda=0.25$)",mlp512x1|vogn|s0|val|robust_eps0p08_lam0p25,0.075,0.075,0.05,0.01,0.8561061441193156,0.9411818831134737,0.08507573899415784,0.94,0.9276347155478872,1.0,0.9,0.005028323625794647,106.64,0.94,0.06
mlp512x1,vogn,0,val,robust,0.08,0.25,robust_eps0p08_lam0p25,"robust ($\epsilon_{train}=0.08$, $\lambda=0.25$)",mlp512x1|vogn|s0|val|robust_eps0p08_lam0p25,0.075,0.075,0.05,0.05,0.6707095750914064,0.8445611518644249,0.17385157677301824,0.72,0.732386566241849,1.0,0.66,0.08692827920575193,141.54,0.84,0.12
mlp512x1,vogn,0,val,robust,0.08,0.25,robust_eps0p08_lam0p25,"robust ($\epsilon_{train}=0.08$, $\lambda=0.25$)",mlp512x1|vogn|s0|val|robust_eps0p08_lam0p25,0.075,0.075,0.05,0.07,0.4994050849851023,0.7561263651804808,0.25672128019537843,0.52,0.5494645255445428,0.8243121034216925,0.48,0.17784352058761266,161.82,0.74,0.18
mlp512x1,vogn,0,val,robust,0.08,0.25,robust_eps0p08_lam0p25,"robust ($\epsilon_{train}=0.08$, $\lambda=0.25$)",mlp512x1|vogn|s0|val|robust_eps0p08_lam0p25,0.075,0.075,0.05,0.08,0.41092438123669944,0.7196222485024739,0.3086978672657744,0.44,0.45266387175403755,0.22806222740954607,0.36,0.23144800419869302,161.02,0.7,0.2
mlp512x1,vogn,0,val,robust,0.08,0.25,robust_eps0p08_lam0p25,"robust ($\epsilon_{train}=0.08$, $\lambda=0.25$)",mlp512x1|vogn|s0|val|robust_eps0p08_lam0p25,0.075,0.075,0.05,0.1,0.11534269202774651,0.6109641472248941,0.4956214551971476,0.1,0.13605761836128544,0.0,0.06,0.43066013413697113,192.06,0.62,0.26
mlp512x1,vogn,0,val,standard,,,standard,standard,mlp512x1|vogn|s0|val|standard,0.075,0.075,0.05,0.01,0.7702889814641027,0.9303556170942484,0.16006663563014578,0.9,0.8422889814641026,0.9583683767872162,0.62,0.0651867770461343,173.38,0.94,0.06
mlp512x1,vogn,0,val,standard,,,standard,standard,mlp512x1|vogn|s0|val|standard,0.075,0.075,0.05,0.05,0.0,0.5070304916769802,0.5070304916769802,0.0,0.0,0.0,0.0,0.4371134020618556,245.26,0.78,0.16
mlp512x1,vogn,0,val,standard,,,standard,standard,mlp512x1|vogn|s0|val|standard,0.075,0.075,0.05,0.07,0.0,0.2375367058167711,0.2375367058167711,0.0,0.0,0.0,0.0,0.1649484536082474,193.42,0.26,0.18
mlp512x1,vogn,0,val,standard,,,standard,standard,mlp512x1|vogn|s0|val|standard,0.075,0.075,0.05,0.08,0.0,0.1680044583310598,0.1680044583310598,0.0,0.0,0.0,0.0,0.0911340206185567,157.3,0.14,0.24
mlp512x1,vogn,0,val,standard,,,standard,standard,mlp512x1|vogn|s0|val|standard,0.075,0.075,0.05,0.1,0.0,0.10439093572305096,0.10439093572305096,0.0,0.0,0.0,0.0,0.0290721649484536,119.8,0.06,0.38
mlp512x1,vogn,1,val,robust,0.08,0.25,robust_eps0p08_lam0p25,"robust ($\epsilon_{train}=0.08$, $\lambda=0.25$)",mlp512x1|vogn|s1|val|robust_eps0p08_lam0p25,0.075,0.075,0.05,0.01,0.8657372125172803,0.9473013698630137,0.08156415734573329,0.94,0.9377372125172805,1.0,0.92,0.0033806711072012063,102.94,0.94,0.06
mlp512x1,vogn,1,val,robust,0.08,0.25,robust_eps0p08_lam0p25,"robust ($\epsilon_{train}=0.08$, $\lambda=0.25$)",mlp512x1|vogn|s1|val|robust_eps0p08_lam0p25,0.075,0.075,0.05,0.05,0.6043122148170744,0.780155902040581,0.17584368722350655,0.62,0.6638407862456458,1.0,0.6,0.08998006606496595,147.68,0.8,0.18
mlp512x1,vogn,1,val,robust,0.08,0.25,robust_eps0p08_lam0p25,"robust ($\epsilon_{train}=0.08$, $\lambda=0.25$)",mlp512x1|vogn|s1|val|robust_eps0p08_lam0p25,0.075,0.075,0.05,0.07,0.4847490996504873,0.7055416700172235,0.2207925703667361,0.54,0.5308081120055317,0.7951842412657959,0.48,0.14636892957606495,154.48,0.68,0.24
mlp512x1,vogn,1,val,robust,0.08,0.25,robust_eps0p08_lam0p25,"robust ($\epsilon_{train}=0.08$, $\lambda=0.25$)",mlp512x1|vogn|s1|val|robust_eps0p08_lam0p25,0.075,0.075,0.05,0.08,0.39203151536107633,0.6763909999006863,0.28435948453961,0.42,0.4313540960062376,0.12921496311907266,0.34,0.2168380076582946,150.9,0.62,0.26
mlp512x1,vogn,1,val,robust,0.08,0.25,robust_eps0p08_lam0p25,"robust ($\epsilon_{train}=0.08$, $\lambda=0.25$)",mlp512x1|vogn|s1|val|robust_eps0p08_lam0p25,0.075,0.075,0.05,0.1,0.13001635497831943,0.6236098035847081,0.49359344860638865,0.12,0.15016151626864194,0.0,0.1,0.42954754159178415,176.48,0.6,0.34
mlp512x1,vogn,1,val,standard,,,standard,standard,mlp512x1|vogn|s1|val|standard,0.075,0.075,0.05,0.01,0.7594058084627442,0.9348866417265428,0.17548083326379857,0.84,0.8314058084627444,0.9512208823309115,0.6,0.07639905636825023,184.98,0.96,0.04
mlp512x1,vogn,1,val,standard,,,standard,standard,mlp512x1|vogn|s1|val|standard,0.075,0.075,0.05,0.05,0.0,0.4503809387843111,0.4503809387843111,0.0,0.0,0.0,0.0,0.3719587628865979,249.7,0.74,0.12
mlp512x1,vogn,1,val,standard,,,standard,standard,mlp512x1|vogn|s1|val|standard,0.075,0.075,0.05,0.07,0.0,0.2020965153257022,0.2020965153257022,0.0,0.0,0.0,0.0,0.12412371134020617,183.98,0.24,0.2
mlp512x1,vogn,1,val,standard,,,standard,standard,mlp512x1|vogn|s1|val|standard,0.075,0.075,0.05,0.08,0.0,0.1470566903136532,0.1470566903136532,0.0,0.0,0.0,0.0,0.07257731958762886,144.02,0.1,0.3
mlp512x1,vogn,1,val,standard,,,standard,standard,mlp512x1|vogn|s1|val|standard,0.075,0.075,0.05,0.1,0.0,0.10219226736675745,0.10219226736675745,0.0,0.0,0.0,0.0,0.02824742268041237,114.38,0.02,0.52
mlp512x1,vogn,2,val,robust,0.08,0.25,robust_eps0p08_lam0p25,"robust ($\epsilon_{train}=0.08$, $\lambda=0.25$)",mlp512x1|vogn|s2|val|robust_eps0p08_lam0p25,0.075,0.075,0.05,0.01,0.8754943683409436,0.9560524998261596,0.08055813148521579,0.94,0.9474943683409437,1.0,0.92,0.0019920852359208525,101.74,0.96,0.04
mlp512x1,vogn,2,val,robust,0.08,0.25,robust_eps0p08_lam0p25,"robust ($\epsilon_{train}=0.08$, $\lambda=0.25$)",mlp512x1|vogn|s2|val|robust_eps0p08_lam0p25,0.075,0.075,0.05,0.05,0.6219082429128796,0.8026400325430767,0.18073178963019706,0.66,0.682263039282789,1.0,0.62,0.09860500408886307,146.14,0.8,0.16
mlp512x1,vogn,2,val,robust,0.08,0.25,robust_eps0p08_lam0p25,"robust ($\epsilon_{train}=0.08$, $\lambda=0.25$)",mlp512x1|vogn|s2|val|robust_eps0p08_lam0p25,0.075,0.075,0.05,0.07,0.47948497403580537,0.7116282297877308,0.23214325575192546,0.5,0.5263389563366904,0.6061643835616439,0.48,0.15862344954664434,155.74,0.7,0.22
mlp512x1,vogn,2,val,robust,0.08,0.25,robust_eps0p08_lam0p25,"robust ($\epsilon_{train}=0.08$, $\lambda=0.25$)",mlp512x1|vogn|s2|val|robust_eps0p08_lam0p25,0.075,0.075,0.05,0.08,0.39362647326457834,0.6742346229627408,0.28060814969816256,0.44,0.43262647326457826,0.11358510021266993,0.36,0.21088980752493763,151.48,0.64,0.24
mlp512x1,vogn,2,val,robust,0.08,0.25,robust_eps0p08_lam0p25,"robust ($\epsilon_{train}=0.08$, $\lambda=0.25$)",mlp512x1|vogn|s2|val|robust_eps0p08_lam0p25,0.075,0.075,0.05,0.1,0.1413508388175707,0.5929828064512089,0.4516319676336383,0.18,0.1605163606293612,0.0,0.06,0.3899659158852554,185.54,0.56,0.36
mlp512x1,vogn,2,val,standard,,,standard,standard,mlp512x1|vogn|s2|val|standard,0.075,0.075,0.05,0.01,0.7806916011381877,0.9431361148364573,0.16244451369826943,0.88,0.8528685922886305,0.9583683767872162,0.64,0.06862414562267027,176.04,0.96,0.04
mlp512x1,vogn,2,val,standard,,,standard,standard,mlp512x1|vogn|s2|val|standard,0.075,0.075,0.05,0.05,0.0,0.4974519791769193,0.4974519791769193,0.0,0.0,0.0,0.0,0.42783505154639173,251.74,0.8,0.14
mlp512x1,vogn,2,val,standard,,,standard,standard,mlp512x1|vogn|s2|val|standard,0.075,0.075,0.05,0.07,0.0,0.2330341007946261,0.2330341007946261,0.0,0.0,0.0,0.0,0.16391752577319585,190.66,0.26,0.18
mlp512x1,vogn,2,val,standard,,,standard,standard,mlp512x1|vogn|s2|val|standard,0.075,0.075,0.05,0.08,0.0,0.1647432391484778,0.1647432391484778,0.0,0.0,0.0,0.0,0.09051546391752577,153.5,0.12,0.22
mlp512x1,vogn,2,val,standard,,,standard,standard,mlp512x1|vogn|s2|val|standard,0.075,0.075,0.05,0.1,0.0,0.1061297672228441,0.1061297672228441,0.0,0.0,0.0,0.0,0.0311340206185567,120.72,0.04,0.44
mlp512x1,vogn,3,val,robust,0.08,0.25,robust_eps0p08_lam0p25,"robust ($\epsilon_{train}=0.08$, $\lambda=0.25$)",mlp512x1|vogn|s3|val|robust_eps0p08_lam0p25,0.075,0.075,0.05,0.01,0.8751625504327137,0.9558698630136986,0.08070731258098483,0.94,0.9471625504327137,1.0,0.94,0.0034721022045217176,99.7,0.96,0.04
mlp512x1,vogn,3,val,robust,0.08,0.25,robust_eps0p08_lam0p25,"robust ($\epsilon_{train}=0.08$, $\lambda=0.25$)",mlp512x1|vogn|s3|val|robust_eps0p08_lam0p25,0.075,0.075,0.05,0.05,0.6460161076726767,0.8336705721727301,0.18765446450005338,0.68,0.7079095987969372,1.0,0.64,0.1016567234394429,145.82,0.84,0.12
mlp512x1,vogn,3,val,robust,0.08,0.25,robust_eps0p08_lam0p25,"robust ($\epsilon_{train}=0.08$, $\lambda=0.25$)",mlp512x1|vogn|s3|val|robust_eps0p08_lam0p25,0.075,0.075,0.05,0.07,0.48690615255157005,0.7225454431823717,0.2356392906308017,0.5,0.5355366641013929,0.6232876712328768,0.48,0.15405762632689435,154.56,0.76,0.2
mlp512x1,vogn,3,val,robust,0.08,0.25,robust_eps0p08_lam0p25,"robust ($\epsilon_{train}=0.08$, $\lambda=0.25$)",mlp512x1|vogn|s3|val|robust_eps0p08_lam0p25,0.075,0.075,0.05,0.08,0.4039650527486113,0.6749380828204796,0.2709730300718683,0.46,0.44429325126104374,0.11853120243531201,0.38,0.1935544170428215,160.58,0.66,0.2
mlp512x1,vogn,3,val,robust,0.08,0.25,robust_eps0p08_lam0p25,"robust ($\epsilon_{train}=0.08$, $\lambda=0.25$)",mlp512x1|vogn|s3|val|robust_eps0p08_lam0p25,0.075,0.075,0.05,0.1,0.1507960190880639,0.5967477570797779,0.4459517379917139,0.16,0.17330279263713805,0.0,0.12,0.38459511469163266,166.62,0.6,0.32
mlp512x1,vogn,3,val,standard,,,standard,standard,mlp512x1|vogn|s3|val|standard,0.075,0.075,0.05,0.01,0.777376001741096,0.9411300747949852,0.16375407305388912,0.86,0.8493760017410962,0.9534578573633837,0.72,0.0697682465301798,169.7,0.96,0.04
mlp512x1,vogn,3,val,standard,,,standard,standard,mlp512x1|vogn|s3|val|standard,0.075,0.075,0.05,0.05,0.0,0.4903940823253765,0.4903940823253765,0.0,0.0,0.0,0.0,0.42432989690721656,246.68,0.8,0.1
mlp512x1,vogn,3,val,standard,,,standard,standard,mlp512x1|vogn|s3|val|standard,0.075,0.075,0.05,0.07,0.0,0.23723208470781987,0.23723208470781987,0.0,0.0,0.0,0.0,0.16185567010309276,192.22,0.28,0.14
mlp512x1,vogn,3,val,standard,,,standard,standard,mlp512x1|vogn|s3|val|standard,0.075,0.075,0.05,0.08,0.0,0.1726611685750813,0.1726611685750813,0.0,0.0,0.0,0.0,0.0975257731958763,153.02,0.16,0.2
mlp512x1,vogn,3,val,standard,,,standard,standard,mlp512x1|vogn|s3|val|standard,0.075,0.075,0.05,0.1,0.0,0.11030537270192406,0.11030537270192406,0.0,0.0,0.0,0.0,0.0331958762886598,125.12,0.04,0.4
mlp512x1,vogn,4,val,robust,0.08,0.25,robust_eps0p08_lam0p25,"robust ($\epsilon_{train}=0.08$, $\lambda=0.25$)",mlp512x1|vogn|s4|val|robust_eps0p08_lam0p25,0.075,0.075,0.05,0.01,0.8665185736236283,0.9477876712328767,0.08126909760924819,0.94,0.9385185736236284,1.0,0.94,0.0028137740243991925,102.4,0.94,0.06
mlp512x1,vogn,4,val,robust,0.08,0.25,robust_eps0p08_lam0p25,"robust ($\epsilon_{train}=0.08$, $\lambda=0.25$)",mlp512x1|vogn|s4|val|robust_eps0p08_lam0p25,0.075,0.075,0.05,0.05,0.6170830643227003,0.7828763872372064,0.165793322914506,0.66,0.6740232133678796,1.0,0.62,0.08288050389046299,139.4,0.76,0.2
mlp512x1,vogn,4,val,robust,0.08,0.25,robust_eps0p08_lam0p25,"robust ($\epsilon_{train}=0.08$, $\lambda=0.25$)",mlp512x1|vogn|s4|val|robust_eps0p08_lam0p25,0.075,0.075,0.05,0.07,0.4940792997524776,0.7007722606920656,0.20669296093958786,0.52,0.5398496415916687,0.8043335089567967,0.5,0.13351574371434646,145.1,0.68,0.28
mlp512x1,vogn,4,val,robust,0.08,0.25,robust_eps0p08_lam0p25,"robust ($\epsilon_{train}=0.08$, $\lambda=0.25$)",mlp512x1|vogn|s4|val|robust_eps0p08_lam0p25,0.075,0.075,0.05,0.08,0.39333462991909784,0.6750590562289497,0.2817244263098517,0.44,0.4353581695877988,0.0942264530609086,0.34,0.20501278732724237,157.22,0.64,0.28
mlp512x1,vogn,4,val,robust,0.08,0.25,robust_eps0p08_lam0p25,"robust ($\epsilon_{train}=0.08$, $\lambda=0.25$)",mlp512x1|vogn|s4|val|robust_eps0p08_lam0p25,0.075,0.075,0.05,0.1,0.09764142237572777,0.5807307982351194,0.48308937585939155,0.1,0.11455717365789468,0.0,0.08,0.4223494213356318,169.8,0.58,0.36
mlp512x1,vogn,4,val,standard,,,standard,standard,mlp512x1|vogn|s4|val|standard,0.075,0.075,0.05,0.01,0.747418250683831,0.9284329272646586,0.1810146765808274,0.86,0.8195952418342738,0.9492766726943942,0.62,0.08205770356188757,182.78,0.94,0.06
mlp512x1,vogn,4,val,standard,,,standard,standard,mlp512x1|vogn|s4|val|standard,0.075,0.075,0.05,0.05,0.0,0.4464610987860291,0.4464610987860291,0.0,0.0,0.0,0.0,0.38082474226804125,239.76,0.68,0.1
mlp512x1,vogn,4,val,standard,,,standard,standard,mlp512x1|vogn|s4|val|standard,0.075,0.075,0.05,0.07,0.0,0.2140281910095391,0.2140281910095391,0.0,0.0,0.0,0.0,0.1404123711340206,173.82,0.22,0.16
mlp512x1,vogn,4,val,standard,,,standard,standard,mlp512x1|vogn|s4|val|standard,0.075,0.075,0.05,0.08,0.0,0.15741277246844754,0.15741277246844754,0.0,0.0,0.0,0.0,0.08742268041237114,149.76,0.16,0.26
mlp512x1,vogn,4,val,standard,,,standard,standard,mlp512x1|vogn|s4|val|standard,0.075,0.075,0.05,0.1,0.0,0.10373777880534236,0.10373777880534236,0.0,0.0,0.0,0.0,0.029278350515463913,116.2,0.04,0.56
