architecture,family,seed,eval_split,training,train_epsilon,rob_lam,config_id,config_label,model_id,cert_theta,cert_gamma,cert_alpha,eval_epsilon,n_inputs,n_with_bounds,mean_bound_width,mean_cp_ci_width,mean_unknown_frac,frac_lower_at_zero,upper_bound_ceiling,frac_upper_at_ceiling,mean_property_evaluations
mlp512x1,bbb,0,val,robust,0.08,0.25,robust_eps0p08_lam0p25,"robust ($\epsilon_{train}=0.08$, $\lambda=0.25$)",mlp512x1|bbb|s0|val|robust_eps0p08_lam0p25,0.075,0.075,0.05,0.01,50,50,0.07546153846153843,0.03889046418753606,0.0004615384615384616,0.04,0.925,0.0,94.84
mlp512x1,bbb,0,val,robust,0.08,0.25,robust_eps0p08_lam0p25,"robust ($\epsilon_{train}=0.08$, $\lambda=0.25$)",mlp512x1|bbb|s0|val|robust_eps0p08_lam0p25,0.075,0.075,0.05,0.05,50,50,0.09414502470007054,0.03907058013584299,0.02064502470007057,0.08,0.925,0.0,95.26
mlp512x1,bbb,0,val,robust,0.08,0.25,robust_eps0p08_lam0p25,"robust ($\epsilon_{train}=0.08$, $\lambda=0.25$)",mlp512x1|bbb|s0|val|robust_eps0p08_lam0p25,0.075,0.075,0.05,0.07,50,50,0.12758141986474184,0.04163725746091882,0.05414708855560475,0.12,0.925,0.0,111.44
mlp512x1,bbb,0,val,robust,0.08,0.25,robust_eps0p08_lam0p25,"robust ($\epsilon_{train}=0.08$, $\lambda=0.25$)",mlp512x1|bbb|s0|val|robust_eps0p08_lam0p25,0.075,0.075,0.05,0.08,50,50,0.1635749433024132,0.043267264657621034,0.09371309724469087,0.18,0.925,0.0,108.68
mlp512x1,bbb,0,val,robust,0.08,0.25,robust_eps0p08_lam0p25,"robust ($\epsilon_{train}=0.08$, $\lambda=0.25$)",mlp512x1|bbb|s0|val|robust_eps0p08_lam0p25,0.075,0.075,0.05,0.1,50,50,0.36544566051550925,0.043639457661900326,0.305348485507862,0.4,0.925,0.0,124.36
mlp512x1,bbb,0,val,standard,,,standard,standard,mlp512x1|bbb|s0|val|standard,0.075,0.075,0.05,0.01,50,50,0.10005852056039474,0.04682538458105407,0.02505852056039477,0.04,0.925,0.0,114.38
mlp512x1,bbb,0,val,standard,,,standard,standard,mlp512x1|bbb|s0|val|standard,0.075,0.075,0.05,0.05,50,50,0.48497326561995713,0.037315636908736065,0.42577319587628865,1.0,0.925,0.0,186.92
mlp512x1,bbb,0,val,standard,,,standard,standard,mlp512x1|bbb|s0|val|standard,0.075,0.075,0.05,0.07,50,50,0.20678641964851888,0.037315636908736065,0.13587628865979381,1.0,0.925,0.0,138.74
mlp512x1,bbb,0,val,standard,,,standard,standard,mlp512x1|bbb|s0|val|standard,0.075,0.075,0.05,0.08,50,50,0.15185756689936997,0.037315636908736065,0.0779381443298969,1.0,0.925,0.0,120.12
mlp512x1,bbb,0,val,standard,,,standard,standard,mlp512x1|bbb|s0|val|standard,0.075,0.075,0.05,0.1,50,50,0.09339911517459917,0.037315636908736065,0.017319587628865978,1.0,0.925,0.0,108.04
mlp512x1,bbb,1,val,robust,0.08,0.25,robust_eps0p08_lam0p25,"robust ($\epsilon_{train}=0.08$, $\lambda=0.25$)",mlp512x1|bbb|s1|val|robust_eps0p08_lam0p25,0.075,0.075,0.05,0.01,50,50,0.07499999999999997,0.03843664243397704,0.0,0.04,0.925,0.0,94.12
mlp512x1,bbb,1,val,robust,0.08,0.25,robust_eps0p08_lam0p25,"robust ($\epsilon_{train}=0.08$, $\lambda=0.25$)",mlp512x1|bbb|s1|val|robust_eps0p08_lam0p25,0.075,0.075,0.05,0.05,50,50,0.07797934422669775,0.04022954499717782,0.0029793442266977904,0.04,0.925,0.0,98.2
mlp512x1,bbb,1,val,robust,0.08,0.25,robust_eps0p08_lam0p25,"robust ($\epsilon_{train}=0.08$, $\lambda=0.25$)",mlp512x1|bbb|s1|val|robust_eps0p08_lam0p25,0.075,0.075,0.05,0.07,50,50,0.1445880815300112,0.04298253373166893,0.06945606296973217,0.12,0.925,0.0,110.32
mlp512x1,bbb,1,val,robust,0.08,0.25,robust_eps0p08_lam0p25,"robust ($\epsilon_{train}=0.08$, $\lambda=0.25$)",mlp512x1|bbb|s1|val|robust_eps0p08_lam0p25,0.075,0.075,0.05,0.08,50,50,0.23794787868002043,0.04547205981780043,0.16664306863597744,0.18,0.925,0.0,126.86
mlp512x1,bbb,1,val,robust,0.08,0.25,robust_eps0p08_lam0p25,"robust ($\epsilon_{train}=0.08$, $\lambda=0.25$)",mlp512x1|bbb|s1|val|robust_eps0p08_lam0p25,0.075,0.075,0.05,0.1,50,50,0.33804443322246386,0.045318954050147214,0.2723685708416277,0.38,0.925,0.0,132.44
mlp512x1,bbb,1,val,standard,,,standard,standard,mlp512x1|bbb|s1|val|standard,0.075,0.075,0.05,0.01,50,50,0.11915968051084136,0.04831087236512958,0.04328007499205209,0.04,0.925,0.0,121.9
mlp512x1,bbb,1,val,standard,,,standard,standard,mlp512x1|bbb|s1|val|standard,0.075,0.075,0.05,0.05,50,50,0.44524384295225744,0.037315636908736065,0.3855670103092783,1.0,0.925,0.0,196.38
mlp512x1,bbb,1,val,standard,,,standard,standard,mlp512x1|bbb|s1|val|standard,0.075,0.075,0.05,0.07,50,50,0.20801587076314532,0.037315636908736065,0.13649484536082473,1.0,0.925,0.0,127.16
mlp512x1,bbb,1,val,standard,,,standard,standard,mlp512x1|bbb|s1|val|standard,0.075,0.075,0.05,0.08,50,50,0.15557849485123912,0.037315636908736065,0.08082474226804123,1.0,0.925,0.0,122.14
mlp512x1,bbb,1,val,standard,,,standard,standard,mlp512x1|bbb|s1|val|standard,0.075,0.075,0.05,0.1,50,50,0.09340707578529106,0.037315636908736065,0.018969072164948454,1.0,0.925,0.0,106.32
mlp512x1,bbb,2,val,robust,0.08,0.25,robust_eps0p08_lam0p25,"robust ($\epsilon_{train}=0.08$, $\lambda=0.25$)",mlp512x1|bbb|s2|val|robust_eps0p08_lam0p25,0.075,0.075,0.05,0.01,50,50,0.07499999999999997,0.03843664243397704,0.0,0.04,0.925,0.0,94.12
mlp512x1,bbb,2,val,robust,0.08,0.25,robust_eps0p08_lam0p25,"robust ($\epsilon_{train}=0.08$, $\lambda=0.25$)",mlp512x1|bbb|s2|val|robust_eps0p08_lam0p25,0.075,0.075,0.05,0.05,50,50,0.08586841774538138,0.040240757732226996,0.0105944451426417,0.04,0.925,0.0,98.38
mlp512x1,bbb,2,val,robust,0.08,0.25,robust_eps0p08_lam0p25,"robust ($\epsilon_{train}=0.08$, $\lambda=0.25$)",mlp512x1|bbb|s2|val|robust_eps0p08_lam0p25,0.075,0.075,0.05,0.07,50,50,0.11841686911416549,0.04158403393200996,0.04473491923466063,0.1,0.925,0.0,105.9
mlp512x1,bbb,2,val,robust,0.08,0.25,robust_eps0p08_lam0p25,"robust ($\epsilon_{train}=0.08$, $\lambda=0.25$)",mlp512x1|bbb|s2|val|robust_eps0p08_lam0p25,0.075,0.075,0.05,0.08,50,50,0.21195098271889123,0.046535578617853755,0.1398000451898807,0.16,0.925,0.0,120.42
mlp512x1,bbb,2,val,robust,0.08,0.25,robust_eps0p08_lam0p25,"robust ($\epsilon_{train}=0.08$, $\lambda=0.25$)",mlp512x1|bbb|s2|val|robust_eps0p08_lam0p25,0.075,0.075,0.05,0.1,50,50,0.3611591756761672,0.043889933258337344,0.2941610348360145,0.42,0.925,0.0,141.14
mlp512x1,bbb,2,val,standard,,,standard,standard,mlp512x1|bbb|s2|val|standard,0.075,0.075,0.05,0.01,50,50,0.10256667974586539,0.04747888342036833,0.026813255088331177,0.04,0.925,0.0,119.06
mlp512x1,bbb,2,val,standard,,,standard,standard,mlp512x1|bbb|s2|val|standard,0.075,0.075,0.05,0.05,50,50,0.4709084591933798,0.037315636908736065,0.4051546391752578,1.0,0.925,0.0,190.22
mlp512x1,bbb,2,val,standard,,,standard,standard,mlp512x1|bbb|s2|val|standard,0.075,0.075,0.05,0.07,50,50,0.1852023469338987,0.037315636908736065,0.11237113402061855,1.0,0.925,0.0,141.48
mlp512x1,bbb,2,val,standard,,,standard,standard,mlp512x1|bbb|s2|val|standard,0.075,0.075,0.05,0.08,50,50,0.12090903484202227,0.037315636908736065,0.04742268041237113,1.0,0.925,0.0,123.3
mlp512x1,bbb,2,val,standard,,,standard,standard,mlp512x1|bbb|s2|val|standard,0.075,0.075,0.05,0.1,50,50,0.08227167293316429,0.037315636908736065,0.007216494845360824,1.0,0.925,0.0,105.28
mlp512x1,bbb,3,val,robust,0.08,0.25,robust_eps0p08_lam0p25,"robust ($\epsilon_{train}=0.08$, $\lambda=0.25$)",mlp512x1|bbb|s3|val|robust_eps0p08_lam0p25,0.075,0.075,0.05,0.01,50,50,0.07499999999999997,0.03843664243397704,0.0,0.04,0.925,0.0,94.12
mlp512x1,bbb,3,val,robust,0.08,0.25,robust_eps0p08_lam0p25,"robust ($\epsilon_{train}=0.08$, $\lambda=0.25$)",mlp512x1|bbb|s3|val|robust_eps0p08_lam0p25,0.075,0.075,0.05,0.05,50,50,0.07518348623853206,0.03864011266405981,0.0001834862385321101,0.06,0.925,0.0,94.48
mlp512x1,bbb,3,val,robust,0.08,0.25,robust_eps0p08_lam0p25,"robust ($\epsilon_{train}=0.08$, $\lambda=0.25$)",mlp512x1|bbb|s3|val|robust_eps0p08_lam0p25,0.075,0.075,0.05,0.07,50,50,0.14603650677295701,0.040570607222097516,0.07201683324289626,0.14,0.925,0.0,110.32
mlp512x1,bbb,3,val,robust,0.08,0.25,robust_eps0p08_lam0p25,"robust ($\epsilon_{train}=0.08$, $\lambda=0.25$)",mlp512x1|bbb|s3|val|robust_eps0p08_lam0p25,0.075,0.075,0.05,0.08,50,50,0.13561016031905948,0.0390836276031391,0.0636387974935879,0.18,0.925,0.0,103.42
mlp512x1,bbb,3,val,robust,0.08,0.25,robust_eps0p08_lam0p25,"robust ($\epsilon_{train}=0.08$, $\lambda=0.25$)",mlp512x1|bbb|s3|val|robust_eps0p08_lam0p25,0.075,0.075,0.05,0.1,50,50,0.2900580197657495,0.044678399356104945,0.22034015568657686,0.34,0.925,0.0,132.1
mlp512x1,bbb,3,val,standard,,,standard,standard,mlp512x1|bbb|s3|val|standard,0.075,0.075,0.05,0.01,50,50,0.10814295447537212,0.04676492768487208,0.03287711118526513,0.04,0.925,0.0,115.22
mlp512x1,bbb,3,val,standard,,,standard,standard,mlp512x1|bbb|s3|val|standard,0.075,0.075,0.05,0.05,50,50,0.46701871386339583,0.037315636908736065,0.4043298969072165,1.0,0.925,0.0,186.26
mlp512x1,bbb,3,val,standard,,,standard,standard,mlp512x1|bbb|s3|val|standard,0.075,0.075,0.05,0.07,50,50,0.20991593065627534,0.037315636908736065,0.14,1.0,0.925,0.0,131.2
mlp512x1,bbb,3,val,standard,,,standard,standard,mlp512x1|bbb|s3|val|standard,0.075,0.075,0.05,0.08,50,50,0.16075034744521022,0.037315636908736065,0.08412371134020619,1.0,0.925,0.0,121.3
mlp512x1,bbb,3,val,standard,,,standard,standard,mlp512x1|bbb|s3|val|standard,0.075,0.075,0.05,0.1,50,50,0.09507939970334174,0.037315636908736065,0.021443298969072166,1.0,0.925,0.0,109.9
mlp512x1,bbb,4,val,robust,0.08,0.25,robust_eps0p08_lam0p25,"robust ($\epsilon_{train}=0.08$, $\lambda=0.25$)",mlp512x1|bbb|s4|val|robust_eps0p08_lam0p25,0.075,0.075,0.05,0.01,50,50,0.07499999999999997,0.03843664243397704,0.0,0.04,0.925,0.0,94.12
mlp512x1,bbb,4,val,robust,0.08,0.25,robust_eps0p08_lam0p25,"robust ($\epsilon_{train}=0.08$, $\lambda=0.25$)",mlp512x1|bbb|s4|val|robust_eps0p08_lam0p25,0.075,0.075,0.05,0.05,50,50,0.08188154713940367,0.0397423660569821,0.007266629007202373,0.06,0.925,0.0,100.28
mlp512x1,bbb,4,val,robust,0.08,0.25,robust_eps0p08_lam0p25,"robust ($\epsilon_{train}=0.08$, $\lambda=0.25$)",mlp512x1|bbb|s4|val|robust_eps0p08_lam0p25,0.075,0.075,0.05,0.07,50,50,0.1463339961702754,0.04249599652326684,0.07279518942499759,0.12,0.925,0.0,109.96
mlp512x1,bbb,4,val,robust,0.08,0.25,robust_eps0p08_lam0p25,"robust ($\epsilon_{train}=0.08$, $\lambda=0.25$)",mlp512x1|bbb|s4|val|robust_eps0p08_lam0p25,0.075,0.075,0.05,0.08,50,50,0.15281671468046323,0.04187694685801295,0.08161479075460151,0.18,0.925,0.0,110.14
mlp512x1,bbb,4,val,robust,0.08,0.25,robust_eps0p08_lam0p25,"robust ($\epsilon_{train}=0.08$, $\lambda=0.25$)",mlp512x1|bbb|s4|val|robust_eps0p08_lam0p25,0.075,0.075,0.05,0.1,50,50,0.3205027229445775,0.043165095850372606,0.258541111073419,0.34,0.925,0.0,119.0
mlp512x1,bbb,4,val,standard,,,standard,standard,mlp512x1|bbb|s4|val|standard,0.075,0.075,0.05,0.01,50,50,0.1343674738183934,0.04811821336556804,0.055991362428854885,0.04,0.925,0.0,120.18
mlp512x1,bbb,4,val,standard,,,standard,standard,mlp512x1|bbb|s4|val|standard,0.075,0.075,0.05,0.05,50,50,0.4604664796248992,0.037315636908736065,0.3983505154639175,1.0,0.925,0.0,188.38
mlp512x1,bbb,4,val,standard,,,standard,standard,mlp512x1|bbb|s4|val|standard,0.075,0.075,0.05,0.07,50,50,0.18835269172376695,0.037315636908736065,0.11278350515463917,1.0,0.925,0.0,139.1
mlp512x1,bbb,4,val,standard,,,standard,standard,mlp512x1|bbb|s4|val|standard,0.075,0.075,0.05,0.08,50,50,0.1374791530622969,0.037315636908736065,0.059381443298969064,1.0,0.925,0.0,121.1
mlp512x1,bbb,4,val,standard,,,standard,standard,mlp512x1|bbb|s4|val|standard,0.075,0.075,0.05,0.1,50,50,0.08392333013000584,0.037315636908736065,0.008453608247422681,1.0,0.925,0.0,107.06
mlp512x1,deterministic,0,val,robust,0.08,0.25,robust_eps0p08_lam0p25,"robust ($\epsilon_{train}=0.08$, $\lambda=0.25$)",mlp512x1|deterministic|s0|val|robust_eps0p08_lam0p25,0.075,0.075,0.05,0.01,50,50,0.07499999999999997,0.03843664243397704,0.0,0.04,0.925,0.0,94.12
mlp512x1,deterministic,0,val,robust,0.08,0.25,robust_eps0p08_lam0p25,"robust ($\epsilon_{train}=0.08$, $\lambda=0.25$)",mlp512x1|deterministic|s0|val|robust_eps0p08_lam0p25,0.075,0.075,0.05,0.05,50,50,0.07499999999999997,0.03843664243397704,0.0,0.04,0.925,0.0,94.12
mlp512x1,deterministic,0,val,robust,0.08,0.25,robust_eps0p08_lam0p25,"robust ($\epsilon_{train}=0.08$, $\lambda=0.25$)",mlp512x1|deterministic|s0|val|robust_eps0p08_lam0p25,0.075,0.075,0.05,0.07,50,50,0.07499999999999997,0.03843664243397704,0.0,0.04,0.925,0.0,94.12
mlp512x1,deterministic,0,val,robust,0.08,0.25,robust_eps0p08_lam0p25,"robust ($\epsilon_{train}=0.08$, $\lambda=0.25$)",mlp512x1|deterministic|s0|val|robust_eps0p08_lam0p25,0.075,0.075,0.05,0.08,50,50,0.11199999999999996,0.03838993387042534,0.04,0.08,0.925,0.0,94.24
mlp512x1,deterministic,0,val,robust,0.08,0.25,robust_eps0p08_lam0p25,"robust ($\epsilon_{train}=0.08$, $\lambda=0.25$)",mlp512x1|deterministic|s0|val|robust_eps0p08_lam0p25,0.075,0.075,0.05,0.1,50,50,0.22299999999999998,0.03822645389799436,0.16,0.22,0.925,0.0,94.66
mlp512x1,deterministic,0,val,standard,,,standard,standard,mlp512x1|deterministic|s0|val|standard,0.075,0.075,0.05,0.01,50,50,0.09349999999999996,0.038413288152201186,0.02,0.06,0.925,0.0,94.18
mlp512x1,deterministic,0,val,standard,,,standard,standard,mlp512x1|deterministic|s0|val|standard,0.075,0.075,0.05,0.05,50,50,0.5655205479452055,0.037315636908736065,0.528659793814433,1.0,0.925,0.0,104.8
mlp512x1,deterministic,0,val,standard,,,standard,standard,mlp512x1|deterministic|s0|val|standard,0.075,0.075,0.05,0.07,50,50,0.22299999999999995,0.037315636908736065,0.16,1.0,0.925,0.0,97.0
mlp512x1,deterministic,0,val,standard,,,standard,standard,mlp512x1|deterministic|s0|val|standard,0.075,0.075,0.05,0.08,50,50,0.16749999999999993,0.037315636908736065,0.1,1.0,0.925,0.0,97.0
mlp512x1,deterministic,0,val,standard,,,standard,standard,mlp512x1|deterministic|s0|val|standard,0.075,0.075,0.05,0.1,50,50,0.11199999999999996,0.037315636908736065,0.04,1.0,0.925,0.0,97.0
mlp512x1,deterministic,1,val,robust,0.08,0.25,robust_eps0p08_lam0p25,"robust ($\epsilon_{train}=0.08$, $\lambda=0.25$)",mlp512x1|deterministic|s1|val|robust_eps0p08_lam0p25,0.075,0.075,0.05,0.01,50,50,0.07499999999999997,0.03843664243397704,0.0,0.04,0.925,0.0,94.12
mlp512x1,deterministic,1,val,robust,0.08,0.25,robust_eps0p08_lam0p25,"robust ($\epsilon_{train}=0.08$, $\lambda=0.25$)",mlp512x1|deterministic|s1|val|robust_eps0p08_lam0p25,0.075,0.075,0.05,0.05,50,50,0.09349999999999996,0.038413288152201186,0.02,0.06,0.925,0.0,94.18
mlp512x1,deterministic,1,val,robust,0.08,0.25,robust_eps0p08_lam0p25,"robust ($\epsilon_{train}=0.08$, $\lambda=0.25$)",mlp512x1|deterministic|s1|val|robust_eps0p08_lam0p25,0.075,0.075,0.05,0.07,50,50,0.11199999999999996,0.03836657958864948,0.04,0.1,0.925,0.0,94.3
mlp512x1,deterministic,1,val,robust,0.08,0.25,robust_eps0p08_lam0p25,"robust ($\epsilon_{train}=0.08$, $\lambda=0.25$)",mlp512x1|deterministic|s1|val|robust_eps0p08_lam0p25,0.075,0.075,0.05,0.08,50,50,0.14899999999999997,0.038319871025097776,0.07814432989690723,0.14,0.925,0.0,96.44
mlp512x1,deterministic,1,val,robust,0.08,0.25,robust_eps0p08_lam0p25,"robust ($\epsilon_{train}=0.08$, $\lambda=0.25$)",mlp512x1|deterministic|s1|val|robust_eps0p08_lam0p25,0.075,0.075,0.05,0.1,50,50,0.2587307692307692,0.0381563910526668,0.19711340206185568,0.28,0.925,0.0,98.1
mlp512x1,deterministic,1,val,standard,,,standard,standard,mlp512x1|deterministic|s1|val|standard,0.075,0.075,0.05,0.01,50,50,0.07499999999999997,0.03843664243397704,0.0,0.04,0.925,0.0,94.12
mlp512x1,deterministic,1,val,standard,,,standard,standard,mlp512x1|deterministic|s1|val|standard,0.075,0.075,0.05,0.05,50,50,0.49487671232876707,0.037315636908736065,0.4523711340206185,1.0,0.925,0.0,100.9
mlp512x1,deterministic,1,val,standard,,,standard,standard,mlp512x1|deterministic|s1|val|standard,0.075,0.075,0.05,0.07,50,50,0.27849999999999997,0.037315636908736065,0.21896907216494846,1.0,0.925,0.0,98.56
mlp512x1,deterministic,1,val,standard,,,standard,standard,mlp512x1|deterministic|s1|val|standard,0.075,0.075,0.05,0.08,50,50,0.16749999999999993,0.037315636908736065,0.09855670103092784,1.0,0.925,0.0,98.64
mlp512x1,deterministic,1,val,standard,,,standard,standard,mlp512x1|deterministic|s1|val|standard,0.075,0.075,0.05,0.1,50,50,0.09349999999999996,0.037315636908736065,0.02,1.0,0.925,0.0,97.0
mlp512x1,deterministic,2,val,robust,0.08,0.25,robust_eps0p08_lam0p25,"robust ($\epsilon_{train}=0.08$, $\lambda=0.25$)",mlp512x1|deterministic|s2|val|robust_eps0p08_lam0p25,0.075,0.075,0.05,0.01,50,50,0.07499999999999997,0.03843664243397704,0.0,0.04,0.925,0.0,94.12
mlp512x1,deterministic,2,val,robust,0.08,0.25,robust_eps0p08_lam0p25,"robust ($\epsilon_{train}=0.08$, $\lambda=0.25$)",mlp512x1|deterministic|s2|val|robust_eps0p08_lam0p25,0.075,0.075,0.05,0.05,50,50,0.07499999999999997,0.038413288152201186,0.0,0.06,0.925,0.0,94.18
mlp512x1,deterministic,2,val,robust,0.08,0.25,robust_eps0p08_lam0p25,"robust ($\epsilon_{train}=0.08$, $\lambda=0.25$)",mlp512x1|deterministic|s2|val|robust_eps0p08_lam0p25,0.075,0.075,0.05,0.07,50,50,0.07499999999999997,0.038413288152201186,0.0,0.06,0.925,0.0,94.18
mlp512x1,deterministic,2,val,robust,0.08,0.25,robust_eps0p08_lam0p25,"robust ($\epsilon_{train}=0.08$, $\lambda=0.25$)",mlp512x1|deterministic|s2|val|robust_eps0p08_lam0p25,0.075,0.075,0.05,0.08,50,50,0.07499999999999997,0.038413288152201186,0.0,0.06,0.925,0.0,94.18
mlp512x1,deterministic,2,val,robust,0.08,0.25,robust_eps0p08_lam0p25,"robust ($\epsilon_{train}=0.08$, $\lambda=0.25$)",mlp512x1|deterministic|s2|val|robust_eps0p08_lam0p25,0.075,0.075,0.05,0.1,50,50,0.22299999999999998,0.038203099616218504,0.16,0.24,0.925,0.0,94.72
mlp512x1,deterministic,2,val,standard,,,standard,standard,mlp512x1|deterministic|s2|val|standard,0.075,0.075,0.05,0.01,50,50,0.11199999999999996,0.03838993387042534,0.04,0.08,0.925,0.0,94.24
mlp512x1,deterministic,2,val,standard,,,standard,standard,mlp512x1|deterministic|s2|val|standard,0.075,0.075,0.05,0.05,50,50,0.556,0.03733899119051192,0.52,0.98,0.925,0.0,96.94
mlp512x1,deterministic,2,val,standard,,,standard,standard,mlp512x1|deterministic|s2|val|standard,0.075,0.075,0.05,0.07,50,50,0.31549999999999995,0.037315636908736065,0.26,1.0,0.925,0.0,97.0
mlp512x1,deterministic,2,val,standard,,,standard,standard,mlp512x1|deterministic|s2|val|standard,0.075,0.075,0.05,0.08,50,50,0.22299999999999995,0.037315636908736065,0.16,1.0,0.925,0.0,97.0
mlp512x1,deterministic,2,val,standard,,,standard,standard,mlp512x1|deterministic|s2|val|standard,0.075,0.075,0.05,0.1,50,50,0.09349999999999996,0.037315636908736065,0.02,1.0,0.925,0.0,97.0
mlp512x1,deterministic,3,val,robust,0.08,0.25,robust_eps0p08_lam0p25,"robust ($\epsilon_{train}=0.08$, $\lambda=0.25$)",mlp512x1|deterministic|s3|val|robust_eps0p08_lam0p25,0.075,0.075,0.05,0.01,50,50,0.07499999999999997,0.03843664243397704,0.0,0.04,0.925,0.0,94.12
mlp512x1,deterministic,3,val,robust,0.08,0.25,robust_eps0p08_lam0p25,"robust ($\epsilon_{train}=0.08$, $\lambda=0.25$)",mlp512x1|deterministic|s3|val|robust_eps0p08_lam0p25,0.075,0.075,0.05,0.05,50,50,0.07499999999999997,0.03843664243397704,0.0,0.04,0.925,0.0,94.12
mlp512x1,deterministic,3,val,robust,0.08,0.25,robust_eps0p08_lam0p25,"robust ($\epsilon_{train}=0.08$, $\lambda=0.25$)",mlp512x1|deterministic|s3|val|robust_eps0p08_lam0p25,0.075,0.075,0.05,0.07,50,50,0.11199999999999996,0.03836657958864948,0.04,0.1,0.925,0.0,94.3
mlp512x1,deterministic,3,val,robust,0.08,0.25,robust_eps0p08_lam0p25,"robust ($\epsilon_{train}=0.08$, $\lambda=0.25$)",mlp512x1|deterministic|s3|val|robust_eps0p08_lam0p25,0.075,0.075,0.05,0.08,50,50,0.11199999999999996,0.03836657958864948,0.04,0.1,0.925,0.0,94.3
mlp512x1,deterministic,3,val,robust,0.08,0.25,robust_eps0p08_lam0p25,"robust ($\epsilon_{train}=0.08$, $\lambda=0.25$)",mlp512x1|deterministic|s3|val|robust_eps0p08_lam0p25,0.075,0.075,0.05,0.1,50,50,0.22151804209822912,0.038179745334442655,0.15649484536082475,0.26,0.925,0.0,100.68
mlp512x1,deterministic,3,val,standard,,,standard,standard,mlp512x1|deterministic|s3|val|standard,0.075,0.075,0.05,0.01,50,50,0.07499999999999997,0.03843664243397704,0.0,0.04,0.925,0.0,94.12
mlp512x1,deterministic,3,val,standard,,,standard,standard,mlp512x1|deterministic|s3|val|standard,0.075,0.075,0.05,0.05,50,50,0.5372075471698112,0.03733899119051192,0.4983505154639175,0.98,0.925,0.0,99.24
mlp512x1,deterministic,3,val,standard,,,standard,standard,mlp512x1|deterministic|s3|val|standard,0.075,0.075,0.05,0.07,50,50,0.27849999999999997,0.037315636908736065,0.22,1.0,0.925,0.0,97.0
mlp512x1,deterministic,3,val,standard,,,standard,standard,mlp512x1|deterministic|s3|val|standard,0.075,0.075,0.05,0.08,50,50,0.18599999999999994,0.037315636908736065,0.12,1.0,0.925,0.0,97.0
mlp512x1,deterministic,3,val,standard,,,standard,standard,mlp512x1|deterministic|s3|val|standard,0.075,0.075,0.05,0.1,50,50,0.11199999999999996,0.037315636908736065,0.04,1.0,0.925,0.0,97.0
mlp512x1,deterministic,4,val,robust,0.08,0.25,robust_eps0p08_lam0p25,"robust ($\epsilon_{train}=0.08$, $\lambda=0.25$)",mlp512x1|deterministic|s4|val|robust_eps0p08_lam0p25,0.075,0.075,0.05,0.01,50,50,0.07499999999999997,0.03843664243397704,0.0,0.04,0.925,0.0,94.12
mlp512x1,deterministic,4,val,robust,0.08,0.25,robust_eps0p08_lam0p25,"robust ($\epsilon_{train}=0.08$, $\lambda=0.25$)",mlp512x1|deterministic|s4|val|robust_eps0p08_lam0p25,0.075,0.075,0.05,0.05,50,50,0.09349999999999996,0.038413288152201186,0.02,0.06,0.925,0.0,94.18
mlp512x1,deterministic,4,val,robust,0.08,0.25,robust_eps0p08_lam0p25,"robust ($\epsilon_{train}=0.08$, $\lambda=0.25$)",mlp512x1|deterministic|s4|val|robust_eps0p08_lam0p25,0.075,0.075,0.05,0.07,50,50,0.07499999999999997,0.038413288152201186,0.0,0.06,0.925,0.0,94.18
mlp512x1,deterministic,4,val,robust,0.08,0.25,robust_eps0p08_lam0p25,"robust ($\epsilon_{train}=0.08$, $\lambda=0.25$)",mlp512x1|deterministic|s4|val|robust_eps0p08_lam0p25,0.075,0.075,0.05,0.08,50,50,0.13049999999999998,0.038343225306873625,0.06,0.12,0.925,0.0,94.36
mlp512x1,deterministic,4,val,robust,0.08,0.25,robust_eps0p08_lam0p25,"robust ($\epsilon_{train}=0.08$, $\lambda=0.25$)",mlp512x1|deterministic|s4|val|robust_eps0p08_lam0p25,0.075,0.075,0.05,0.1,50,50,0.16749999999999995,0.038249808179770216,0.1,0.2,0.925,0.0,94.6
mlp512x1,deterministic,4,val,standard,,,standard,standard,mlp512x1|deterministic|s4|val|standard,0.075,0.075,0.05,0.01,50,50,0.07499999999999997,0.03843664243397704,0.0,0.04,0.925,0.0,94.12
mlp512x1,deterministic,4,val,standard,,,standard,standard,mlp512x1|deterministic|s4|val|standard,0.075,0.075,0.05,0.05,50,50,0.5929079601990049,0.037315636908736065,0.5581443298969072,1.0,0.925,0.0,99.08
mlp512x1,deterministic,4,val,standard,,,standard,standard,mlp512x1|deterministic|s4|val|standard,0.075,0.075,0.05,0.07,50,50,0.2985384615384615,0.037315636908736065,0.24144329896907216,1.0,0.925,0.0,99.22
mlp512x1,deterministic,4,val,standard,,,standard,standard,mlp512x1|deterministic|s4|val|standard,0.075,0.075,0.05,0.08,50,50,0.15783561643835614,0.037315636908736065,0.08804123711340207,1.0,0.925,0.0,100.9
mlp512x1,deterministic,4,val,standard,,,standard,standard,mlp512x1|deterministic|s4|val|standard,0.075,0.075,0.05,0.1,50,50,0.09349999999999996,0.037315636908736065,0.02,1.0,0.925,0.0,97.0
mlp512x1,mc_dropout,0,val,robust,0.08,0.25,robust_eps0p08_lam0p25,"robust ($\epsilon_{train}=0.08$, $\lambda=0.25$)",mlp512x1|mc_dropout|s0|val|robust_eps0p08_lam0p25,0.075,0.075,0.05,0.01,50,50,0.07588379204892963,0.03948513689218903,0.00016666666666666666,0.04,0.925,0.0,95.54
mlp512x1,mc_dropout,0,val,robust,0.08,0.25,robust_eps0p08_lam0p25,"robust ($\epsilon_{train}=0.08$, $\lambda=0.25$)",mlp512x1|mc_dropout|s0|val|robust_eps0p08_lam0p25,0.075,0.075,0.05,0.05,50,50,0.09889726430765146,0.04630509462180845,0.01658675227340028,0.04,0.925,0.0,112.82
mlp512x1,mc_dropout,0,val,robust,0.08,0.25,robust_eps0p08_lam0p25,"robust ($\epsilon_{train}=0.08$, $\lambda=0.25$)",mlp512x1|mc_dropout|s0|val|robust_eps0p08_lam0p25,0.075,0.075,0.05,0.07,50,50,0.13192123551479587,0.05081795327896242,0.044450394167961454,0.04,0.925,0.0,129.84
mlp512x1,mc_dropout,0,val,robust,0.08,0.25,robust_eps0p08_lam0p25,"robust ($\epsilon_{train}=0.08$, $\lambda=0.25$)",mlp512x1|mc_dropout|s0|val|robust_eps0p08_lam0p25,0.075,0.075,0.05,0.08,50,50,0.15640796673558718,0.054261538161206185,0.07132167966032184,0.1,0.925,0.0,142.64
mlp512x1,mc_dropout,0,val,robust,0.08,0.25,robust_eps0p08_lam0p25,"robust ($\epsilon_{train}=0.08$, $\lambda=0.25$)",mlp512x1|mc_dropout|s0|val|robust_eps0p08_lam0p25,0.075,0.075,0.05,0.1,50,50,0.26474252205358245,0.06220717734203915,0.17376612159669647,0.2,0.925,0.0,174.4
mlp512x1,mc_dropout,0,val,standard,,,standard,standard,mlp512x1|mc_dropout|s0|val|standard,0.075,0.075,0.05,0.01,50,50,0.09169465592325182,0.045682573810775944,0.01434758383896563,0.06,0.925,0.0,114.66
mlp512x1,mc_dropout,0,val,standard,,,standard,standard,mlp512x1|mc_dropout|s0|val|standard,0.075,0.075,0.05,0.05,50,50,0.6404663856625681,0.03891628197690325,0.5684903262251094,0.98,0.925,0.0,211.12
mlp512x1,mc_dropout,0,val,standard,,,standard,standard,mlp512x1|mc_dropout|s0|val|standard,0.075,0.075,0.05,0.07,50,50,0.34738070287574396,0.037315636908736065,0.2771134020618557,1.0,0.925,0.0,182.5
mlp512x1,mc_dropout,0,val,standard,,,standard,standard,mlp512x1|mc_dropout|s0|val|standard,0.075,0.075,0.05,0.08,50,50,0.2460419079797553,0.037315636908736065,0.17463917525773195,1.0,0.925,0.0,162.74
mlp512x1,mc_dropout,0,val,standard,,,standard,standard,mlp512x1|mc_dropout|s0|val|standard,0.075,0.075,0.05,0.1,50,50,0.13378825077775255,0.037315636908736065,0.06206185567010308,1.0,0.925,0.0,136.02
mlp512x1,mc_dropout,1,val,robust,0.08,0.25,robust_eps0p08_lam0p25,"robust ($\epsilon_{train}=0.08$, $\lambda=0.25$)",mlp512x1|mc_dropout|s1|val|robust_eps0p08_lam0p25,0.075,0.075,0.05,0.01,50,50,0.07689571694599623,0.03969300531578449,0.00013986013986013986,0.04,0.925,0.0,96.88
mlp512x1,mc_dropout,1,val,robust,0.08,0.25,robust_eps0p08_lam0p25,"robust ($\epsilon_{train}=0.08$, $\lambda=0.25$)",mlp512x1|mc_dropout|s1|val|robust_eps0p08_lam0p25,0.075,0.075,0.05,0.05,50,50,0.09029105734449835,0.04486263425902278,0.00951160988506538,0.04,0.925,0.0,110.98
mlp512x1,mc_dropout,1,val,robust,0.08,0.25,robust_eps0p08_lam0p25,"robust ($\epsilon_{train}=0.08$, $\lambda=0.25$)",mlp512x1|mc_dropout|s1|val|robust_eps0p08_lam0p25,0.075,0.075,0.05,0.07,50,50,0.12728874558287592,0.05248846617526941,0.04269343265578457,0.08,0.925,0.0,133.52
mlp512x1,mc_dropout,1,val,robust,0.08,0.25,robust_eps0p08_lam0p25,"robust ($\epsilon_{train}=0.08$, $\lambda=0.25$)",mlp512x1|mc_dropout|s1|val|robust_eps0p08_lam0p25,0.075,0.075,0.05,0.08,50,50,0.16312989818207327,0.05614026296918777,0.07559423721598046,0.08,0.925,0.0,145.6
mlp512x1,mc_dropout,1,val,robust,0.08,0.25,robust_eps0p08_lam0p25,"robust ($\epsilon_{train}=0.08$, $\lambda=0.25$)",mlp512x1|mc_dropout|s1|val|robust_eps0p08_lam0p25,0.075,0.075,0.05,0.1,50,50,0.2691825107547317,0.06657555208688126,0.17364330015049398,0.14,0.925,0.0,188.06
mlp512x1,mc_dropout,1,val,standard,,,standard,standard,mlp512x1|mc_dropout|s1|val|standard,0.075,0.075,0.05,0.01,50,50,0.0996957647453849,0.04793090744755458,0.020529103853233498,0.04,0.925,0.0,121.86
mlp512x1,mc_dropout,1,val,standard,,,standard,standard,mlp512x1|mc_dropout|s1|val|standard,0.075,0.075,0.05,0.05,50,50,0.5658555916966709,0.038825493189681606,0.5083406298545403,0.98,0.925,0.0,198.62
mlp512x1,mc_dropout,1,val,standard,,,standard,standard,mlp512x1|mc_dropout|s1|val|standard,0.075,0.075,0.05,0.07,50,50,0.3049369617247302,0.037315636908736065,0.23773195876288658,1.0,0.925,0.0,185.88
mlp512x1,mc_dropout,1,val,standard,,,standard,standard,mlp512x1|mc_dropout|s1|val|standard,0.075,0.075,0.05,0.08,50,50,0.2064166155301351,0.037315636908736065,0.13731958762886598,1.0,0.925,0.0,161.76
mlp512x1,mc_dropout,1,val,standard,,,standard,standard,mlp512x1|mc_dropout|s1|val|standard,0.075,0.075,0.05,0.1,50,50,0.11587970699828898,0.037315636908736065,0.04164948453608247,1.0,0.925,0.0,119.52
mlp512x1,mc_dropout,2,val,robust,0.08,0.25,robust_eps0p08_lam0p25,"robust ($\epsilon_{train}=0.08$, $\lambda=0.25$)",mlp512x1|mc_dropout|s2|val|robust_eps0p08_lam0p25,0.075,0.075,0.05,0.01,50,50,0.0755168195718654,0.03903148786847178,0.0,0.04,0.925,0.0,94.94
mlp512x1,mc_dropout,2,val,robust,0.08,0.25,robust_eps0p08_lam0p25,"robust ($\epsilon_{train}=0.08$, $\lambda=0.25$)",mlp512x1|mc_dropout|s2|val|robust_eps0p08_lam0p25,0.075,0.075,0.05,0.05,50,50,0.08841479750186856,0.04515524289914952,0.007957686780354406,0.04,0.925,0.0,111.82
mlp512x1,mc_dropout,2,val,robust,0.08,0.25,robust_eps0p08_lam0p25,"robust ($\epsilon_{train}=0.08$, $\lambda=0.25$)",mlp512x1|mc_dropout|s2|val|robust_eps0p08_lam0p25,0.075,0.075,0.05,0.07,50,50,0.12856694305922484,0.05300593013564797,0.04351030429870381,0.04,0.925,0.0,130.86
mlp512x1,mc_dropout,2,val,robust,0.08,0.25,robust_eps0p08_lam0p25,"robust ($\epsilon_{train}=0.08$, $\lambda=0.25$)",mlp512x1|mc_dropout|s2|val|robust_eps0p08_lam0p25,0.075,0.075,0.05,0.08,50,50,0.16825738600514442,0.05695290786536927,0.07995420167724865,0.04,0.925,0.0,142.4
mlp512x1,mc_dropout,2,val,robust,0.08,0.25,robust_eps0p08_lam0p25,"robust ($\epsilon_{train}=0.08$, $\lambda=0.25$)",mlp512x1|mc_dropout|s2|val|robust_eps0p08_lam0p25,0.075,0.075,0.05,0.1,50,50,0.283244743216653,0.06430237406833947,0.19559547337592684,0.18,0.925,0.0,185.98
mlp512x1,mc_dropout,2,val,standard,,,standard,standard,mlp512x1|mc_dropout|s2|val|standard,0.075,0.075,0.05,0.01,50,50,0.09502953791695903,0.04713384893053754,0.015680468373912886,0.04,0.925,0.0,113.6
mlp512x1,mc_dropout,2,val,standard,,,standard,standard,mlp512x1|mc_dropout|s2|val|standard,0.075,0.075,0.05,0.05,50,50,0.6287243246694774,0.03834752721707247,0.5661283716989126,0.98,0.925,0.0,221.78
mlp512x1,mc_dropout,2,val,standard,,,standard,standard,mlp512x1|mc_dropout|s2|val|standard,0.075,0.075,0.05,0.07,50,50,0.30335003759550466,0.037315636908736065,0.24061855670103094,1.0,0.925,0.0,182.36
mlp512x1,mc_dropout,2,val,standard,,,standard,standard,mlp512x1|mc_dropout|s2|val|standard,0.075,0.075,0.05,0.08,50,50,0.21814352489455094,0.037315636908736065,0.15319587628865977,1.0,0.925,0.0,153.68
mlp512x1,mc_dropout,2,val,standard,,,standard,standard,mlp512x1|mc_dropout|s2|val|standard,0.075,0.075,0.05,0.1,50,50,0.1379703588229123,0.037315636908736065,0.06412371134020618,1.0,0.925,0.0,126.94
mlp512x1,mc_dropout,3,val,robust,0.08,0.25,robust_eps0p08_lam0p25,"robust ($\epsilon_{train}=0.08$, $\lambda=0.25$)",mlp512x1|mc_dropout|s3|val|robust_eps0p08_lam0p25,0.075,0.075,0.05,0.01,50,50,0.07518348623853206,0.038663466945835674,0.0,0.04,0.925,0.0,94.42
mlp512x1,mc_dropout,3,val,robust,0.08,0.25,robust_eps0p08_lam0p25,"robust ($\epsilon_{train}=0.08$, $\lambda=0.25$)",mlp512x1|mc_dropout|s3|val|robust_eps0p08_lam0p25,0.075,0.075,0.05,0.05,50,50,0.09082646069598063,0.045798499959036294,0.010709964726551134,0.04,0.925,0.0,114.46
mlp512x1,mc_dropout,3,val,robust,0.08,0.25,robust_eps0p08_lam0p25,"robust ($\epsilon_{train}=0.08$, $\lambda=0.25$)",mlp512x1|mc_dropout|s3|val|robust_eps0p08_lam0p25,0.075,0.075,0.05,0.07,50,50,0.13631608681323315,0.054604644371606496,0.05029921984680863,0.04,0.925,0.0,132.32
mlp512x1,mc_dropout,3,val,robust,0.08,0.25,robust_eps0p08_lam0p25,"robust ($\epsilon_{train}=0.08$, $\lambda=0.25$)",mlp512x1|mc_dropout|s3|val|robust_eps0p08_lam0p25,0.075,0.075,0.05,0.08,50,50,0.16943360756941978,0.05722881767203876,0.07994662446403274,0.04,0.925,0.0,145.66
mlp512x1,mc_dropout,3,val,robust,0.08,0.25,robust_eps0p08_lam0p25,"robust ($\epsilon_{train}=0.08$, $\lambda=0.25$)",mlp512x1|mc_dropout|s3|val|robust_eps0p08_lam0p25,0.075,0.075,0.05,0.1,50,50,0.25956397793542396,0.06350147790220895,0.16834515225134525,0.16,0.925,0.0,183.14
mlp512x1,mc_dropout,3,val,standard,,,standard,standard,mlp512x1|mc_dropout|s3|val|standard,0.075,0.075,0.05,0.01,50,50,0.09438803172036733,0.04631191937566653,0.015162302927570957,0.04,0.925,0.0,112.36
mlp512x1,mc_dropout,3,val,standard,,,standard,standard,mlp512x1|mc_dropout|s3|val|standard,0.075,0.075,0.05,0.05,50,50,0.6439326183343589,0.03865995161362533,0.5866162971331733,0.98,0.925,0.0,209.36
mlp512x1,mc_dropout,3,val,standard,,,standard,standard,mlp512x1|mc_dropout|s3|val|standard,0.075,0.075,0.05,0.07,50,50,0.34462459076596474,0.037315636908736065,0.2771134020618557,1.0,0.925,0.0,181.52
mlp512x1,mc_dropout,3,val,standard,,,standard,standard,mlp512x1|mc_dropout|s3|val|standard,0.075,0.075,0.05,0.08,50,50,0.24358020397445432,0.037315636908736065,0.16989690721649484,1.0,0.925,0.0,161.36
mlp512x1,mc_dropout,3,val,standard,,,standard,standard,mlp512x1|mc_dropout|s3|val|standard,0.075,0.075,0.05,0.1,50,50,0.1381593956179711,0.037315636908736065,0.06845360824742269,1.0,0.925,0.0,125.42
mlp512x1,mc_dropout,4,val,robust,0.08,0.25,robust_eps0p08_lam0p25,"robust ($\epsilon_{train}=0.08$, $\lambda=0.25$)",mlp512x1|mc_dropout|s4|val|robust_eps0p08_lam0p25,0.075,0.075,0.05,0.01,50,50,0.0768039215686274,0.03958292184187928,0.00043383584589614744,0.04,0.925,0.0,96.78
mlp512x1,mc_dropout,4,val,robust,0.08,0.25,robust_eps0p08_lam0p25,"robust ($\epsilon_{train}=0.08$, $\lambda=0.25$)",mlp512x1|mc_dropout|s4|val|robust_eps0p08_lam0p25,0.075,0.075,0.05,0.05,50,50,0.09764356831037492,0.044572381407507876,0.01588323722445082,0.04,0.925,0.0,110.68
mlp512x1,mc_dropout,4,val,robust,0.08,0.25,robust_eps0p08_lam0p25,"robust ($\epsilon_{train}=0.08$, $\lambda=0.25$)",mlp512x1|mc_dropout|s4|val|robust_eps0p08_lam0p25,0.075,0.075,0.05,0.07,50,50,0.11900034462625571,0.05066963798267026,0.0355814276546774,0.06,0.925,0.0,125.04
mlp512x1,mc_dropout,4,val,robust,0.08,0.25,robust_eps0p08_lam0p25,"robust ($\epsilon_{train}=0.08$, $\lambda=0.25$)",mlp512x1|mc_dropout|s4|val|robust_eps0p08_lam0p25,0.075,0.075,0.05,0.08,50,50,0.14894699756079058,0.05638992940139946,0.06335096185525999,0.08,0.925,0.0,143.4
mlp512x1,mc_dropout,4,val,robust,0.08,0.25,robust_eps0p08_lam0p25,"robust ($\epsilon_{train}=0.08$, $\lambda=0.25$)",mlp512x1|mc_dropout|s4|val|robust_eps0p08_lam0p25,0.075,0.075,0.05,0.1,50,50,0.2679294144154011,0.06385961614275538,0.1804910016709921,0.2,0.925,0.0,183.28
mlp512x1,mc_dropout,4,val,standard,,,standard,standard,mlp512x1|mc_dropout|s4|val|standard,0.075,0.075,0.05,0.01,50,50,0.08945459195174678,0.04446290785110271,0.0144251193928256,0.04,0.925,0.0,110.26
mlp512x1,mc_dropout,4,val,standard,,,standard,standard,mlp512x1|mc_dropout|s4|val|standard,0.075,0.075,0.05,0.05,50,50,0.6239456763634158,0.03841358820498498,0.5600127100691992,0.98,0.925,0.0,222.38
mlp512x1,mc_dropout,4,val,standard,,,standard,standard,mlp512x1|mc_dropout|s4|val|standard,0.075,0.075,0.05,0.07,50,50,0.27513817222161313,0.037315636908736065,0.20144329896907215,1.0,0.925,0.0,189.38
mlp512x1,mc_dropout,4,val,standard,,,standard,standard,mlp512x1|mc_dropout|s4|val|standard,0.075,0.075,0.05,0.08,50,50,0.1853467751356883,0.037315636908736065,0.10969072164948454,1.0,0.925,0.0,155.7
mlp512x1,mc_dropout,4,val,standard,,,standard,standard,mlp512x1|mc_dropout|s4|val|standard,0.075,0.075,0.05,0.1,50,50,0.1105568117846168,0.037315636908736065,0.03278350515463918,1.0,0.925,0.0,116.16
mlp512x1,vogn,0,val,robust,0.08,0.25,robust_eps0p08_lam0p25,"robust ($\epsilon_{train}=0.08$, $\lambda=0.25$)",mlp512x1|vogn|s0|val|robust_eps0p08_lam0p25,0.075,0.075,0.05,0.01,50,50,0.08507573899415784,0.042572915780406145,0.005028323625794647,0.06,0.925,0.0,106.64
mlp512x1,vogn,0,val,robust,0.08,0.25,robust_eps0p08_lam0p25,"robust ($\epsilon_{train}=0.08$, $\lambda=0.25$)",mlp512x1|vogn|s0|val|robust_eps0p08_lam0p25,0.075,0.075,0.05,0.05,50,50,0.17385157677301824,0.050966795334642,0.08692827920575193,0.18,0.925,0.0,141.54
mlp512x1,vogn,0,val,robust,0.08,0.25,robust_eps0p08_lam0p25,"robust ($\epsilon_{train}=0.08$, $\lambda=0.25$)",mlp512x1|vogn|s0|val|robust_eps0p08_lam0p25,0.075,0.075,0.05,0.07,50,50,0.25672128019537843,0.05226788465076912,0.17784352058761266,0.34,0.925,0.0,161.82
mlp512x1,vogn,0,val,robust,0.08,0.25,robust_eps0p08_lam0p25,"robust ($\epsilon_{train}=0.08$, $\lambda=0.25$)",mlp512x1|vogn|s0|val|robust_eps0p08_lam0p25,0.075,0.075,0.05,0.08,50,50,0.3086978672657744,0.0526830132625691,0.23144800419869302,0.48,0.925,0.0,161.02
mlp512x1,vogn,0,val,robust,0.08,0.25,robust_eps0p08_lam0p25,"robust ($\epsilon_{train}=0.08$, $\lambda=0.25$)",mlp512x1|vogn|s0|val|robust_eps0p08_lam0p25,0.075,0.075,0.05,0.1,50,50,0.4956214551971476,0.05250948842709505,0.43066013413697113,0.76,0.925,0.0,192.06
mlp512x1,vogn,0,val,standard,,,standard,standard,mlp512x1|vogn|s0|val|standard,0.075,0.075,0.05,0.01,50,50,0.16006663563014578,0.0665034190247067,0.0651867770461343,0.04,0.925,0.0,173.38
mlp512x1,vogn,0,val,standard,,,standard,standard,mlp512x1|vogn|s0|val|standard,0.075,0.075,0.05,0.05,50,50,0.5070304916769802,0.037315636908736065,0.4371134020618556,1.0,0.925,0.0,245.26
mlp512x1,vogn,0,val,standard,,,standard,standard,mlp512x1|vogn|s0|val|standard,0.075,0.075,0.05,0.07,50,50,0.2375367058167711,0.037315636908736065,0.1649484536082474,1.0,0.925,0.0,193.42
mlp512x1,vogn,0,val,standard,,,standard,standard,mlp512x1|vogn|s0|val|standard,0.075,0.075,0.05,0.08,50,50,0.1680044583310598,0.037315636908736065,0.0911340206185567,1.0,0.925,0.0,157.3
mlp512x1,vogn,0,val,standard,,,standard,standard,mlp512x1|vogn|s0|val|standard,0.075,0.075,0.05,0.1,50,50,0.10439093572305096,0.037315636908736065,0.0290721649484536,1.0,0.925,0.0,119.8
mlp512x1,vogn,1,val,robust,0.08,0.25,robust_eps0p08_lam0p25,"robust ($\epsilon_{train}=0.08$, $\lambda=0.25$)",mlp512x1|vogn|s1|val|robust_eps0p08_lam0p25,0.075,0.075,0.05,0.01,50,50,0.08156415734573329,0.041541267346837,0.0033806711072012063,0.04,0.925,0.0,102.94
mlp512x1,vogn,1,val,robust,0.08,0.25,robust_eps0p08_lam0p25,"robust ($\epsilon_{train}=0.08$, $\lambda=0.25$)",mlp512x1|vogn|s1|val|robust_eps0p08_lam0p25,0.075,0.075,0.05,0.05,50,50,0.17584368722350655,0.05038493569108268,0.08998006606496595,0.22,0.925,0.0,147.68
mlp512x1,vogn,1,val,robust,0.08,0.25,robust_eps0p08_lam0p25,"robust ($\epsilon_{train}=0.08$, $\lambda=0.25$)",mlp512x1|vogn|s1|val|robust_eps0p08_lam0p25,0.075,0.075,0.05,0.07,50,50,0.2207925703667361,0.049126012704014385,0.14636892957606495,0.4,0.925,0.0,154.48
mlp512x1,vogn,1,val,robust,0.08,0.25,robust_eps0p08_lam0p25,"robust ($\epsilon_{train}=0.08$, $\lambda=0.25$)",mlp512x1|vogn|s1|val|robust_eps0p08_lam0p25,0.075,0.075,0.05,0.08,50,50,0.28435948453961,0.051486194675055295,0.2168380076582946,0.48,0.925,0.0,150.9
mlp512x1,vogn,1,val,robust,0.08,0.25,robust_eps0p08_lam0p25,"robust ($\epsilon_{train}=0.08$, $\lambda=0.25$)",mlp512x1|vogn|s1|val|robust_eps0p08_lam0p25,0.075,0.075,0.05,0.1,50,50,0.49359344860638865,0.05101093868766941,0.42954754159178415,0.74,0.925,0.0,176.48
mlp512x1,vogn,1,val,standard,,,standard,standard,mlp512x1|vogn|s1|val|standard,0.075,0.075,0.05,0.01,50,50,0.17548083326379857,0.07270372388087734,0.07639905636825023,0.04,0.925,0.0,184.98
mlp512x1,vogn,1,val,standard,,,standard,standard,mlp512x1|vogn|s1|val|standard,0.075,0.075,0.05,0.05,50,50,0.4503809387843111,0.037315636908736065,0.3719587628865979,1.0,0.925,0.0,249.7
mlp512x1,vogn,1,val,standard,,,standard,standard,mlp512x1|vogn|s1|val|standard,0.075,0.075,0.05,0.07,50,50,0.2020965153257022,0.037315636908736065,0.12412371134020617,1.0,0.925,0.0,183.98
mlp512x1,vogn,1,val,standard,,,standard,standard,mlp512x1|vogn|s1|val|standard,0.075,0.075,0.05,0.08,50,50,0.1470566903136532,0.037315636908736065,0.07257731958762886,1.0,0.925,0.0,144.02
mlp512x1,vogn,1,val,standard,,,standard,standard,mlp512x1|vogn|s1|val|standard,0.075,0.075,0.05,0.1,50,50,0.10219226736675745,0.037315636908736065,0.02824742268041237,1.0,0.925,0.0,114.38
mlp512x1,vogn,2,val,robust,0.08,0.25,robust_eps0p08_lam0p25,"robust ($\epsilon_{train}=0.08$, $\lambda=0.25$)",mlp512x1|vogn|s2|val|robust_eps0p08_lam0p25,0.075,0.075,0.05,0.01,50,50,0.08055813148521579,0.04165553881018621,0.0019920852359208525,0.04,0.925,0.0,101.74
mlp512x1,vogn,2,val,robust,0.08,0.25,robust_eps0p08_lam0p25,"robust ($\epsilon_{train}=0.08$, $\lambda=0.25$)",mlp512x1|vogn|s2|val|robust_eps0p08_lam0p25,0.075,0.075,0.05,0.05,50,50,0.18073178963019706,0.050426528386572994,0.09860500408886307,0.22,0.925,0.0,146.14
mlp512x1,vogn,2,val,robust,0.08,0.25,robust_eps0p08_lam0p25,"robust ($\epsilon_{train}=0.08$, $\lambda=0.25$)",mlp512x1|vogn|s2|val|robust_eps0p08_lam0p25,0.075,0.075,0.05,0.07,50,50,0.23214325575192546,0.050133565972907634,0.15862344954664434,0.38,0.925,0.0,155.74
mlp512x1,vogn,2,val,robust,0.08,0.25,robust_eps0p08_lam0p25,"robust ($\epsilon_{train}=0.08$, $\lambda=0.25$)",mlp512x1|vogn|s2|val|robust_eps0p08_lam0p25,0.075,0.075,0.05,0.08,50,50,0.28060814969816256,0.04982568717597372,0.21088980752493763,0.48,0.925,0.0,151.48
mlp512x1,vogn,2,val,robust,0.08,0.25,robust_eps0p08_lam0p25,"robust ($\epsilon_{train}=0.08$, $\lambda=0.25$)",mlp512x1|vogn|s2|val|robust_eps0p08_lam0p25,0.075,0.075,0.05,0.1,50,50,0.4516319676336383,0.05120432305690921,0.3899659158852554,0.78,0.925,0.0,185.54
mlp512x1,vogn,2,val,standard,,,standard,standard,mlp512x1|vogn|s2|val|standard,0.075,0.075,0.05,0.01,50,50,0.16244451369826943,0.06817302569714903,0.06862414562267027,0.04,0.925,0.0,176.04
mlp512x1,vogn,2,val,standard,,,standard,standard,mlp512x1|vogn|s2|val|standard,0.075,0.075,0.05,0.05,50,50,0.4974519791769193,0.037315636908736065,0.42783505154639173,1.0,0.925,0.0,251.74
mlp512x1,vogn,2,val,standard,,,standard,standard,mlp512x1|vogn|s2|val|standard,0.075,0.075,0.05,0.07,50,50,0.2330341007946261,0.037315636908736065,0.16391752577319585,1.0,0.925,0.0,190.66
mlp512x1,vogn,2,val,standard,,,standard,standard,mlp512x1|vogn|s2|val|standard,0.075,0.075,0.05,0.08,50,50,0.1647432391484778,0.037315636908736065,0.09051546391752577,1.0,0.925,0.0,153.5
mlp512x1,vogn,2,val,standard,,,standard,standard,mlp512x1|vogn|s2|val|standard,0.075,0.075,0.05,0.1,50,50,0.1061297672228441,0.037315636908736065,0.0311340206185567,1.0,0.925,0.0,120.72
mlp512x1,vogn,3,val,robust,0.08,0.25,robust_eps0p08_lam0p25,"robust ($\epsilon_{train}=0.08$, $\lambda=0.25$)",mlp512x1|vogn|s3|val|robust_eps0p08_lam0p25,0.075,0.075,0.05,0.01,50,50,0.08070731258098483,0.04101380695999353,0.0034721022045217176,0.04,0.925,0.0,99.7
mlp512x1,vogn,3,val,robust,0.08,0.25,robust_eps0p08_lam0p25,"robust ($\epsilon_{train}=0.08$, $\lambda=0.25$)",mlp512x1|vogn|s3|val|robust_eps0p08_lam0p25,0.075,0.075,0.05,0.05,50,50,0.18765446450005338,0.05228854979638424,0.1016567234394429,0.2,0.925,0.0,145.82
mlp512x1,vogn,3,val,robust,0.08,0.25,robust_eps0p08_lam0p25,"robust ($\epsilon_{train}=0.08$, $\lambda=0.25$)",mlp512x1|vogn|s3|val|robust_eps0p08_lam0p25,0.075,0.075,0.05,0.07,50,50,0.2356392906308017,0.05123288602947663,0.15405762632689435,0.38,0.925,0.0,154.56
mlp512x1,vogn,3,val,robust,0.08,0.25,robust_eps0p08_lam0p25,"robust ($\epsilon_{train}=0.08$, $\lambda=0.25$)",mlp512x1|vogn|s3|val|robust_eps0p08_lam0p25,0.075,0.075,0.05,0.08,50,50,0.2709730300718683,0.05162850468521684,0.1935544170428215,0.5,0.925,0.0,160.58
mlp512x1,vogn,3,val,robust,0.08,0.25,robust_eps0p08_lam0p25,"robust ($\epsilon_{train}=0.08$, $\lambda=0.25$)",mlp512x1|vogn|s3|val|robust_eps0p08_lam0p25,0.075,0.075,0.05,0.1,50,50,0.4459517379917139,0.04873729171753064,0.38459511469163266,0.72,0.925,0.0,166.62
mlp512x1,vogn,3,val,standard,,,standard,standard,mlp512x1|vogn|s3|val|standard,0.075,0.075,0.05,0.01,50,50,0.16375407305388912,0.06822783388588859,0.0697682465301798,0.04,0.925,0.0,169.7
mlp512x1,vogn,3,val,standard,,,standard,standard,mlp512x1|vogn|s3|val|standard,0.075,0.075,0.05,0.05,50,50,0.4903940823253765,0.037315636908736065,0.42432989690721656,1.0,0.925,0.0,246.68
mlp512x1,vogn,3,val,standard,,,standard,standard,mlp512x1|vogn|s3|val|standard,0.075,0.075,0.05,0.07,50,50,0.23723208470781987,0.037315636908736065,0.16185567010309276,1.0,0.925,0.0,192.22
mlp512x1,vogn,3,val,standard,,,standard,standard,mlp512x1|vogn|s3|val|standard,0.075,0.075,0.05,0.08,50,50,0.1726611685750813,0.037315636908736065,0.0975257731958763,1.0,0.925,0.0,153.02
mlp512x1,vogn,3,val,standard,,,standard,standard,mlp512x1|vogn|s3|val|standard,0.075,0.075,0.05,0.1,50,50,0.11030537270192406,0.037315636908736065,0.0331958762886598,1.0,0.925,0.0,125.12
mlp512x1,vogn,4,val,robust,0.08,0.25,robust_eps0p08_lam0p25,"robust ($\epsilon_{train}=0.08$, $\lambda=0.25$)",mlp512x1|vogn|s4|val|robust_eps0p08_lam0p25,0.075,0.075,0.05,0.01,50,50,0.08126909760924819,0.04130301633987213,0.0028137740243991925,0.04,0.925,0.0,102.4
mlp512x1,vogn,4,val,robust,0.08,0.25,robust_eps0p08_lam0p25,"robust ($\epsilon_{train}=0.08$, $\lambda=0.25$)",mlp512x1|vogn|s4|val|robust_eps0p08_lam0p25,0.075,0.075,0.05,0.05,50,50,0.165793322914506,0.048910886862678325,0.08288050389046299,0.26,0.925,0.0,139.4
mlp512x1,vogn,4,val,robust,0.08,0.25,robust_eps0p08_lam0p25,"robust ($\epsilon_{train}=0.08$, $\lambda=0.25$)",mlp512x1|vogn|s4|val|robust_eps0p08_lam0p25,0.075,0.075,0.05,0.07,50,50,0.20669296093958786,0.049513425622785226,0.13351574371434646,0.4,0.925,0.0,145.1
mlp512x1,vogn,4,val,robust,0.08,0.25,robust_eps0p08_lam0p25,"robust ($\epsilon_{train}=0.08$, $\lambda=0.25$)",mlp512x1|vogn|s4|val|robust_eps0p08_lam0p25,0.075,0.075,0.05,0.08,50,50,0.2817244263098517,0.05300408122599966,0.20501278732724237,0.48,0.925,0.0,157.22
mlp512x1,vogn,4,val,robust,0.08,0.25,robust_eps0p08_lam0p25,"robust ($\epsilon_{train}=0.08$, $\lambda=0.25$)",mlp512x1|vogn|s4|val|robust_eps0p08_lam0p25,0.075,0.075,0.05,0.1,50,50,0.48308937585939155,0.04698779724922323,0.4223494213356318,0.84,0.925,0.0,169.8
mlp512x1,vogn,4,val,standard,,,standard,standard,mlp512x1|vogn|s4|val|standard,0.075,0.075,0.05,0.01,50,50,0.1810146765808274,0.0717358642406477,0.08205770356188757,0.04,0.925,0.0,182.78
mlp512x1,vogn,4,val,standard,,,standard,standard,mlp512x1|vogn|s4|val|standard,0.075,0.075,0.05,0.05,50,50,0.4464610987860291,0.037315636908736065,0.38082474226804125,1.0,0.925,0.0,239.76
mlp512x1,vogn,4,val,standard,,,standard,standard,mlp512x1|vogn|s4|val|standard,0.075,0.075,0.05,0.07,50,50,0.2140281910095391,0.037315636908736065,0.1404123711340206,1.0,0.925,0.0,173.82
mlp512x1,vogn,4,val,standard,,,standard,standard,mlp512x1|vogn|s4|val|standard,0.075,0.075,0.05,0.08,50,50,0.15741277246844754,0.037315636908736065,0.08742268041237114,1.0,0.925,0.0,149.76
mlp512x1,vogn,4,val,standard,,,standard,standard,mlp512x1|vogn|s4|val|standard,0.075,0.075,0.05,0.1,50,50,0.10373777880534236,0.037315636908736065,0.029278350515463913,1.0,0.925,0.0,116.2
