architecture,family,eval_split,train_epsilon,rob_lam,robust_config_id,outcome_group,eval_epsilon,metric,n_seeds,mean,sd,ci_low,ci_high
mlp512x1,bbb,val,0.08,0.25,robust_eps0p08_lam0p25,certification,0.01,frac_p_safe_lower_geq_0p5,5,0.03199999999999996,0.033466401061363,-0.00955402534734271,0.07355402534734262
mlp512x1,bbb,val,0.08,0.25,robust_eps0p08_lam0p25,certification,0.01,frac_p_safe_point_geq_0p9,5,0.07999999999999996,0.020000000000000018,0.055166720035924655,0.10483327996407527
mlp512x1,bbb,val,0.08,0.25,robust_eps0p08_lam0p25,certification,0.01,mean_interval_width,5,-0.03776675412986574,0.014197927091724648,-0.05539580904878211,-0.020137699210949375
mlp512x1,bbb,val,0.08,0.25,robust_eps0p08_lam0p25,certification,0.01,mean_net_frac_safe,5,0.0,0.0,0.0,0.0
mlp512x1,bbb,val,0.08,0.25,robust_eps0p08_lam0p25,certification,0.01,mean_net_frac_unsafe,5,0.004,0.00894427190999916,-0.0071057804207911735,0.015105780420791174
mlp512x1,bbb,val,0.08,0.25,robust_eps0p08_lam0p25,certification,0.01,mean_p_safe_lower,5,0.0372381593832853,0.014266524288532131,0.019523929794715383,0.05495238897185521
mlp512x1,bbb,val,0.08,0.25,robust_eps0p08_lam0p25,certification,0.01,mean_p_safe_point,5,0.03723815938328543,0.014266524288532229,0.019523929794715393,0.05495238897185547
mlp512x1,bbb,val,0.08,0.25,robust_eps0p08_lam0p25,certification,0.01,mean_p_safe_upper,5,-0.000528594746580402,0.0013518302396810004,-0.0022071136868754655,0.0011499241937146616
mlp512x1,bbb,val,0.08,0.25,robust_eps0p08_lam0p25,certification,0.01,mean_property_evaluations,5,-23.883999999999997,3.451446073749383,-28.16953633151634,-19.598463668483653
mlp512x1,bbb,val,0.08,0.25,robust_eps0p08_lam0p25,certification,0.01,mean_unknown_frac,5,-0.036711757158671914,0.012983630138199042,-0.05283306326726703,-0.0205904510500768
mlp512x1,bbb,val,0.08,0.25,robust_eps0p08_lam0p25,certification,0.01,median_p_safe_point,5,0.0,0.0,0.0,0.0
mlp512x1,bbb,val,0.08,0.25,robust_eps0p08_lam0p25,pgd,0.01,accuracy,5,-0.009399999999999986,0.002701851217221245,-0.012754791384926623,-0.00604520861507335
mlp512x1,bbb,val,0.08,0.25,robust_eps0p08_lam0p25,pgd,0.01,brier,5,0.015862691402435302,0.004968569225499636,0.009693397872549244,0.02203198493232136
mlp512x1,bbb,val,0.08,0.25,robust_eps0p08_lam0p25,pgd,0.01,ece,5,0.008032479888200739,0.0031669508011274313,0.004100191094358239,0.011964768682043238
mlp512x1,bbb,val,0.08,0.25,robust_eps0p08_lam0p25,pgd,0.01,ece_adaptive,5,0.008232277417182928,0.0024216878476874463,0.005225354801821866,0.011239200032543991
mlp512x1,bbb,val,0.08,0.25,robust_eps0p08_lam0p25,pgd,0.01,mc_samples,5,0.0,0.0,0.0,0.0
mlp512x1,bbb,val,0.08,0.25,robust_eps0p08_lam0p25,pgd,0.01,mean_confidence,5,-0.0010705159315639533,0.0010850849682085986,-0.0024178268715806463,0.00027679500845273963
mlp512x1,bbb,val,0.08,0.25,robust_eps0p08_lam0p25,pgd,0.01,mean_mutual_information,5,-0.012318665847344559,0.0006561109241084892,-0.013133335160638271,-0.011503996534050846
mlp512x1,bbb,val,0.08,0.25,robust_eps0p08_lam0p25,pgd,0.01,mean_predictive_entropy,5,0.0035635875255406457,0.002316567019517884,0.0006871896579790926,0.006439985393102199
mlp512x1,bbb,val,0.08,0.25,robust_eps0p08_lam0p25,pgd,0.01,n,5,0.0,0.0,0.0,0.0
mlp512x1,bbb,val,0.08,0.25,robust_eps0p08_lam0p25,pgd,0.01,nll,5,0.07842974811792373,0.016148927246825397,0.058378206545928804,0.09848128968991866
mlp512x1,bbb,val,0.08,0.25,robust_eps0p08_lam0p25,pgd,0.03,accuracy,5,0.006299999999999972,0.0033090784215548683,0.0021912364567223536,0.010408763543277591
mlp512x1,bbb,val,0.08,0.25,robust_eps0p08_lam0p25,pgd,0.03,brier,5,-0.004740780591964722,0.005177007453907873,-0.01116888436591466,0.001687323181985216
mlp512x1,bbb,val,0.08,0.25,robust_eps0p08_lam0p25,pgd,0.03,ece,5,0.010046363019943199,0.0016696270756430221,0.007973247189691026,0.012119478850195372
mlp512x1,bbb,val,0.08,0.25,robust_eps0p08_lam0p25,pgd,0.03,ece_adaptive,5,0.009266886389255524,0.0027284230221660487,0.005879101750761631,0.012654671027749417
mlp512x1,bbb,val,0.08,0.25,robust_eps0p08_lam0p25,pgd,0.03,mc_samples,5,0.0,0.0,0.0,0.0
mlp512x1,bbb,val,0.08,0.25,robust_eps0p08_lam0p25,pgd,0.03,mean_confidence,5,0.01688656932360637,0.0019389703200466378,0.014479019683618831,0.019294118963593912
mlp512x1,bbb,val,0.08,0.25,robust_eps0p08_lam0p25,pgd,0.03,mean_mutual_information,5,-0.026400055767235642,0.0008230406182700638,-0.027421995672000946,-0.025378115862470338
mlp512x1,bbb,val,0.08,0.25,robust_eps0p08_lam0p25,pgd,0.03,mean_predictive_entropy,5,-0.03984024472200485,0.0028524066527904866,-0.0433819753710117,-0.036298514072998
mlp512x1,bbb,val,0.08,0.25,robust_eps0p08_lam0p25,pgd,0.03,n,5,0.0,0.0,0.0,0.0
mlp512x1,bbb,val,0.08,0.25,robust_eps0p08_lam0p25,pgd,0.03,nll,5,0.05277685821056366,0.021463635781426876,0.02612623439020779,0.07942748203091952
mlp512x1,bbb,val,0.08,0.25,robust_eps0p08_lam0p25,certification,0.05,frac_p_safe_lower_geq_0p5,5,0.9399999999999998,0.014142135623730925,0.9224402193382982,0.9575597806617014
mlp512x1,bbb,val,0.08,0.25,robust_eps0p08_lam0p25,certification,0.05,frac_p_safe_point_geq_0p9,5,0.9359999999999999,0.016733200530681475,0.9152229873263287,0.9567770126736712
mlp512x1,bbb,val,0.08,0.25,robust_eps0p08_lam0p25,certification,0.05,mean_interval_width,5,-0.38271058824076076,0.010126504800227356,-0.3952843046788407,-0.37013687180268084
mlp512x1,bbb,val,0.08,0.25,robust_eps0p08_lam0p25,certification,0.05,mean_net_frac_safe,5,0.772,0.022803508501982737,0.7436857044603546,0.8003142955396454
mlp512x1,bbb,val,0.08,0.25,robust_eps0p08_lam0p25,certification,0.05,mean_net_frac_unsafe,5,-0.04,0.014142135623730947,-0.05755978066170166,-0.02244021933829835
mlp512x1,bbb,val,0.08,0.25,robust_eps0p08_lam0p25,certification,0.05,mean_p_safe_lower,5,0.8691825536370417,0.013176418866706292,0.8528218687049997,0.8855432385690837
mlp512x1,bbb,val,0.08,0.25,robust_eps0p08_lam0p25,certification,0.05,mean_p_safe_point,5,0.9399825536370419,0.014392847041815825,0.9221114736335656,0.9578536336405181
mlp512x1,bbb,val,0.08,0.25,robust_eps0p08_lam0p25,certification,0.05,mean_p_safe_upper,5,0.4864719653962809,0.021319561498214908,0.46000023342645635,0.5129436973661055
mlp512x1,bbb,val,0.08,0.25,robust_eps0p08_lam0p25,certification,0.05,mean_property_evaluations,5,-92.31199999999998,3.6436684810778273,-96.83621197434411,-87.78778802565586
mlp512x1,bbb,val,0.08,0.25,robust_eps0p08_lam0p25,certification,0.05,mean_unknown_frac,5,-0.39550126568336286,0.009415090957059039,-0.40719164516455686,-0.38381088620216885
mlp512x1,bbb,val,0.08,0.25,robust_eps0p08_lam0p25,certification,0.05,median_p_safe_point,5,1.0,0.0,1.0,1.0
mlp512x1,bbb,val,0.08,0.25,robust_eps0p08_lam0p25,pgd,0.05,accuracy,5,0.0743,0.0045083256315399415,0.06870217437113761,0.0798978256288624
mlp512x1,bbb,val,0.08,0.25,robust_eps0p08_lam0p25,pgd,0.05,brier,5,-0.0971932590007782,0.00941883752913277,-0.10888829046563286,-0.08549822753592354
mlp512x1,bbb,val,0.08,0.25,robust_eps0p08_lam0p25,pgd,0.05,ece,5,-0.01703345043659211,0.003969034665593169,-0.02196165788848186,-0.012105242984702355
mlp512x1,bbb,val,0.08,0.25,robust_eps0p08_lam0p25,pgd,0.05,ece_adaptive,5,-0.01897863016724587,0.005416985785207051,-0.025704706395519014,-0.012252553938972725
mlp512x1,bbb,val,0.08,0.25,robust_eps0p08_lam0p25,pgd,0.05,mc_samples,5,0.0,0.0,0.0,0.0
mlp512x1,bbb,val,0.08,0.25,robust_eps0p08_lam0p25,pgd,0.05,mean_confidence,5,0.05532095324754218,0.0021024554529536915,0.0527104100037824,0.05793149649130196
mlp512x1,bbb,val,0.08,0.25,robust_eps0p08_lam0p25,pgd,0.05,mean_mutual_information,5,-0.05090992339619366,0.0010436009600317004,-0.05220572513675591,-0.04961412165563141
mlp512x1,bbb,val,0.08,0.25,robust_eps0p08_lam0p25,pgd,0.05,mean_predictive_entropy,5,-0.11935312190642278,0.0022906934849113336,-0.1221973935375571,-0.11650885027528846
mlp512x1,bbb,val,0.08,0.25,robust_eps0p08_lam0p25,pgd,0.05,n,5,0.0,0.0,0.0,0.0
mlp512x1,bbb,val,0.08,0.25,robust_eps0p08_lam0p25,pgd,0.05,nll,5,-0.09203763008117676,0.030702220130408263,-0.13015947148203155,-0.053915788680321944
mlp512x1,bbb,val,0.08,0.25,robust_eps0p08_lam0p25,certification,0.07,frac_p_safe_lower_geq_0p5,5,0.8560000000000001,0.026076809620810618,0.823621364305826,0.8883786356941742
mlp512x1,bbb,val,0.08,0.25,robust_eps0p08_lam0p25,certification,0.07,frac_p_safe_point_geq_0p9,5,0.844,0.021908902300206663,0.8167965047736697,0.8712034952263302
mlp512x1,bbb,val,0.08,0.25,robust_eps0p08_lam0p25,certification,0.07,mean_interval_width,5,-0.06306327725469085,0.013398538787240115,-0.07969976049534362,-0.046426794014038084
mlp512x1,bbb,val,0.08,0.25,robust_eps0p08_lam0p25,certification,0.07,mean_net_frac_safe,5,0.884,0.026076809620810618,0.8516213643058259,0.9163786356941741
mlp512x1,bbb,val,0.08,0.25,robust_eps0p08_lam0p25,certification,0.07,mean_net_frac_unsafe,5,-0.22799999999999998,0.022803508501982758,-0.2563142955396454,-0.19968570446035455
mlp512x1,bbb,val,0.08,0.25,robust_eps0p08_lam0p25,certification,0.07,mean_p_safe_lower,5,0.7934503258734533,0.019081013197984723,0.7697581187362648,0.8171425330106419
mlp512x1,bbb,val,0.08,0.25,robust_eps0p08_lam0p25,certification,0.07,mean_p_safe_point,5,0.8598468127221357,0.019846201114961368,0.8352044992965768,0.8844891261476946
mlp512x1,bbb,val,0.08,0.25,robust_eps0p08_lam0p25,certification,0.07,mean_p_safe_upper,5,0.7303870486187625,0.015600519893429575,0.7110164447138293,0.7497576525236956
mlp512x1,bbb,val,0.08,0.25,robust_eps0p08_lam0p25,certification,0.07,mean_property_evaluations,5,-25.948,7.30466426333202,-35.01793863474499,-16.87806136525501
mlp512x1,bbb,val,0.08,0.25,robust_eps0p08_lam0p25,certification,0.07,mean_unknown_frac,5,-0.06487513595359698,0.015210013781652982,-0.08376086247845857,-0.04598940942873538
mlp512x1,bbb,val,0.08,0.25,robust_eps0p08_lam0p25,certification,0.07,median_p_safe_point,5,1.0,0.0,1.0,1.0
mlp512x1,bbb,val,0.08,0.25,robust_eps0p08_lam0p25,pgd,0.07,accuracy,5,0.2162,0.005641365083027327,0.20919532007568117,0.22320467992431883
mlp512x1,bbb,val,0.08,0.25,robust_eps0p08_lam0p25,pgd,0.07,brier,5,-0.31678721904754636,0.008609997137250226,-0.32747794251750745,-0.3060964955775853
mlp512x1,bbb,val,0.08,0.25,robust_eps0p08_lam0p25,pgd,0.07,ece,5,-0.1258082297772169,0.006094191090951457,-0.13337516745302544,-0.11824129210140835
mlp512x1,bbb,val,0.08,0.25,robust_eps0p08_lam0p25,pgd,0.07,ece_adaptive,5,-0.1264630729675293,0.007375234084802962,-0.1356206356089544,-0.11730551032610416
mlp512x1,bbb,val,0.08,0.25,robust_eps0p08_lam0p25,pgd,0.07,mc_samples,5,0.0,0.0,0.0,0.0
mlp512x1,bbb,val,0.08,0.25,robust_eps0p08_lam0p25,pgd,0.07,mean_confidence,5,0.0896856641686731,0.0017969551701649306,0.08745444962749319,0.09191687870985302
mlp512x1,bbb,val,0.08,0.25,robust_eps0p08_lam0p25,pgd,0.07,mean_mutual_information,5,-0.07820202814114649,0.002152247897101037,-0.0808743968701866,-0.07552965941210638
mlp512x1,bbb,val,0.08,0.25,robust_eps0p08_lam0p25,pgd,0.07,mean_predictive_entropy,5,-0.1799650909416063,0.0038269859487691585,-0.18471692161582462,-0.17521326026738795
mlp512x1,bbb,val,0.08,0.25,robust_eps0p08_lam0p25,pgd,0.07,n,5,0.0,0.0,0.0,0.0
mlp512x1,bbb,val,0.08,0.25,robust_eps0p08_lam0p25,pgd,0.07,nll,5,-0.48421411514282225,0.04022998089488275,-0.5341662340684235,-0.4342619962172211
mlp512x1,bbb,val,0.08,0.25,robust_eps0p08_lam0p25,certification,0.08,frac_p_safe_lower_geq_0p5,5,0.792,0.033466401061363005,0.7504459746526574,0.8335540253473427
mlp512x1,bbb,val,0.08,0.25,robust_eps0p08_lam0p25,certification,0.08,frac_p_safe_point_geq_0p9,5,0.768,0.04381780460041329,0.7135930095473395,0.8224069904526605
mlp512x1,bbb,val,0.08,0.25,robust_eps0p08_lam0p25,certification,0.08,mean_interval_width,5,0.03506521652014182,0.049824871631608376,-0.026800532799950337,0.09693096584023397
mlp512x1,bbb,val,0.08,0.25,robust_eps0p08_lam0p25,certification,0.08,mean_net_frac_safe,5,0.852,0.030331501776206228,0.8143384662330312,0.8896615337669688
mlp512x1,bbb,val,0.08,0.25,robust_eps0p08_lam0p25,certification,0.08,mean_net_frac_unsafe,5,-0.404,0.04335896677735762,-0.45783726804675806,-0.350162731953242
mlp512x1,bbb,val,0.08,0.25,robust_eps0p08_lam0p25,certification,0.08,mean_p_safe_lower,5,0.7327392687033034,0.0262934246891022,0.7000916698773632,0.7653868675292437
mlp512x1,bbb,val,0.08,0.25,robust_eps0p08_lam0p25,certification,0.08,mean_p_safe_point,5,0.7953832413150005,0.02627593642437987,0.762757357037757,0.8280091255922439
mlp512x1,bbb,val,0.08,0.25,robust_eps0p08_lam0p25,certification,0.08,mean_p_safe_upper,5,0.7678044852234454,0.03212521532478427,0.7279157619201169,0.8076932085267738
mlp512x1,bbb,val,0.08,0.25,robust_eps0p08_lam0p25,certification,0.08,mean_property_evaluations,5,-7.687999999999997,8.74264948399511,-18.54343311319144,3.167433113191448
mlp512x1,bbb,val,0.08,0.25,robust_eps0p08_lam0p25,certification,0.08,mean_unknown_frac,5,0.03914381553385078,0.04847673092562092,-0.021047996007103748,0.09933562707480531
mlp512x1,bbb,val,0.08,0.25,robust_eps0p08_lam0p25,certification,0.08,median_p_safe_point,5,1.0,0.0,1.0,1.0
mlp512x1,bbb,val,0.08,0.25,robust_eps0p08_lam0p25,pgd,0.08,accuracy,5,0.31320000000000003,0.009059525373881336,0.3019511135024381,0.324448886497562
mlp512x1,bbb,val,0.08,0.25,robust_eps0p08_lam0p25,pgd,0.08,brier,5,-0.4718111872673035,0.011755083835533166,-0.486407051661752,-0.45721532287285493
mlp512x1,bbb,val,0.08,0.25,robust_eps0p08_lam0p25,pgd,0.08,ece,5,-0.220805668912828,0.011256429927089938,-0.234782372701599,-0.206828965124057
mlp512x1,bbb,val,0.08,0.25,robust_eps0p08_lam0p25,pgd,0.08,ece_adaptive,5,-0.22160540665984155,0.010198736894704746,-0.23426881108914888,-0.20894200223053422
mlp512x1,bbb,val,0.08,0.25,robust_eps0p08_lam0p25,pgd,0.08,mc_samples,5,0.0,0.0,0.0,0.0
mlp512x1,bbb,val,0.08,0.25,robust_eps0p08_lam0p25,pgd,0.08,mean_confidence,5,0.0916279153409643,0.0027033169232484554,0.08827130404163172,0.09498452664029688
mlp512x1,bbb,val,0.08,0.25,robust_eps0p08_lam0p25,pgd,0.08,mean_mutual_information,5,-0.08636689756633162,0.0025761866490986943,-0.08956565578117066,-0.08316813935149257
mlp512x1,bbb,val,0.08,0.25,robust_eps0p08_lam0p25,pgd,0.08,mean_predictive_entropy,5,-0.1740373833917794,0.005591148714537225,-0.18097971145922354,-0.16709505532433527
mlp512x1,bbb,val,0.08,0.25,robust_eps0p08_lam0p25,pgd,0.08,n,5,0.0,0.0,0.0,0.0
mlp512x1,bbb,val,0.08,0.25,robust_eps0p08_lam0p25,pgd,0.08,nll,5,-0.8099582076072693,0.0444686579188587,-0.8651733391935549,-0.7547430760209838
mlp512x1,bbb,val,0.08,0.25,robust_eps0p08_lam0p25,certification,0.1,frac_p_safe_lower_geq_0p5,5,0.5840000000000001,0.026076809620810566,0.5516213643058261,0.6163786356941741
mlp512x1,bbb,val,0.08,0.25,robust_eps0p08_lam0p25,certification,0.1,frac_p_safe_point_geq_0p9,5,0.56,0.028284271247461867,0.5248804386765968,0.5951195613234033
mlp512x1,bbb,val,0.08,0.25,robust_eps0p08_lam0p25,certification,0.1,mean_interval_width,5,0.24542588367961304,0.033362209752775464,0.20400122892906924,0.28685053843015684
mlp512x1,bbb,val,0.08,0.25,robust_eps0p08_lam0p25,certification,0.1,mean_net_frac_safe,5,0.7,0.04472135954999579,0.6444710978960441,0.7555289021039558
mlp512x1,bbb,val,0.08,0.25,robust_eps0p08_lam0p25,certification,0.1,mean_net_frac_unsafe,5,-0.6,0.042426406871192854,-0.6526793419851049,-0.547320658014895
mlp512x1,bbb,val,0.08,0.25,robust_eps0p08_lam0p25,certification,0.1,mean_p_safe_lower,5,0.5428334909830381,0.01931245507093677,0.5188539108045283,0.566813071161548
mlp512x1,bbb,val,0.08,0.25,robust_eps0p08_lam0p25,certification,0.1,mean_p_safe_point,5,0.5909162966704155,0.02145253095961199,0.5642794613075136,0.6175531320333173
mlp512x1,bbb,val,0.08,0.25,robust_eps0p08_lam0p25,certification,0.1,mean_p_safe_upper,5,0.7882593746626512,0.017846028720820577,0.7661006032890979,0.8104181460362044
mlp512x1,bbb,val,0.08,0.25,robust_eps0p08_lam0p25,certification,0.1,mean_property_evaluations,5,22.487999999999992,9.238361326555697,11.017059338417816,33.95894066158217
mlp512x1,bbb,val,0.08,0.25,robust_eps0p08_lam0p25,certification,0.1,mean_unknown_frac,5,0.255471459217966,0.03634730829267602,0.21034031507933706,0.30060260335659494
mlp512x1,bbb,val,0.08,0.25,robust_eps0p08_lam0p25,certification,0.1,median_p_safe_point,5,0.9957492354740062,0.006042319356664557,0.988246705063186,1.0032517658848263
mlp512x1,bbb,val,0.08,0.25,robust_eps0p08_lam0p25,pgd,0.1,accuracy,5,0.47840000000000005,0.009639761407835777,0.4664306553086163,0.49036934469138377
mlp512x1,bbb,val,0.08,0.25,robust_eps0p08_lam0p25,pgd,0.1,brier,5,-0.7914718627929688,0.017558024414556724,-0.8132730295881065,-0.769670695997831
mlp512x1,bbb,val,0.08,0.25,robust_eps0p08_lam0p25,pgd,0.1,ece,5,-0.4312054458186031,0.009810220511732397,-0.4433864434424613,-0.4190244481947449
mlp512x1,bbb,val,0.08,0.25,robust_eps0p08_lam0p25,pgd,0.1,ece_adaptive,5,-0.4311081794917584,0.00929972627007981,-0.4426553147944663,-0.4195610441890505
mlp512x1,bbb,val,0.08,0.25,robust_eps0p08_lam0p25,pgd,0.1,mc_samples,5,0.0,0.0,0.0,0.0
mlp512x1,bbb,val,0.08,0.25,robust_eps0p08_lam0p25,pgd,0.1,mean_confidence,5,0.04729182088836632,0.003116481490560548,0.043422198020468886,0.05116144375626376
mlp512x1,bbb,val,0.08,0.25,robust_eps0p08_lam0p25,pgd,0.1,mean_mutual_information,5,-0.08418370657087677,0.0030746126475417294,-0.08800134240375129,-0.08036607073800225
mlp512x1,bbb,val,0.08,0.25,robust_eps0p08_lam0p25,pgd,0.1,mean_predictive_entropy,5,-0.06764857119881867,0.008461511436479992,-0.0781549253198853,-0.05714221707775205
mlp512x1,bbb,val,0.08,0.25,robust_eps0p08_lam0p25,pgd,0.1,n,5,0.0,0.0,0.0,0.0
mlp512x1,bbb,val,0.08,0.25,robust_eps0p08_lam0p25,pgd,0.1,nll,5,-1.7203036069869995,0.05683214444019135,-1.7908700346791013,-1.6497371792948976
mlp512x1,bbb,val,0.08,0.25,robust_eps0p08_lam0p25,pgd,0.15,accuracy,5,0.4444,0.015278252517876532,0.42542954389308674,0.4633704561069133
mlp512x1,bbb,val,0.08,0.25,robust_eps0p08_lam0p25,pgd,0.15,brier,5,-0.9894760131835938,0.022090466262346,-1.0169049498450837,-0.9620470765221039
mlp512x1,bbb,val,0.08,0.25,robust_eps0p08_lam0p25,pgd,0.15,ece,5,-0.5831170787185431,0.014440269128085714,-0.6010470410192604,-0.5651871164178258
mlp512x1,bbb,val,0.08,0.25,robust_eps0p08_lam0p25,pgd,0.15,ece_adaptive,5,-0.5838938041806221,0.014280369339816188,-0.6016252246709247,-0.5661623836903195
mlp512x1,bbb,val,0.08,0.25,robust_eps0p08_lam0p25,pgd,0.15,mc_samples,5,0.0,0.0,0.0,0.0
mlp512x1,bbb,val,0.08,0.25,robust_eps0p08_lam0p25,pgd,0.15,mean_confidence,5,-0.13949381448831863,0.0043902724197133055,-0.14494505769418356,-0.1340425712824537
mlp512x1,bbb,val,0.08,0.25,robust_eps0p08_lam0p25,pgd,0.15,mean_mutual_information,5,-0.038054678328561145,0.0028420694074878343,-0.04158357359223509,-0.0345257830648872
mlp512x1,bbb,val,0.08,0.25,robust_eps0p08_lam0p25,pgd,0.15,mean_predictive_entropy,5,0.3973326136294163,0.009818265975281838,0.3851416262431199,0.4095236010157127
mlp512x1,bbb,val,0.08,0.25,robust_eps0p08_lam0p25,pgd,0.15,n,5,0.0,0.0,0.0,0.0
mlp512x1,bbb,val,0.08,0.25,robust_eps0p08_lam0p25,pgd,0.15,nll,5,-4.754276704788208,0.09735415487463851,-4.875157853971601,-4.633395555604816
mlp512x1,bbb,val,0.08,0.25,robust_eps0p08_lam0p25,clean,,accuracy,5,-0.009099999999999997,0.0032480763537823614,-0.013133019471908508,-0.005066980528091486
mlp512x1,bbb,val,0.08,0.25,robust_eps0p08_lam0p25,clean,,brier,5,0.016101057827472686,0.004836993244579255,0.010095137456123811,0.022106978198821563
mlp512x1,bbb,val,0.08,0.25,robust_eps0p08_lam0p25,clean,,ece,5,0.0049947754055261456,0.002038904672001984,0.002463140878531828,0.007526409932520463
mlp512x1,bbb,val,0.08,0.25,robust_eps0p08_lam0p25,clean,,ece_adaptive,5,0.0046829810857772726,0.002975373308845167,0.0009885671669678194,0.008377395004586726
mlp512x1,bbb,val,0.08,0.25,robust_eps0p08_lam0p25,clean,,mc_samples,5,0.0,0.0,0.0,0.0
mlp512x1,bbb,val,0.08,0.25,robust_eps0p08_lam0p25,clean,,mean_confidence,5,-0.003809227568631779,0.0011245411700114957,-0.0052055298539329916,-0.0024129252833305663
mlp512x1,bbb,val,0.08,0.25,robust_eps0p08_lam0p25,clean,,mean_mutual_information,5,-0.008178322692954192,0.00032302268669718334,-0.008579408333629138,-0.007777237052279245
mlp512x1,bbb,val,0.08,0.25,robust_eps0p08_lam0p25,clean,,mean_predictive_entropy,5,0.011724259169799097,0.0023588766252740944,0.008795326987991863,0.014653191351606332
mlp512x1,bbb,val,0.08,0.25,robust_eps0p08_lam0p25,clean,,n,5,0.0,0.0,0.0,0.0
mlp512x1,bbb,val,0.08,0.25,robust_eps0p08_lam0p25,clean,,nll,5,0.07380016297101974,0.014086089302636188,0.056309973008453224,0.09129035293358626
mlp512x1,deterministic,val,0.08,0.25,robust_eps0p08_lam0p25,certification,0.01,frac_p_safe_lower_geq_0p5,5,0.011999999999999988,0.017888543819998288,-0.010211560841582321,0.0342115608415823
mlp512x1,deterministic,val,0.08,0.25,robust_eps0p08_lam0p25,certification,0.01,frac_p_safe_point_geq_0p9,5,0.011999999999999988,0.017888543819998288,-0.010211560841582321,0.0342115608415823
mlp512x1,deterministic,val,0.08,0.25,robust_eps0p08_lam0p25,certification,0.01,mean_interval_width,5,-0.011099999999999995,0.01654690303349844,-0.03164569377846366,0.009445693778463667
mlp512x1,deterministic,val,0.08,0.25,robust_eps0p08_lam0p25,certification,0.01,mean_net_frac_safe,5,0.011999999999999988,0.017888543819998288,-0.010211560841582321,0.0342115608415823
mlp512x1,deterministic,val,0.08,0.25,robust_eps0p08_lam0p25,certification,0.01,mean_net_frac_unsafe,5,0.0,0.0,0.0,0.0
mlp512x1,deterministic,val,0.08,0.25,robust_eps0p08_lam0p25,certification,0.01,mean_p_safe_lower,5,0.011099999999999933,0.01654690303349835,-0.009445693778463625,0.03164569377846349
mlp512x1,deterministic,val,0.08,0.25,robust_eps0p08_lam0p25,certification,0.01,mean_p_safe_point,5,0.011999999999999988,0.017888543819998288,-0.010211560841582321,0.0342115608415823
mlp512x1,deterministic,val,0.08,0.25,robust_eps0p08_lam0p25,certification,0.01,mean_p_safe_upper,5,0.0,0.0,0.0,0.0
mlp512x1,deterministic,val,0.08,0.25,robust_eps0p08_lam0p25,certification,0.01,mean_property_evaluations,5,-0.03599999999999852,0.053665631459991425,-0.10263468252474117,0.030634682524744133
mlp512x1,deterministic,val,0.08,0.25,robust_eps0p08_lam0p25,certification,0.01,mean_unknown_frac,5,-0.012,0.01788854381999832,-0.03421156084158235,0.010211560841582347
mlp512x1,deterministic,val,0.08,0.25,robust_eps0p08_lam0p25,certification,0.01,median_p_safe_point,5,0.0,0.0,0.0,0.0
mlp512x1,deterministic,val,0.08,0.25,robust_eps0p08_lam0p25,pgd,0.01,accuracy,5,0.017300000000000003,0.0032901367752724182,0.013214755616978012,0.021385244383021994
mlp512x1,deterministic,val,0.08,0.25,robust_eps0p08_lam0p25,pgd,0.01,brier,5,-0.026246416568756103,0.004658935331712562,-0.0320312488401031,-0.020461584297409102
mlp512x1,deterministic,val,0.08,0.25,robust_eps0p08_lam0p25,pgd,0.01,ece,5,-0.013168061336874967,0.0016691391542014119,-0.015240571332639142,-0.011095551341110793
mlp512x1,deterministic,val,0.08,0.25,robust_eps0p08_lam0p25,pgd,0.01,ece_adaptive,5,-0.01410657398104668,0.0009204302193966342,-0.015249439047330273,-0.012963708914763087
mlp512x1,deterministic,val,0.08,0.25,robust_eps0p08_lam0p25,pgd,0.01,mc_samples,5,0.0,0.0,0.0,0.0
mlp512x1,deterministic,val,0.08,0.25,robust_eps0p08_lam0p25,pgd,0.01,mean_confidence,5,0.003193625545501666,0.0029042130014347613,-0.0004124311814951739,0.006799682272498506
mlp512x1,deterministic,val,0.08,0.25,robust_eps0p08_lam0p25,pgd,0.01,mean_mutual_information,5,0.0,0.0,0.0,0.0
mlp512x1,deterministic,val,0.08,0.25,robust_eps0p08_lam0p25,pgd,0.01,mean_predictive_entropy,5,-0.006388454442266994,0.0073509225924547105,-0.015515830378900688,0.0027389214943667004
mlp512x1,deterministic,val,0.08,0.25,robust_eps0p08_lam0p25,pgd,0.01,n,5,0.0,0.0,0.0,0.0
mlp512x1,deterministic,val,0.08,0.25,robust_eps0p08_lam0p25,pgd,0.01,nll,5,-0.048194870352745056,0.012700206316942615,-0.06396425930625273,-0.032425481399237385
mlp512x1,deterministic,val,0.08,0.25,robust_eps0p08_lam0p25,pgd,0.03,accuracy,5,0.11539999999999999,0.007797435475847178,0.10571820509132371,0.12508179490867627
mlp512x1,deterministic,val,0.08,0.25,robust_eps0p08_lam0p25,pgd,0.03,brier,5,-0.19700254872441292,0.014125017168146844,-0.21454107401611094,-0.1794640234327149
mlp512x1,deterministic,val,0.08,0.25,robust_eps0p08_lam0p25,pgd,0.03,ece,5,-0.08774459859132765,0.00723087375834622,-0.0967229142126225,-0.0787662829700328
mlp512x1,deterministic,val,0.08,0.25,robust_eps0p08_lam0p25,pgd,0.03,ece_adaptive,5,-0.08684568774700166,0.006235522840966263,-0.09458811196860673,-0.0791032635253966
mlp512x1,deterministic,val,0.08,0.25,robust_eps0p08_lam0p25,pgd,0.03,mc_samples,5,0.0,0.0,0.0,0.0
mlp512x1,deterministic,val,0.08,0.25,robust_eps0p08_lam0p25,pgd,0.03,mean_confidence,5,0.02851786454916001,0.0018662921181239233,0.02620055681595409,0.03083517228236593
mlp512x1,deterministic,val,0.08,0.25,robust_eps0p08_lam0p25,pgd,0.03,mean_mutual_information,5,0.0,0.0,0.0,0.0
mlp512x1,deterministic,val,0.08,0.25,robust_eps0p08_lam0p25,pgd,0.03,mean_predictive_entropy,5,-0.06487159535738293,0.0061062418779879455,-0.0724534960616047,-0.05728969465316116
mlp512x1,deterministic,val,0.08,0.25,robust_eps0p08_lam0p25,pgd,0.03,n,5,0.0,0.0,0.0,0.0
mlp512x1,deterministic,val,0.08,0.25,robust_eps0p08_lam0p25,pgd,0.03,nll,5,-0.5451137214899063,0.016126958079446415,-0.5651379847376963,-0.5250894582421164
mlp512x1,deterministic,val,0.08,0.25,robust_eps0p08_lam0p25,certification,0.05,frac_p_safe_lower_geq_0p5,5,0.9399999999999998,0.014142135623730963,0.9224402193382981,0.9575597806617016
mlp512x1,deterministic,val,0.08,0.25,robust_eps0p08_lam0p25,certification,0.05,frac_p_safe_point_geq_0p9,5,0.9399999999999998,0.014142135623730963,0.9224402193382981,0.9575597806617016
mlp512x1,deterministic,val,0.08,0.25,robust_eps0p08_lam0p25,certification,0.05,mean_interval_width,5,-0.4669025535285578,0.039143416016426034,-0.5155055239628666,-0.418299583094249
mlp512x1,deterministic,val,0.08,0.25,robust_eps0p08_lam0p25,certification,0.05,mean_net_frac_safe,5,0.9399999999999998,0.014142135623730963,0.9224402193382981,0.9575597806617016
mlp512x1,deterministic,val,0.08,0.25,robust_eps0p08_lam0p25,certification,0.05,mean_net_frac_unsafe,5,-0.43200000000000005,0.04147288270665543,-0.4834953853585816,-0.3805046146414185
mlp512x1,deterministic,val,0.08,0.25,robust_eps0p08_lam0p25,certification,0.05,mean_p_safe_lower,5,0.8695,0.013081475451951062,0.8532572028879261,0.885742797112074
mlp512x1,deterministic,val,0.08,0.25,robust_eps0p08_lam0p25,certification,0.05,mean_p_safe_point,5,0.9399999999999998,0.014142135623730963,0.9224402193382981,0.9575597806617016
mlp512x1,deterministic,val,0.08,0.25,robust_eps0p08_lam0p25,certification,0.05,mean_p_safe_upper,5,0.40259744647144224,0.04019038378694394,0.3526944938492017,0.4525003990936828
mlp512x1,deterministic,val,0.08,0.25,robust_eps0p08_lam0p25,certification,0.05,mean_property_evaluations,5,-6.0359999999999925,2.9536553624280555,-9.7034475266284,-2.368552473371585
mlp512x1,deterministic,val,0.08,0.25,robust_eps0p08_lam0p25,certification,0.05,mean_unknown_frac,5,-0.5035051546391752,0.04240084743386375,-0.5561527603911343,-0.45085754888721613
mlp512x1,deterministic,val,0.08,0.25,robust_eps0p08_lam0p25,certification,0.05,median_p_safe_point,5,1.0,0.0,1.0,1.0
mlp512x1,deterministic,val,0.08,0.25,robust_eps0p08_lam0p25,pgd,0.05,accuracy,5,0.40149999999999997,0.013629013170439,0.3845773450152209,0.41842265498477904
mlp512x1,deterministic,val,0.08,0.25,robust_eps0p08_lam0p25,pgd,0.05,brier,5,-0.7183452308177948,0.029375386994148128,-0.7548195912817316,-0.681870870353858
mlp512x1,deterministic,val,0.08,0.25,robust_eps0p08_lam0p25,pgd,0.05,ece,5,-0.35337427743077277,0.019164791691427423,-0.37717050930709284,-0.3295780455544527
mlp512x1,deterministic,val,0.08,0.25,robust_eps0p08_lam0p25,pgd,0.05,ece_adaptive,5,-0.3537658510744572,0.01936806679135803,-0.3778144823240923,-0.32971721982482205
mlp512x1,deterministic,val,0.08,0.25,robust_eps0p08_lam0p25,pgd,0.05,mc_samples,5,0.0,0.0,0.0,0.0
mlp512x1,deterministic,val,0.08,0.25,robust_eps0p08_lam0p25,pgd,0.05,mean_confidence,5,0.047699238869547855,0.005834632431275897,0.040454585836880476,0.054943891902215235
mlp512x1,deterministic,val,0.08,0.25,robust_eps0p08_lam0p25,pgd,0.05,mean_mutual_information,5,0.0,0.0,0.0,0.0
mlp512x1,deterministic,val,0.08,0.25,robust_eps0p08_lam0p25,pgd,0.05,mean_predictive_entropy,5,-0.10476534855763815,0.012634455504247686,-0.12045309709416989,-0.08907760002110642
mlp512x1,deterministic,val,0.08,0.25,robust_eps0p08_lam0p25,pgd,0.05,n,5,0.0,0.0,0.0,0.0
mlp512x1,deterministic,val,0.08,0.25,robust_eps0p08_lam0p25,pgd,0.05,nll,5,-2.4289580047130586,0.21222575227844698,-2.6924710808089167,-2.1654449286172004
mlp512x1,deterministic,val,0.08,0.25,robust_eps0p08_lam0p25,certification,0.07,frac_p_safe_lower_geq_0p5,5,0.9279999999999999,0.026832815729997444,0.8946826587376264,0.9613173412623734
mlp512x1,deterministic,val,0.08,0.25,robust_eps0p08_lam0p25,certification,0.07,frac_p_safe_point_geq_0p9,5,0.9279999999999999,0.026832815729997444,0.8946826587376264,0.9613173412623734
mlp512x1,deterministic,val,0.08,0.25,robust_eps0p08_lam0p25,certification,0.07,mean_interval_width,5,-0.1890076923076923,0.040430975221931634,-0.23920937865303324,-0.13880600596235135
mlp512x1,deterministic,val,0.08,0.25,robust_eps0p08_lam0p25,certification,0.07,mean_net_frac_safe,5,0.9279999999999999,0.026832815729997444,0.8946826587376264,0.9613173412623734
mlp512x1,deterministic,val,0.08,0.25,robust_eps0p08_lam0p25,certification,0.07,mean_net_frac_unsafe,5,-0.724,0.045607017003965515,-0.7806285910792908,-0.6673714089207091
mlp512x1,deterministic,val,0.08,0.25,robust_eps0p08_lam0p25,certification,0.07,mean_p_safe_lower,5,0.8583999999999999,0.024820354550247635,0.8275814593323044,0.8892185406676955
mlp512x1,deterministic,val,0.08,0.25,robust_eps0p08_lam0p25,certification,0.07,mean_p_safe_point,5,0.9279999999999999,0.026832815729997444,0.8946826587376264,0.9613173412623734
mlp512x1,deterministic,val,0.08,0.25,robust_eps0p08_lam0p25,certification,0.07,mean_p_safe_upper,5,0.6693923076923077,0.04239398891184914,0.6167532179202151,0.7220313974644004
mlp512x1,deterministic,val,0.08,0.25,robust_eps0p08_lam0p25,certification,0.07,mean_property_evaluations,5,-3.539999999999998,1.0521406750050102,-4.846405197199526,-2.2335948028004697
mlp512x1,deterministic,val,0.08,0.25,robust_eps0p08_lam0p25,certification,0.07,mean_unknown_frac,5,-0.20408247422680414,0.043807858815458116,-0.25847711535635187,-0.14968783309725642
mlp512x1,deterministic,val,0.08,0.25,robust_eps0p08_lam0p25,certification,0.07,median_p_safe_point,5,1.0,0.0,1.0,1.0
mlp512x1,deterministic,val,0.08,0.25,robust_eps0p08_lam0p25,pgd,0.07,accuracy,5,0.6646,0.012466956324620708,0.6491202291645397,0.6800797708354602
mlp512x1,deterministic,val,0.08,0.25,robust_eps0p08_lam0p25,pgd,0.07,brier,5,-1.267451885342598,0.031093874198848834,-1.3060600294999856,-1.2288437411852104
mlp512x1,deterministic,val,0.08,0.25,robust_eps0p08_lam0p25,pgd,0.07,ece,5,-0.644857816323638,0.01877114925019309,-0.6681652765525123,-0.6215503560947637
mlp512x1,deterministic,val,0.08,0.25,robust_eps0p08_lam0p25,pgd,0.07,ece_adaptive,5,-0.6466241440713405,0.019021802072213555,-0.6702428308853658,-0.6230054572573152
mlp512x1,deterministic,val,0.08,0.25,robust_eps0p08_lam0p25,pgd,0.07,mc_samples,5,0.0,0.0,0.0,0.0
mlp512x1,deterministic,val,0.08,0.25,robust_eps0p08_lam0p25,pgd,0.07,mean_confidence,5,0.0179742439478636,0.00825894039230762,0.007719414999424358,0.028229072896302845
mlp512x1,deterministic,val,0.08,0.25,robust_eps0p08_lam0p25,pgd,0.07,mean_mutual_information,5,0.0,0.0,0.0,0.0
mlp512x1,deterministic,val,0.08,0.25,robust_eps0p08_lam0p25,pgd,0.07,mean_predictive_entropy,5,-0.030721691363656246,0.01893805563974871,-0.05423639324751198,-0.007206989479800516
mlp512x1,deterministic,val,0.08,0.25,robust_eps0p08_lam0p25,pgd,0.07,n,5,0.0,0.0,0.0,0.0
mlp512x1,deterministic,val,0.08,0.25,robust_eps0p08_lam0p25,pgd,0.07,nll,5,-6.2566394925117494,0.6941957591530984,-7.118597374357883,-5.394681610665616
mlp512x1,deterministic,val,0.08,0.25,robust_eps0p08_lam0p25,certification,0.08,frac_p_safe_lower_geq_0p5,5,0.9,0.031622776601683784,0.8607351367704489,0.9392648632295512
mlp512x1,deterministic,val,0.08,0.25,robust_eps0p08_lam0p25,certification,0.08,frac_p_safe_point_geq_0p9,5,0.9,0.031622776601683784,0.8607351367704489,0.9392648632295512
mlp512x1,deterministic,val,0.08,0.25,robust_eps0p08_lam0p25,certification,0.08,mean_interval_width,5,-0.06466712328767121,0.05157652507330872,-0.1287078376236524,-0.0006264089516900134
mlp512x1,deterministic,val,0.08,0.25,robust_eps0p08_lam0p25,certification,0.08,mean_net_frac_safe,5,0.9,0.031622776601683784,0.8607351367704489,0.9392648632295512
mlp512x1,deterministic,val,0.08,0.25,robust_eps0p08_lam0p25,certification,0.08,mean_net_frac_unsafe,5,-0.8320000000000002,0.033466401061363026,-0.8735540253473429,-0.7904459746526574
mlp512x1,deterministic,val,0.08,0.25,robust_eps0p08_lam0p25,certification,0.08,mean_p_safe_lower,5,0.8324999999999999,0.02925106835655757,0.796180001512665,0.8688199984873348
mlp512x1,deterministic,val,0.08,0.25,robust_eps0p08_lam0p25,certification,0.08,mean_p_safe_point,5,0.9,0.031622776601683784,0.8607351367704489,0.9392648632295512
mlp512x1,deterministic,val,0.08,0.25,robust_eps0p08_lam0p25,certification,0.08,mean_p_safe_upper,5,0.7678328767123289,0.02931710065290288,0.7314308882999033,0.8042348651247545
mlp512x1,deterministic,val,0.08,0.25,robust_eps0p08_lam0p25,certification,0.08,mean_property_evaluations,5,-3.404000000000002,1.770276814512354,-5.6020889874348345,-1.2059110125651697
mlp512x1,deterministic,val,0.08,0.25,robust_eps0p08_lam0p25,certification,0.08,mean_unknown_frac,5,-0.06969072164948453,0.05594415173642678,-0.13915456077065425,-0.00022688252831480626
mlp512x1,deterministic,val,0.08,0.25,robust_eps0p08_lam0p25,certification,0.08,median_p_safe_point,5,1.0,0.0,1.0,1.0
mlp512x1,deterministic,val,0.08,0.25,robust_eps0p08_lam0p25,pgd,0.08,accuracy,5,0.7469000000000001,0.006268971207463008,0.7391160441459174,0.7546839558540829
mlp512x1,deterministic,val,0.08,0.25,robust_eps0p08_lam0p25,pgd,0.08,brier,5,-1.4558634489774704,0.021637175362068838,-1.4827295506473728,-1.428997347307568
mlp512x1,deterministic,val,0.08,0.25,robust_eps0p08_lam0p25,pgd,0.08,ece,5,-0.7487166792839768,0.012498390077925102,-0.7642354802792435,-0.7331978782887101
mlp512x1,deterministic,val,0.08,0.25,robust_eps0p08_lam0p25,pgd,0.08,ece_adaptive,5,-0.7499460133194925,0.00972022144095597,-0.7620152623372959,-0.7378767643016891
mlp512x1,deterministic,val,0.08,0.25,robust_eps0p08_lam0p25,pgd,0.08,mc_samples,5,0.0,0.0,0.0,0.0
mlp512x1,deterministic,val,0.08,0.25,robust_eps0p08_lam0p25,pgd,0.08,mean_confidence,5,-0.0030466945320368087,0.005305776224039545,-0.009634685851952221,0.003541296787878603
mlp512x1,deterministic,val,0.08,0.25,robust_eps0p08_lam0p25,pgd,0.08,mean_mutual_information,5,0.0,0.0,0.0,0.0
mlp512x1,deterministic,val,0.08,0.25,robust_eps0p08_lam0p25,pgd,0.08,mean_predictive_entropy,5,0.021547567798689854,0.013131275794849186,0.005242935393741106,0.0378522002036386
mlp512x1,deterministic,val,0.08,0.25,robust_eps0p08_lam0p25,pgd,0.08,n,5,0.0,0.0,0.0,0.0
mlp512x1,deterministic,val,0.08,0.25,robust_eps0p08_lam0p25,pgd,0.08,nll,5,-8.681447458267211,0.960734670029179,-9.874357109868615,-7.488537806665807
mlp512x1,deterministic,val,0.08,0.25,robust_eps0p08_lam0p25,certification,0.1,frac_p_safe_lower_geq_0p5,5,0.76,0.03162277660168382,0.7207351367704489,0.7992648632295511
mlp512x1,deterministic,val,0.08,0.25,robust_eps0p08_lam0p25,certification,0.1,frac_p_safe_point_geq_0p9,5,0.76,0.03162277660168382,0.7207351367704489,0.7992648632295511
mlp512x1,deterministic,val,0.08,0.25,robust_eps0p08_lam0p25,certification,0.1,mean_interval_width,5,0.11784976226579968,0.03324088715382647,0.07657574941853937,0.15912377511306
mlp512x1,deterministic,val,0.08,0.25,robust_eps0p08_lam0p25,certification,0.1,mean_net_frac_safe,5,0.76,0.03162277660168382,0.7207351367704489,0.7992648632295511
mlp512x1,deterministic,val,0.08,0.25,robust_eps0p08_lam0p25,certification,0.1,mean_net_frac_unsafe,5,-0.8879999999999999,0.017888543819998316,-0.9102115608415823,-0.8657884391584175
mlp512x1,deterministic,val,0.08,0.25,robust_eps0p08_lam0p25,certification,0.1,mean_p_safe_lower,5,0.703,0.029251068356557535,0.6666800015126652,0.7393199984873348
mlp512x1,deterministic,val,0.08,0.25,robust_eps0p08_lam0p25,certification,0.1,mean_p_safe_point,5,0.76,0.03162277660168382,0.7207351367704489,0.7992648632295511
mlp512x1,deterministic,val,0.08,0.25,robust_eps0p08_lam0p25,certification,0.1,mean_p_safe_upper,5,0.8208497622657998,0.016926915212039536,0.7998322210463626,0.8418673034852369
mlp512x1,deterministic,val,0.08,0.25,robust_eps0p08_lam0p25,certification,0.1,mean_property_evaluations,5,-0.44800000000000184,2.746947396656882,-3.858785687388407,2.9627856873884038
mlp512x1,deterministic,val,0.08,0.25,robust_eps0p08_lam0p25,certification,0.1,mean_unknown_frac,5,0.12672164948453607,0.035525779179206234,0.08261056846957882,0.17083273049949332
mlp512x1,deterministic,val,0.08,0.25,robust_eps0p08_lam0p25,certification,0.1,median_p_safe_point,5,1.0,0.0,1.0,1.0
mlp512x1,deterministic,val,0.08,0.25,robust_eps0p08_lam0p25,pgd,0.1,accuracy,5,0.8176,0.0074699397587932115,0.8083248447327556,0.8268751552672444
mlp512x1,deterministic,val,0.08,0.25,robust_eps0p08_lam0p25,pgd,0.1,brier,5,-1.646163645386696,0.017430645632521644,-1.6678066505340456,-1.6245206402393462
mlp512x1,deterministic,val,0.08,0.25,robust_eps0p08_lam0p25,pgd,0.1,ece,5,-0.8659202810138463,0.007776328010190993,-0.875575867542324,-0.8562646944853687
mlp512x1,deterministic,val,0.08,0.25,robust_eps0p08_lam0p25,pgd,0.1,ece_adaptive,5,-0.8680467983603478,0.008463097470237409,-0.878555121802431,-0.8575384749182646
mlp512x1,deterministic,val,0.08,0.25,robust_eps0p08_lam0p25,pgd,0.1,mc_samples,5,0.0,0.0,0.0,0.0
mlp512x1,deterministic,val,0.08,0.25,robust_eps0p08_lam0p25,pgd,0.1,mean_confidence,5,-0.05085716412216423,0.0028002078179364936,-0.0543340813571847,-0.04738024688714377
mlp512x1,deterministic,val,0.08,0.25,robust_eps0p08_lam0p25,pgd,0.1,mean_mutual_information,5,0.0,0.0,0.0,0.0
mlp512x1,deterministic,val,0.08,0.25,robust_eps0p08_lam0p25,pgd,0.1,mean_predictive_entropy,5,0.13946537599986703,0.0051382133368786925,0.13308544148437432,0.14584531051535973
mlp512x1,deterministic,val,0.08,0.25,robust_eps0p08_lam0p25,pgd,0.1,n,5,0.0,0.0,0.0,0.0
mlp512x1,deterministic,val,0.08,0.25,robust_eps0p08_lam0p25,pgd,0.1,nll,5,-13.84940197467804,1.4141197472293425,-15.605263553961722,-12.093540395394358
mlp512x1,deterministic,val,0.08,0.25,robust_eps0p08_lam0p25,pgd,0.15,accuracy,5,0.6137,0.011294910358210031,0.5996755164452718,0.6277244835547282
mlp512x1,deterministic,val,0.08,0.25,robust_eps0p08_lam0p25,pgd,0.15,brier,5,-1.4211732506752015,0.017985207813447843,-1.4435048357173728,-1.3988416656330303
mlp512x1,deterministic,val,0.08,0.25,robust_eps0p08_lam0p25,pgd,0.15,ece,5,-0.8135391713112592,0.018271457315141532,-0.8362261820541872,-0.7908521605683312
mlp512x1,deterministic,val,0.08,0.25,robust_eps0p08_lam0p25,pgd,0.15,ece_adaptive,5,-0.8141756191909314,0.018292233573907794,-0.8368884270663869,-0.7914628113154759
mlp512x1,deterministic,val,0.08,0.25,robust_eps0p08_lam0p25,pgd,0.15,mc_samples,5,0.0,0.0,0.0,0.0
mlp512x1,deterministic,val,0.08,0.25,robust_eps0p08_lam0p25,pgd,0.15,mean_confidence,5,-0.20047560959011318,0.008322693337637108,-0.21080959827554752,-0.19014162090467884
mlp512x1,deterministic,val,0.08,0.25,robust_eps0p08_lam0p25,pgd,0.15,mean_mutual_information,5,0.0,0.0,0.0,0.0
mlp512x1,deterministic,val,0.08,0.25,robust_eps0p08_lam0p25,pgd,0.15,mean_predictive_entropy,5,0.4990979548352884,0.01914203048171478,0.4753299847336241,0.5228659249369527
mlp512x1,deterministic,val,0.08,0.25,robust_eps0p08_lam0p25,pgd,0.15,n,5,0.0,0.0,0.0,0.0
mlp512x1,deterministic,val,0.08,0.25,robust_eps0p08_lam0p25,pgd,0.15,nll,5,-22.66843295097351,1.0378393560225947,-23.957080715265747,-21.379785186681275
mlp512x1,deterministic,val,0.08,0.25,robust_eps0p08_lam0p25,clean,,accuracy,5,-0.00019999999999997797,0.003012474066278404,-0.003940480593620373,0.0035404805936204166
mlp512x1,deterministic,val,0.08,0.25,robust_eps0p08_lam0p25,clean,,brier,5,0.00025054924190044404,0.004412975743763082,-0.005228883864076653,0.005729982347877542
mlp512x1,deterministic,val,0.08,0.25,robust_eps0p08_lam0p25,clean,,ece,5,3.742505908013311e-05,0.002043529045032125,-0.002499951385419975,0.0025748015035802407
mlp512x1,deterministic,val,0.08,0.25,robust_eps0p08_lam0p25,clean,,ece_adaptive,5,-7.722027897834292e-05,0.0024030245619009985,-0.003060969364290185,0.0029065288063334993
mlp512x1,deterministic,val,0.08,0.25,robust_eps0p08_lam0p25,clean,,mc_samples,5,0.0,0.0,0.0,0.0
mlp512x1,deterministic,val,0.08,0.25,robust_eps0p08_lam0p25,clean,,mean_confidence,5,-0.00028622277081011835,0.0011009574793601432,-0.0016532420364847719,0.001080796494864535
mlp512x1,deterministic,val,0.08,0.25,robust_eps0p08_lam0p25,clean,,mean_mutual_information,5,0.0,0.0,0.0,0.0
mlp512x1,deterministic,val,0.08,0.25,robust_eps0p08_lam0p25,clean,,mean_predictive_entropy,5,0.0025972607165480675,0.002754069146399324,-0.0008223677910997448,0.00601688922419588
mlp512x1,deterministic,val,0.08,0.25,robust_eps0p08_lam0p25,clean,,n,5,0.0,0.0,0.0,0.0
mlp512x1,deterministic,val,0.08,0.25,robust_eps0p08_lam0p25,clean,,nll,5,0.020968742668628693,0.011901088351032913,0.0061915897237089235,0.03574589561354846
mlp512x1,mc_dropout,val,0.08,0.25,robust_eps0p08_lam0p25,certification,0.01,frac_p_safe_lower_geq_0p5,5,0.01200000000000001,0.010954451150103331,-0.001601747613165113,0.025601747613165134
mlp512x1,mc_dropout,val,0.08,0.25,robust_eps0p08_lam0p25,certification,0.01,frac_p_safe_point_geq_0p9,5,0.04799999999999995,0.017888543819998288,0.025788439158417643,0.07021156084158225
mlp512x1,mc_dropout,val,0.08,0.25,robust_eps0p08_lam0p25,certification,0.01,mean_interval_width,5,-0.017995769176751827,0.003879022438490969,-0.022812211686850638,-0.013179326666653016
mlp512x1,mc_dropout,val,0.08,0.25,robust_eps0p08_lam0p25,certification,0.01,mean_net_frac_safe,5,0.0040000000000000036,0.008944271909999166,-0.0071057804207911805,0.015105780420791188
mlp512x1,mc_dropout,val,0.08,0.25,robust_eps0p08_lam0p25,certification,0.01,mean_net_frac_unsafe,5,-0.003999999999999999,0.008944271909999158,-0.015105780420791172,0.007105780420791173
mlp512x1,mc_dropout,val,0.08,0.25,robust_eps0p08_lam0p25,certification,0.01,mean_p_safe_lower,5,0.021862757178415414,0.007584868840302842,0.01244489860831384,0.03128061574851699
mlp512x1,mc_dropout,val,0.08,0.25,robust_eps0p08_lam0p25,certification,0.01,mean_p_safe_point,5,0.02244985763521381,0.007702119989332799,0.012886412534613713,0.0320133027358139
mlp512x1,mc_dropout,val,0.08,0.25,robust_eps0p08_lam0p25,certification,0.01,mean_p_safe_upper,5,0.0038669880016635404,0.007775198211793325,-0.005787195696818516,0.013521171700145598
mlp512x1,mc_dropout,val,0.08,0.25,robust_eps0p08_lam0p25,certification,0.01,mean_property_evaluations,5,-18.836,4.103349851036346,-23.930981782066606,-13.74101821793339
mlp512x1,mc_dropout,val,0.08,0.25,robust_eps0p08_lam0p25,certification,0.01,mean_unknown_frac,5,-0.015880843146817123,0.0026144937160559644,-0.01912716586757379,-0.012634520426060458
mlp512x1,mc_dropout,val,0.08,0.25,robust_eps0p08_lam0p25,certification,0.01,median_p_safe_point,5,0.0,0.0,0.0,0.0
mlp512x1,mc_dropout,val,0.08,0.25,robust_eps0p08_lam0p25,pgd,0.01,accuracy,5,0.008399999999999986,0.0018165902124585027,0.006144405333700936,0.010655594666299034
mlp512x1,mc_dropout,val,0.08,0.25,robust_eps0p08_lam0p25,pgd,0.01,brier,5,-0.009226378053426743,0.0023266311902745422,-0.012115272239488613,-0.006337483867364872
mlp512x1,mc_dropout,val,0.08,0.25,robust_eps0p08_lam0p25,pgd,0.01,ece,5,0.0012554602324962663,0.004118102807943187,-0.0038578397650286195,0.006368760230021152
mlp512x1,mc_dropout,val,0.08,0.25,robust_eps0p08_lam0p25,pgd,0.01,ece_adaptive,5,0.0005670021653175312,0.00358669554023064,-0.0038864685595048553,0.005020472890139917
mlp512x1,mc_dropout,val,0.08,0.25,robust_eps0p08_lam0p25,pgd,0.01,mc_samples,5,0.0,0.0,0.0,0.0
mlp512x1,mc_dropout,val,0.08,0.25,robust_eps0p08_lam0p25,pgd,0.01,mean_confidence,5,0.007280900132296963,0.0016213624184296528,0.005267712789292276,0.00929408747530165
mlp512x1,mc_dropout,val,0.08,0.25,robust_eps0p08_lam0p25,pgd,0.01,mean_mutual_information,5,-0.01355273665393247,0.0020442626025687035,-0.016091023930416358,-0.011014449377448582
mlp512x1,mc_dropout,val,0.08,0.25,robust_eps0p08_lam0p25,pgd,0.01,mean_predictive_entropy,5,-0.013609003526754631,0.00536171044400741,-0.020266446353871752,-0.00695156069963751
mlp512x1,mc_dropout,val,0.08,0.25,robust_eps0p08_lam0p25,pgd,0.01,n,5,0.0,0.0,0.0,0.0
mlp512x1,mc_dropout,val,0.08,0.25,robust_eps0p08_lam0p25,pgd,0.01,nll,5,-0.007994598150253296,0.009315944104533796,-0.019561870554131514,0.003572674253624923
mlp512x1,mc_dropout,val,0.08,0.25,robust_eps0p08_lam0p25,pgd,0.03,accuracy,5,0.0792,0.01059245014149229,0.06604773600654067,0.09235226399345935
mlp512x1,mc_dropout,val,0.08,0.25,robust_eps0p08_lam0p25,pgd,0.03,brier,5,-0.1161467656493187,0.012661711008104528,-0.1318683563637424,-0.10042517493489501
mlp512x1,mc_dropout,val,0.08,0.25,robust_eps0p08_lam0p25,pgd,0.03,ece,5,-0.026969168867170816,0.00512911383145458,-0.033337804854376936,-0.020600532879964696
mlp512x1,mc_dropout,val,0.08,0.25,robust_eps0p08_lam0p25,pgd,0.03,ece_adaptive,5,-0.02337393586635591,0.007431007347272068,-0.03260075015985129,-0.014147121572860527
mlp512x1,mc_dropout,val,0.08,0.25,robust_eps0p08_lam0p25,pgd,0.03,mc_samples,5,0.0,0.0,0.0,0.0
mlp512x1,mc_dropout,val,0.08,0.25,robust_eps0p08_lam0p25,pgd,0.03,mean_confidence,5,0.0527290756211624,0.00774739888295651,0.04310940934847124,0.06234874189385356
mlp512x1,mc_dropout,val,0.08,0.25,robust_eps0p08_lam0p25,pgd,0.03,mean_mutual_information,5,-0.05778082276626471,0.007490212230592576,-0.06708114963189701,-0.048480495900632394
mlp512x1,mc_dropout,val,0.08,0.25,robust_eps0p08_lam0p25,pgd,0.03,mean_predictive_entropy,5,-0.11993302477707743,0.017387055602718318,-0.14152190575373982,-0.09834414380041505
mlp512x1,mc_dropout,val,0.08,0.25,robust_eps0p08_lam0p25,pgd,0.03,n,5,0.0,0.0,0.0,0.0
mlp512x1,mc_dropout,val,0.08,0.25,robust_eps0p08_lam0p25,pgd,0.03,nll,5,-0.22722477912902833,0.02677951695882256,-0.2604759412260855,-0.1939736170319712
mlp512x1,mc_dropout,val,0.08,0.25,robust_eps0p08_lam0p25,certification,0.05,frac_p_safe_lower_geq_0p5,5,0.9359999999999999,0.021908902300206604,0.9087965047736698,0.9632034952263301
mlp512x1,mc_dropout,val,0.08,0.25,robust_eps0p08_lam0p25,certification,0.05,frac_p_safe_point_geq_0p9,5,0.8960000000000001,0.016733200530681523,0.8752229873263287,0.9167770126736715
mlp512x1,mc_dropout,val,0.08,0.25,robust_eps0p08_lam0p25,certification,0.05,mean_interval_width,5,-0.5273702897132234,0.03048090748460148,-0.5652173351694327,-0.4895232442570141
mlp512x1,mc_dropout,val,0.08,0.25,robust_eps0p08_lam0p25,certification,0.05,mean_net_frac_safe,5,0.9359999999999999,0.021908902300206617,0.9087965047736698,0.9632034952263301
mlp512x1,mc_dropout,val,0.08,0.25,robust_eps0p08_lam0p25,certification,0.05,mean_net_frac_unsafe,5,-0.28,0.0565685424949238,-0.3502391226468067,-0.2097608773531934
mlp512x1,mc_dropout,val,0.08,0.25,robust_eps0p08_lam0p25,certification,0.05,mean_p_safe_lower,5,0.8582313894738274,0.010254371043744569,0.8454989061245866,0.8709638728230682
mlp512x1,mc_dropout,val,0.08,0.25,robust_eps0p08_lam0p25,certification,0.05,mean_p_safe_point,5,0.9287313894738274,0.01025437104374443,0.9159989061245868,0.941463872823068
mlp512x1,mc_dropout,val,0.08,0.25,robust_eps0p08_lam0p25,certification,0.05,mean_p_safe_upper,5,0.3308610997606041,0.02664798787822582,0.2977732525876408,0.36394894693356744
mlp512x1,mc_dropout,val,0.08,0.25,robust_eps0p08_lam0p25,certification,0.05,mean_property_evaluations,5,-100.5,10.204303013925053,-113.1703156791529,-87.8296843208471
mlp512x1,mc_dropout,val,0.08,0.25,robust_eps0p08_lam0p25,certification,0.05,mean_unknown_frac,5,-0.5457878168182226,0.028747789459239653,-0.5814829120177022,-0.5100927216187431
mlp512x1,mc_dropout,val,0.08,0.25,robust_eps0p08_lam0p25,certification,0.05,median_p_safe_point,5,1.0,0.0,1.0,1.0
mlp512x1,mc_dropout,val,0.08,0.25,robust_eps0p08_lam0p25,pgd,0.05,accuracy,5,0.30569999999999997,0.029651306885194774,0.2688830397409622,0.3425169602590377
mlp512x1,mc_dropout,val,0.08,0.25,robust_eps0p08_lam0p25,pgd,0.05,brier,5,-0.46685898005962373,0.04276265025470988,-0.519955823348676,-0.41376213677057144
mlp512x1,mc_dropout,val,0.08,0.25,robust_eps0p08_lam0p25,pgd,0.05,ece,5,-0.1926227425098419,0.020373324101917435,-0.2179195655709298,-0.167325919448754
mlp512x1,mc_dropout,val,0.08,0.25,robust_eps0p08_lam0p25,pgd,0.05,ece_adaptive,5,-0.19251704270839692,0.02211507479256754,-0.21997653489591162,-0.16505755052088222
mlp512x1,mc_dropout,val,0.08,0.25,robust_eps0p08_lam0p25,pgd,0.05,mc_samples,5,0.0,0.0,0.0,0.0
mlp512x1,mc_dropout,val,0.08,0.25,robust_eps0p08_lam0p25,pgd,0.05,mean_confidence,5,0.10914691924858504,0.006063427851838969,0.1016181791792506,0.11667565931791947
mlp512x1,mc_dropout,val,0.08,0.25,robust_eps0p08_lam0p25,pgd,0.05,mean_mutual_information,5,-0.1027476228087576,0.0077178604202899435,-0.1123306122357934,-0.0931646333817218
mlp512x1,mc_dropout,val,0.08,0.25,robust_eps0p08_lam0p25,pgd,0.05,mean_predictive_entropy,5,-0.22455171546294758,0.013288893673716324,-0.2410520563135589,-0.20805137461233628
mlp512x1,mc_dropout,val,0.08,0.25,robust_eps0p08_lam0p25,pgd,0.05,n,5,0.0,0.0,0.0,0.0
mlp512x1,mc_dropout,val,0.08,0.25,robust_eps0p08_lam0p25,pgd,0.05,nll,5,-0.9981193661689758,0.09815496264018435,-1.1199948495243282,-0.8762438828136234
mlp512x1,mc_dropout,val,0.08,0.25,robust_eps0p08_lam0p25,certification,0.07,frac_p_safe_lower_geq_0p5,5,0.8800000000000001,0.024494897427831803,0.8495855677241674,0.9104144322758329
mlp512x1,mc_dropout,val,0.08,0.25,robust_eps0p08_lam0p25,certification,0.07,frac_p_safe_point_geq_0p9,5,0.8160000000000001,0.01673320053068147,0.7952229873263288,0.8367770126736713
mlp512x1,mc_dropout,val,0.08,0.25,robust_eps0p08_lam0p25,certification,0.07,mean_interval_width,5,-0.18646742191743426,0.02475761373837921,-0.21720805957781464,-0.15572678425705389
mlp512x1,mc_dropout,val,0.08,0.25,robust_eps0p08_lam0p25,certification,0.07,mean_net_frac_safe,5,0.9120000000000001,0.030331501776206186,0.8743384662330314,0.9496615337669689
mlp512x1,mc_dropout,val,0.08,0.25,robust_eps0p08_lam0p25,certification,0.07,mean_net_frac_unsafe,5,-0.632,0.03633180424916984,-0.6771118933259808,-0.5868881066740192
mlp512x1,mc_dropout,val,0.08,0.25,robust_eps0p08_lam0p25,certification,0.07,mean_p_safe_lower,5,0.813452565865876,0.007461689019048561,0.804187655245131,0.822717476486621
mlp512x1,mc_dropout,val,0.08,0.25,robust_eps0p08_lam0p25,certification,0.07,mean_p_safe_point,5,0.8849170855567114,0.00772888687758842,0.8753204049746204,0.8945137661388025
mlp512x1,mc_dropout,val,0.08,0.25,robust_eps0p08_lam0p25,certification,0.07,mean_p_safe_upper,5,0.6269851439484417,0.02801697604592173,0.5921974734536835,0.6617728144432
mlp512x1,mc_dropout,val,0.08,0.25,robust_eps0p08_lam0p25,certification,0.07,mean_property_evaluations,5,-54.012,5.930642460981772,-61.37586523001964,-46.64813476998036
mlp512x1,mc_dropout,val,0.08,0.25,robust_eps0p08_lam0p25,certification,0.07,mean_unknown_frac,5,-0.203497167986553,0.027032904905045747,-0.23706295277401426,-0.16993138319909176
mlp512x1,mc_dropout,val,0.08,0.25,robust_eps0p08_lam0p25,certification,0.07,median_p_safe_point,5,1.0,0.0,1.0,1.0
mlp512x1,mc_dropout,val,0.08,0.25,robust_eps0p08_lam0p25,pgd,0.07,accuracy,5,0.5863,0.02851447001085587,0.5508946091596594,0.6217053908403407
mlp512x1,mc_dropout,val,0.08,0.25,robust_eps0p08_lam0p25,pgd,0.07,brier,5,-0.9852630823850632,0.050478236294961884,-1.04794009108534,-0.9225860736847865
mlp512x1,mc_dropout,val,0.08,0.25,robust_eps0p08_lam0p25,pgd,0.07,ece,5,-0.503550374482572,0.03176259555395923,-0.5429888458714301,-0.46411190309371386
mlp512x1,mc_dropout,val,0.08,0.25,robust_eps0p08_lam0p25,pgd,0.07,ece_adaptive,5,-0.5056239289820195,0.030943099112689363,-0.5440448611430967,-0.46720299682094224
mlp512x1,mc_dropout,val,0.08,0.25,robust_eps0p08_lam0p25,pgd,0.07,mc_samples,5,0.0,0.0,0.0,0.0
mlp512x1,mc_dropout,val,0.08,0.25,robust_eps0p08_lam0p25,pgd,0.07,mean_confidence,5,0.07662604208919,0.005837809326836416,0.06937744441967907,0.08387463975870092
mlp512x1,mc_dropout,val,0.08,0.25,robust_eps0p08_lam0p25,pgd,0.07,mean_mutual_information,5,-0.08377052286099178,0.004689876974642229,-0.08959377425640982,-0.07794727146557373
mlp512x1,mc_dropout,val,0.08,0.25,robust_eps0p08_lam0p25,pgd,0.07,mean_predictive_entropy,5,-0.14095833467470484,0.014277397527142046,-0.15868606517220057,-0.12323060417720912
mlp512x1,mc_dropout,val,0.08,0.25,robust_eps0p08_lam0p25,pgd,0.07,n,5,0.0,0.0,0.0,0.0
mlp512x1,mc_dropout,val,0.08,0.25,robust_eps0p08_lam0p25,pgd,0.07,nll,5,-2.7497164249420165,0.2283035975120202,-3.0331927826330944,-2.4662400672509386
mlp512x1,mc_dropout,val,0.08,0.25,robust_eps0p08_lam0p25,certification,0.08,frac_p_safe_lower_geq_0p5,5,0.8320000000000001,0.026832815729997468,0.7986826587376266,0.8653173412623736
mlp512x1,mc_dropout,val,0.08,0.25,robust_eps0p08_lam0p25,certification,0.08,frac_p_safe_point_geq_0p9,5,0.74,0.014142135623730963,0.7224402193382983,0.7575597806617017
mlp512x1,mc_dropout,val,0.08,0.25,robust_eps0p08_lam0p25,certification,0.08,mean_interval_width,5,-0.05867063429231376,0.022405663902616994,-0.08649094051604693,-0.030850328068580592
mlp512x1,mc_dropout,val,0.08,0.25,robust_eps0p08_lam0p25,certification,0.08,mean_net_frac_safe,5,0.8640000000000001,0.029664793948382676,0.8271662933401605,0.9008337066598398
mlp512x1,mc_dropout,val,0.08,0.25,robust_eps0p08_lam0p25,certification,0.08,mean_net_frac_unsafe,5,-0.748,0.06723094525588641,-0.8314782442894423,-0.6645217557105577
mlp512x1,mc_dropout,val,0.08,0.25,robust_eps0p08_lam0p25,certification,0.08,mean_p_safe_lower,5,0.7704982005511234,0.007520259669611359,0.7611605648622233,0.7798358362400235
mlp512x1,mc_dropout,val,0.08,0.25,robust_eps0p08_lam0p25,certification,0.08,mean_p_safe_point,5,0.841022947893638,0.007950904888169085,0.8311505955408561,0.8508953002464198
mlp512x1,mc_dropout,val,0.08,0.25,robust_eps0p08_lam0p25,certification,0.08,mean_p_safe_upper,5,0.7118275662588097,0.024234066583129675,0.6817369982524647,0.7419181342651547
mlp512x1,mc_dropout,val,0.08,0.25,robust_eps0p08_lam0p25,certification,0.08,mean_property_evaluations,5,-15.108000000000004,3.4969872747838364,-19.45008320127579,-10.76591679872422
mlp512x1,mc_dropout,val,0.08,0.25,robust_eps0p08_lam0p25,certification,0.08,mean_unknown_frac,5,-0.07491491263367868,0.022505958713604893,-0.10285975131342218,-0.04697007395393518
mlp512x1,mc_dropout,val,0.08,0.25,robust_eps0p08_lam0p25,certification,0.08,median_p_safe_point,5,0.998165137614679,0.0025124887958952423,0.9950454707309255,1.0012848044984324
mlp512x1,mc_dropout,val,0.08,0.25,robust_eps0p08_lam0p25,pgd,0.08,accuracy,5,0.6839000000000002,0.016063934760823722,0.6639539905379913,0.703846009462009
mlp512x1,mc_dropout,val,0.08,0.25,robust_eps0p08_lam0p25,pgd,0.08,brier,5,-1.2006535589694978,0.04149507792474404,-1.2521765033313121,-1.1491306146076834
mlp512x1,mc_dropout,val,0.08,0.25,robust_eps0p08_lam0p25,pgd,0.08,ece,5,-0.6395457921594382,0.020635775355569673,-0.6651684914934696,-0.6139230928254068
mlp512x1,mc_dropout,val,0.08,0.25,robust_eps0p08_lam0p25,pgd,0.08,ece_adaptive,5,-0.6427191093981268,0.021273040674695706,-0.6691330781362208,-0.6163051406600328
mlp512x1,mc_dropout,val,0.08,0.25,robust_eps0p08_lam0p25,pgd,0.08,mc_samples,5,0.0,0.0,0.0,0.0
mlp512x1,mc_dropout,val,0.08,0.25,robust_eps0p08_lam0p25,pgd,0.08,mean_confidence,5,0.03844822460611885,0.006805382956930483,0.029998225594508793,0.04689822361772891
mlp512x1,mc_dropout,val,0.08,0.25,robust_eps0p08_lam0p25,pgd,0.08,mean_mutual_information,5,-0.05851250241974108,0.003764646105687815,-0.06318692795515164,-0.053838076884330524
mlp512x1,mc_dropout,val,0.08,0.25,robust_eps0p08_lam0p25,pgd,0.08,mean_predictive_entropy,5,-0.05038156247099819,0.015168175353059631,-0.069215339725334,-0.03154778521666238
mlp512x1,mc_dropout,val,0.08,0.25,robust_eps0p08_lam0p25,pgd,0.08,n,5,0.0,0.0,0.0,0.0
mlp512x1,mc_dropout,val,0.08,0.25,robust_eps0p08_lam0p25,pgd,0.08,nll,5,-3.993281275033951,0.2922675949105706,-4.356179425476008,-3.630383124591894
mlp512x1,mc_dropout,val,0.08,0.25,robust_eps0p08_lam0p25,certification,0.1,frac_p_safe_lower_geq_0p5,5,0.6839999999999999,0.008944271909999118,0.6728942195792088,0.6951057804207911
mlp512x1,mc_dropout,val,0.08,0.25,robust_eps0p08_lam0p25,certification,0.1,frac_p_safe_point_geq_0p9,5,0.524,0.032863353450309996,0.48319475716050464,0.5648052428394954
mlp512x1,mc_dropout,val,0.08,0.25,robust_eps0p08_lam0p25,certification,0.1,mean_interval_width,5,0.14166172887485007,0.015169039961007796,0.12282687806795246,0.1604965796817477
mlp512x1,mc_dropout,val,0.08,0.25,robust_eps0p08_lam0p25,certification,0.1,mean_net_frac_safe,5,0.744,0.021908902300206663,0.7167965047736697,0.7712034952263302
mlp512x1,mc_dropout,val,0.08,0.25,robust_eps0p08_lam0p25,certification,0.1,mean_net_frac_unsafe,5,-0.8320000000000001,0.017888543819998298,-0.8542115608415823,-0.8097884391584178
mlp512x1,mc_dropout,val,0.08,0.25,robust_eps0p08_lam0p25,certification,0.1,mean_p_safe_lower,5,0.6288888667899463,0.011069523678577968,0.6151442377609919,0.6426334958189006
mlp512x1,mc_dropout,val,0.08,0.25,robust_eps0p08_lam0p25,certification,0.1,mean_p_safe_point,5,0.6935631122235497,0.011605831803978926,0.6791525687033408,0.7079736557437586
mlp512x1,mc_dropout,val,0.08,0.25,robust_eps0p08_lam0p25,certification,0.1,mean_p_safe_upper,5,0.7705505956647964,0.005430836852550609,0.7638073210648662,0.7772938702647267
mlp512x1,mc_dropout,val,0.08,0.25,robust_eps0p08_lam0p25,certification,0.1,mean_property_evaluations,5,58.15999999999999,12.044110593979122,43.20526148507156,73.11473851492842
mlp512x1,mc_dropout,val,0.08,0.25,robust_eps0p08_lam0p25,certification,0.1,mean_unknown_frac,5,0.1245537768194002,0.018792572270439335,0.10121971639755331,0.1478878372412471
mlp512x1,mc_dropout,val,0.08,0.25,robust_eps0p08_lam0p25,certification,0.1,median_p_safe_point,5,0.9214627398144503,0.02873691564021336,0.8857811462445787,0.9571443333843218
mlp512x1,mc_dropout,val,0.08,0.25,robust_eps0p08_lam0p25,pgd,0.1,accuracy,5,0.7686999999999999,0.015974980438172706,0.7488644419179115,0.7885355580820884
mlp512x1,mc_dropout,val,0.08,0.25,robust_eps0p08_lam0p25,pgd,0.1,brier,5,-1.4633454352617263,0.026444844299153367,-1.4961810463660892,-1.4305098241573635
mlp512x1,mc_dropout,val,0.08,0.25,robust_eps0p08_lam0p25,pgd,0.1,ece,5,-0.8044346425801516,0.019622721856477312,-0.8287994698561056,-0.7800698153041976
mlp512x1,mc_dropout,val,0.08,0.25,robust_eps0p08_lam0p25,pgd,0.1,ece_adaptive,5,-0.8093573415160179,0.01924469077252939,-0.8332527812048318,-0.785461901827204
mlp512x1,mc_dropout,val,0.08,0.25,robust_eps0p08_lam0p25,pgd,0.1,mc_samples,5,0.0,0.0,0.0,0.0
mlp512x1,mc_dropout,val,0.08,0.25,robust_eps0p08_lam0p25,pgd,0.1,mean_confidence,5,-0.04497171863716387,0.003448458655347433,-0.04925354559880294,-0.0406898916755248
mlp512x1,mc_dropout,val,0.08,0.25,robust_eps0p08_lam0p25,pgd,0.1,mean_mutual_information,5,-0.003588373607610257,0.0015171856584981628,-0.005472208418358496,-0.0017045387968620176
mlp512x1,mc_dropout,val,0.08,0.25,robust_eps0p08_lam0p25,pgd,0.1,mean_predictive_entropy,5,0.15589939169643557,0.009158522442520842,0.14452758410281624,0.1672711992900549
mlp512x1,mc_dropout,val,0.08,0.25,robust_eps0p08_lam0p25,pgd,0.1,n,5,0.0,0.0,0.0,0.0
mlp512x1,mc_dropout,val,0.08,0.25,robust_eps0p08_lam0p25,pgd,0.1,nll,5,-7.001629412174225,0.39235983406380176,-7.48880849247245,-6.514450331876
mlp512x1,mc_dropout,val,0.08,0.25,robust_eps0p08_lam0p25,pgd,0.15,accuracy,5,0.5734000000000001,0.023290019321589243,0.5444816214909127,0.6023183785090875
mlp512x1,mc_dropout,val,0.08,0.25,robust_eps0p08_lam0p25,pgd,0.15,brier,5,-1.3443212389945984,0.0252656725943715,-1.375692715045433,-1.3129497629437639
mlp512x1,mc_dropout,val,0.08,0.25,robust_eps0p08_lam0p25,pgd,0.15,ece,5,-0.8213113441839814,0.023598921817630503,-0.8506132758013586,-0.7920094125666043
mlp512x1,mc_dropout,val,0.08,0.25,robust_eps0p08_lam0p25,pgd,0.15,ece_adaptive,5,-0.8223472950488329,0.02334556989971654,-0.8513346487108604,-0.7933599413868053
mlp512x1,mc_dropout,val,0.08,0.25,robust_eps0p08_lam0p25,pgd,0.15,mc_samples,5,0.0,0.0,0.0,0.0
mlp512x1,mc_dropout,val,0.08,0.25,robust_eps0p08_lam0p25,pgd,0.15,mean_confidence,5,-0.24929837055807713,0.003786433298130948,-0.2539998484659663,-0.244596892650188
mlp512x1,mc_dropout,val,0.08,0.25,robust_eps0p08_lam0p25,pgd,0.15,mean_mutual_information,5,0.06528397314637298,0.002753939835422473,0.061864505199509694,0.06870344109323626
mlp512x1,mc_dropout,val,0.08,0.25,robust_eps0p08_lam0p25,pgd,0.15,mean_predictive_entropy,5,0.6695273529739428,0.007843774110536621,0.6597880210508468,0.6792666848970389
mlp512x1,mc_dropout,val,0.08,0.25,robust_eps0p08_lam0p25,pgd,0.15,n,5,0.0,0.0,0.0,0.0
mlp512x1,mc_dropout,val,0.08,0.25,robust_eps0p08_lam0p25,pgd,0.15,nll,5,-15.388356733322144,0.47693957052238267,-15.980555427358553,-14.796158039285736
mlp512x1,mc_dropout,val,0.08,0.25,robust_eps0p08_lam0p25,clean,,accuracy,5,-0.0032999999999999696,0.0013509256086106144,-0.0049773956924632785,-0.0016226043075366608
mlp512x1,mc_dropout,val,0.08,0.25,robust_eps0p08_lam0p25,clean,,brier,5,0.0063668500632047655,0.0022714880383774834,0.0035464251436009542,0.009187274982808576
mlp512x1,mc_dropout,val,0.08,0.25,robust_eps0p08_lam0p25,clean,,ece,5,0.001762947937846205,0.0019248498984732769,-0.0006270688830342333,0.0041529647587266435
mlp512x1,mc_dropout,val,0.08,0.25,robust_eps0p08_lam0p25,clean,,ece_adaptive,5,0.0013583956778049524,0.0009959268685973347,0.000121789140223831,0.002595002215386074
mlp512x1,mc_dropout,val,0.08,0.25,robust_eps0p08_lam0p25,clean,,mc_samples,5,0.0,0.0,0.0,0.0
mlp512x1,mc_dropout,val,0.08,0.25,robust_eps0p08_lam0p25,clean,,mean_confidence,5,-0.0011047544423921306,0.0006303185860522938,-0.001887398338091965,-0.00032211054669229627
mlp512x1,mc_dropout,val,0.08,0.25,robust_eps0p08_lam0p25,clean,,mean_mutual_information,5,-0.00323158761152193,0.0002757169577615086,-0.0035739354316686634,-0.0028892397913751968
mlp512x1,mc_dropout,val,0.08,0.25,robust_eps0p08_lam0p25,clean,,mean_predictive_entropy,5,0.008986137653156255,0.0016098901183992944,0.006987195052075856,0.010985080254236654
mlp512x1,mc_dropout,val,0.08,0.25,robust_eps0p08_lam0p25,clean,,n,5,0.0,0.0,0.0,0.0
mlp512x1,mc_dropout,val,0.08,0.25,robust_eps0p08_lam0p25,clean,,nll,5,0.023045934736728668,0.006236172385822987,0.015302703998659791,0.030789165474797545
mlp512x1,vogn,val,0.08,0.25,robust_eps0p08_lam0p25,certification,0.01,frac_p_safe_lower_geq_0p5,5,0.07199999999999995,0.02280350850198278,0.04368570446035448,0.10031429553964542
mlp512x1,vogn,val,0.08,0.25,robust_eps0p08_lam0p25,certification,0.01,frac_p_safe_point_geq_0p9,5,0.284,0.0409878030638384,0.23310692057016588,0.33489307942983404
mlp512x1,vogn,val,0.08,0.25,robust_eps0p08_lam0p25,certification,0.01,mean_interval_width,5,-0.08671725884231807,0.009948444972735206,-0.0990698848030746,-0.07436463288156153
mlp512x1,vogn,val,0.08,0.25,robust_eps0p08_lam0p25,certification,0.01,mean_net_frac_safe,5,-0.0040000000000000036,0.008944271909999166,-0.015105780420791188,0.0071057804207911805
mlp512x1,vogn,val,0.08,0.25,robust_eps0p08_lam0p25,certification,0.01,mean_net_frac_unsafe,5,0.003999999999999999,0.008944271909999158,-0.007105780420791173,0.015105780420791172
mlp512x1,vogn,val,0.08,0.25,robust_eps0p08_lam0p25,certification,0.01,mean_p_safe_lower,5,0.10076764110878397,0.012599862300228536,0.08512284570826534,0.11641243650930261
mlp512x1,vogn,val,0.08,0.25,robust_eps0p08_lam0p25,certification,0.01,mean_p_safe_point,5,0.10060255893432121,0.012697371147630985,0.08483669030847661,0.11636842756016581
mlp512x1,vogn,val,0.08,0.25,robust_eps0p08_lam0p25,certification,0.01,mean_p_safe_upper,5,0.014050382266465978,0.0032774904066376165,0.009980840424085834,0.018119924108846122
mlp512x1,vogn,val,0.08,0.25,robust_eps0p08_lam0p25,certification,0.01,mean_property_evaluations,5,-74.692,6.552657476169498,-82.8281988807204,-66.5558011192796
mlp512x1,vogn,val,0.08,0.25,robust_eps0p08_lam0p25,certification,0.01,mean_unknown_frac,5,-0.06906979458625691,0.007282720568130168,-0.0781124865246822,-0.060027102647831614
mlp512x1,vogn,val,0.08,0.25,robust_eps0p08_lam0p25,certification,0.01,median_p_safe_point,5,0.04586156680737563,0.004135119322916701,0.04072713801583324,0.05099599559891802
mlp512x1,vogn,val,0.08,0.25,robust_eps0p08_lam0p25,pgd,0.01,accuracy,5,-0.049899999999999986,0.005694295391003187,-0.056970401582146266,-0.042829598417853706
mlp512x1,vogn,val,0.08,0.25,robust_eps0p08_lam0p25,pgd,0.01,brier,5,0.07140049934387208,0.0070699991034991454,0.06262193598972429,0.08017906269801986
mlp512x1,vogn,val,0.08,0.25,robust_eps0p08_lam0p25,pgd,0.01,ece,5,-0.015583503454923653,0.003837950939781864,-0.020348948963723097,-0.01081805794612421
mlp512x1,vogn,val,0.08,0.25,robust_eps0p08_lam0p25,pgd,0.01,ece_adaptive,5,-0.019618260931968674,0.003338731705942679,-0.023763843890899135,-0.015472677973038213
mlp512x1,vogn,val,0.08,0.25,robust_eps0p08_lam0p25,pgd,0.01,mc_samples,5,0.0,0.0,0.0,0.0
mlp512x1,vogn,val,0.08,0.25,robust_eps0p08_lam0p25,pgd,0.01,mean_confidence,5,-0.004580104029307241,0.005253115148380869,-0.011102707987470591,0.0019424999288561078
mlp512x1,vogn,val,0.08,0.25,robust_eps0p08_lam0p25,pgd,0.01,mean_mutual_information,5,-0.05771404096796977,0.0011902752792119007,-0.05919196293011912,-0.056236119005820415
mlp512x1,vogn,val,0.08,0.25,robust_eps0p08_lam0p25,pgd,0.01,mean_predictive_entropy,5,0.02888574881488175,0.01158015098390976,0.014507092244397108,0.0432644053853664
mlp512x1,vogn,val,0.08,0.25,robust_eps0p08_lam0p25,pgd,0.01,n,5,0.0,0.0,0.0,0.0
mlp512x1,vogn,val,0.08,0.25,robust_eps0p08_lam0p25,pgd,0.01,nll,5,0.1859596461057663,0.01266517983411184,0.17023374827497328,0.2016855439365593
mlp512x1,vogn,val,0.08,0.25,robust_eps0p08_lam0p25,pgd,0.03,accuracy,5,-0.0678,0.01100340856280457,-0.08146253626996146,-0.05413746373003854
mlp512x1,vogn,val,0.08,0.25,robust_eps0p08_lam0p25,pgd,0.03,brier,5,0.09912673979997635,0.009867756433888845,0.08687430189297302,0.11137917770697969
mlp512x1,vogn,val,0.08,0.25,robust_eps0p08_lam0p25,pgd,0.03,ece,5,-0.019387139217555534,0.004248746515315658,-0.024662654803116683,-0.014111623631994384
mlp512x1,vogn,val,0.08,0.25,robust_eps0p08_lam0p25,pgd,0.03,ece_adaptive,5,-0.020196410185098625,0.0049357569709864635,-0.026324961919855776,-0.014067858450341473
mlp512x1,vogn,val,0.08,0.25,robust_eps0p08_lam0p25,pgd,0.03,mc_samples,5,0.0,0.0,0.0,0.0
mlp512x1,vogn,val,0.08,0.25,robust_eps0p08_lam0p25,pgd,0.03,mean_confidence,5,0.007107278985550192,0.006999745006786854,-0.001584052385983607,0.015798610357083992
mlp512x1,vogn,val,0.08,0.25,robust_eps0p08_lam0p25,pgd,0.03,mean_mutual_information,5,-0.0816718233307896,0.001002678574192658,-0.0829168132181349,-0.08042683344344428
mlp512x1,vogn,val,0.08,0.25,robust_eps0p08_lam0p25,pgd,0.03,mean_predictive_entropy,5,0.0022129199656937713,0.014602879842701985,-0.015918950205084728,0.020344790136472272
mlp512x1,vogn,val,0.08,0.25,robust_eps0p08_lam0p25,pgd,0.03,n,5,0.0,0.0,0.0,0.0
mlp512x1,vogn,val,0.08,0.25,robust_eps0p08_lam0p25,pgd,0.03,nll,5,0.2718497306108475,0.014401779383461039,0.25396755964033074,0.28973190158136425
mlp512x1,vogn,val,0.08,0.25,robust_eps0p08_lam0p25,certification,0.05,frac_p_safe_lower_geq_0p5,5,0.668,0.03633180424916989,0.6228881066740193,0.7131118933259808
mlp512x1,vogn,val,0.08,0.25,robust_eps0p08_lam0p25,certification,0.05,frac_p_safe_point_geq_0p9,5,0.628,0.02280350850198278,0.5996857044603545,0.6563142955396455
mlp512x1,vogn,val,0.08,0.25,robust_eps0p08_lam0p25,certification,0.05,mean_interval_width,5,-0.301568749941667,0.024483117675479532,-0.33196855572309614,-0.27116894416023785
mlp512x1,vogn,val,0.08,0.25,robust_eps0p08_lam0p25,certification,0.05,mean_net_frac_safe,5,0.04799999999999997,0.030331501776206197,0.01033846623303121,0.08566153376696874
mlp512x1,vogn,val,0.08,0.25,robust_eps0p08_lam0p25,certification,0.05,mean_net_frac_unsafe,5,0.031999999999999994,0.052153619241621194,-0.03275727138834814,0.09675727138834814
mlp512x1,vogn,val,0.08,0.25,robust_eps0p08_lam0p25,certification,0.05,mean_p_safe_lower,5,0.6320058409633476,0.026390596274558697,0.5992375876780976,0.6647740942485975
mlp512x1,vogn,val,0.08,0.25,robust_eps0p08_lam0p25,certification,0.05,mean_p_safe_point,5,0.69208464078702,0.02781667138273972,0.6575456813812072,0.7266236001928329
mlp512x1,vogn,val,0.08,0.25,robust_eps0p08_lam0p25,certification,0.05,mean_p_safe_upper,5,0.3304370910216806,0.014906877992456791,0.311927757292831,0.3489464247505302
mlp512x1,vogn,val,0.08,0.25,robust_eps0p08_lam0p25,certification,0.05,mean_property_evaluations,5,-102.51200000000001,2.156228188295488,-105.18931091331865,-99.83468908668138
mlp512x1,vogn,val,0.08,0.25,robust_eps0p08_lam0p25,certification,0.05,mean_unknown_frac,5,-0.3164022557961233,0.02679010346022828,-0.34966656277084285,-0.28313794882140375
mlp512x1,vogn,val,0.08,0.25,robust_eps0p08_lam0p25,certification,0.05,median_p_safe_point,5,1.0,0.0,1.0,1.0
mlp512x1,vogn,val,0.08,0.25,robust_eps0p08_lam0p25,pgd,0.05,accuracy,5,-0.09179999999999999,0.012532956554620325,-0.10736172094492394,-0.07623827905507605
mlp512x1,vogn,val,0.08,0.25,robust_eps0p08_lam0p25,pgd,0.05,brier,5,0.12952420711517335,0.012609399812654512,0.11386756932884295,0.14518084490150374
mlp512x1,vogn,val,0.08,0.25,robust_eps0p08_lam0p25,pgd,0.05,ece,5,0.01350498105585575,0.003697297489092148,0.008914179873000857,0.018095782238710643
mlp512x1,vogn,val,0.08,0.25,robust_eps0p08_lam0p25,pgd,0.05,ece_adaptive,5,0.011996357411146196,0.003955193938728774,0.0070853354915129335,0.01690737933077946
mlp512x1,vogn,val,0.08,0.25,robust_eps0p08_lam0p25,pgd,0.05,mc_samples,5,0.0,0.0,0.0,0.0
mlp512x1,vogn,val,0.08,0.25,robust_eps0p08_lam0p25,pgd,0.05,mean_confidence,5,0.03148190884805806,0.00890333383473996,0.020426959761471988,0.04253685793464412
mlp512x1,vogn,val,0.08,0.25,robust_eps0p08_lam0p25,pgd,0.05,mean_mutual_information,5,-0.11356323734114189,0.002065019326804593,-0.11612729749483013,-0.11099917718745365
mlp512x1,vogn,val,0.08,0.25,robust_eps0p08_lam0p25,pgd,0.05,mean_predictive_entropy,5,-0.04708096897052057,0.014701385173292477,-0.06533514966392444,-0.028826788277116693
mlp512x1,vogn,val,0.08,0.25,robust_eps0p08_lam0p25,pgd,0.05,n,5,0.0,0.0,0.0,0.0
mlp512x1,vogn,val,0.08,0.25,robust_eps0p08_lam0p25,pgd,0.05,nll,5,0.3853130996227264,0.017748113909902545,0.363275905544781,0.40735029370067183
mlp512x1,vogn,val,0.08,0.25,robust_eps0p08_lam0p25,certification,0.07,frac_p_safe_lower_geq_0p5,5,0.516,0.016733200530681527,0.49522298732632863,0.5367770126736714
mlp512x1,vogn,val,0.08,0.25,robust_eps0p08_lam0p25,certification,0.07,frac_p_safe_point_geq_0p9,5,0.484,0.008944271909999168,0.4728942195792088,0.4951057804207912
mlp512x1,vogn,val,0.08,0.25,robust_eps0p08_lam0p25,certification,0.07,mean_interval_width,5,0.005612352045994235,0.012422098139865638,-0.009811719996430875,0.021036424088419343
mlp512x1,vogn,val,0.08,0.25,robust_eps0p08_lam0p25,certification,0.07,mean_net_frac_safe,5,0.45999999999999996,0.01999999999999999,0.4351667200359247,0.4848332799640752
mlp512x1,vogn,val,0.08,0.25,robust_eps0p08_lam0p25,certification,0.07,mean_net_frac_unsafe,5,0.052000000000000005,0.0438178046004133,-0.0024069904526604555,0.10640699045266047
mlp512x1,vogn,val,0.08,0.25,robust_eps0p08_lam0p25,certification,0.07,mean_p_safe_lower,5,0.4889249221950885,0.007858545764911759,0.4791672488405609,0.4986825955496161
mlp512x1,vogn,val,0.08,0.25,robust_eps0p08_lam0p25,certification,0.07,mean_p_safe_point,5,0.5363995799159653,0.008885676869886663,0.5253665548469552,0.5474326049849755
mlp512x1,vogn,val,0.08,0.25,robust_eps0p08_lam0p25,certification,0.07,mean_p_safe_upper,5,0.4945372742410827,0.01626242681739228,0.4743448043385033,0.5147297441436621
mlp512x1,vogn,val,0.08,0.25,robust_eps0p08_lam0p25,certification,0.07,mean_property_evaluations,5,-32.48,3.760930735868447,-37.14981229446584,-27.810187705534155
mlp512x1,vogn,val,0.08,0.25,robust_eps0p08_lam0p25,certification,0.07,mean_unknown_frac,5,0.003030307558559997,0.0137078341365423,-0.013990216582133157,0.02005083169925315
mlp512x1,vogn,val,0.08,0.25,robust_eps0p08_lam0p25,certification,0.07,median_p_safe_point,5,0.7306563816877611,0.1065244755209123,0.5983887755059062,0.8629239878696161
mlp512x1,vogn,val,0.08,0.25,robust_eps0p08_lam0p25,pgd,0.07,accuracy,5,-0.09140000000000001,0.015557956163969643,-0.11071775405443346,-0.07208224594556656
mlp512x1,vogn,val,0.08,0.25,robust_eps0p08_lam0p25,pgd,0.07,brier,5,0.13729128241539001,0.016487362684871065,0.11681951774425746,0.15776304708652256
mlp512x1,vogn,val,0.08,0.25,robust_eps0p08_lam0p25,pgd,0.07,ece,5,0.09330431847721338,0.01448053096709566,0.07532436450049595,0.1112842724539308
mlp512x1,vogn,val,0.08,0.25,robust_eps0p08_lam0p25,pgd,0.07,ece_adaptive,5,0.09026355073452,0.014978066284451511,0.07166582506640694,0.10886127640263306
mlp512x1,vogn,val,0.08,0.25,robust_eps0p08_lam0p25,pgd,0.07,mc_samples,5,0.0,0.0,0.0,0.0
mlp512x1,vogn,val,0.08,0.25,robust_eps0p08_lam0p25,pgd,0.07,mean_confidence,5,0.07840942765371436,0.012856258270832952,0.06244627460721171,0.09437258070021702
mlp512x1,vogn,val,0.08,0.25,robust_eps0p08_lam0p25,pgd,0.07,mean_mutual_information,5,-0.15166456576102325,0.0027538758254316217,-0.15508395422898535,-0.14824517729306114
mlp512x1,vogn,val,0.08,0.25,robust_eps0p08_lam0p25,pgd,0.07,mean_predictive_entropy,5,-0.1234184777618659,0.016469942087556446,-0.1438686119044857,-0.10296834361924612
mlp512x1,vogn,val,0.08,0.25,robust_eps0p08_lam0p25,pgd,0.07,n,5,0.0,0.0,0.0,0.0
mlp512x1,vogn,val,0.08,0.25,robust_eps0p08_lam0p25,pgd,0.07,nll,5,0.5014191031455993,0.025224877114147764,0.470098281373848,0.5327399249173507
mlp512x1,vogn,val,0.08,0.25,robust_eps0p08_lam0p25,certification,0.08,frac_p_safe_lower_geq_0p5,5,0.44000000000000006,0.014142135623730963,0.4224402193382984,0.4575597806617017
mlp512x1,vogn,val,0.08,0.25,robust_eps0p08_lam0p25,certification,0.08,frac_p_safe_point_geq_0p9,5,0.356,0.0167332005306815,0.33522298732632866,0.3767770126736713
mlp512x1,vogn,val,0.08,0.25,robust_eps0p08_lam0p25,certification,0.08,mean_interval_width,5,0.12329692580970945,0.01717061397953086,0.10197679260427173,0.14461705901514718
mlp512x1,vogn,val,0.08,0.25,robust_eps0p08_lam0p25,certification,0.08,mean_net_frac_safe,5,0.516,0.029664793948382635,0.4791662933401604,0.5528337066598397
mlp512x1,vogn,val,0.08,0.25,robust_eps0p08_lam0p25,certification,0.08,mean_net_frac_unsafe,5,-0.00799999999999999,0.03033150177620619,-0.04566153376696874,0.02966153376696876
mlp512x1,vogn,val,0.08,0.25,robust_eps0p08_lam0p25,certification,0.08,mean_p_safe_lower,5,0.39877641050601265,0.008308484236885846,0.388460064749428,0.4090927562625973
mlp512x1,vogn,val,0.08,0.25,robust_eps0p08_lam0p25,certification,0.08,mean_p_safe_point,5,0.4392591723747392,0.009037818712283232,0.4280372382574048,0.4504811064920736
mlp512x1,vogn,val,0.08,0.25,robust_eps0p08_lam0p25,certification,0.08,mean_p_safe_upper,5,0.5220733363157222,0.019335195475737112,0.4980655201952671,0.5460811524361773
mlp512x1,vogn,val,0.08,0.25,robust_eps0p08_lam0p25,certification,0.08,mean_property_evaluations,5,4.719999999999999,4.0824747396646615,-0.34906190781789626,9.789061907817894
mlp512x1,vogn,val,0.08,0.25,robust_eps0p08_lam0p25,certification,0.08,mean_unknown_frac,5,0.12371355320400608,0.019447751548675438,0.0995659802600043,0.14786112614800787
mlp512x1,vogn,val,0.08,0.25,robust_eps0p08_lam0p25,certification,0.08,median_p_safe_point,5,0.13672398924750187,0.052610563301571385,0.07139934687072051,0.20204863162428321
mlp512x1,vogn,val,0.08,0.25,robust_eps0p08_lam0p25,pgd,0.08,accuracy,5,-0.06580000000000001,0.01618873064820093,-0.085900964022489,-0.04569903597751103
mlp512x1,vogn,val,0.08,0.25,robust_eps0p08_lam0p25,pgd,0.08,brier,5,0.12211406826972962,0.021871537531022174,0.09495696753209694,0.1492711690073623
mlp512x1,vogn,val,0.08,0.25,robust_eps0p08_lam0p25,pgd,0.08,ece,5,0.1392150568395853,0.010406479925602289,0.12629370536793474,0.15213640831123584
mlp512x1,vogn,val,0.08,0.25,robust_eps0p08_lam0p25,pgd,0.08,ece_adaptive,5,0.13658308540880681,0.012972830947268926,0.12047518826679936,0.15269098255081426
mlp512x1,vogn,val,0.08,0.25,robust_eps0p08_lam0p25,pgd,0.08,mc_samples,5,0.0,0.0,0.0,0.0
mlp512x1,vogn,val,0.08,0.25,robust_eps0p08_lam0p25,pgd,0.08,mean_confidence,5,0.10352051816137295,0.013818992324348038,0.08636197290077584,0.12067906342197006
mlp512x1,vogn,val,0.08,0.25,robust_eps0p08_lam0p25,pgd,0.08,mean_mutual_information,5,-0.1695420907521614,0.0020902003099717062,-0.1721374172260876,-0.16694676427823518
mlp512x1,vogn,val,0.08,0.25,robust_eps0p08_lam0p25,pgd,0.08,mean_predictive_entropy,5,-0.1603334644689414,0.017762107541828012,-0.1823880339358528,-0.13827889500203
mlp512x1,vogn,val,0.08,0.25,robust_eps0p08_lam0p25,pgd,0.08,n,5,0.0,0.0,0.0,0.0
mlp512x1,vogn,val,0.08,0.25,robust_eps0p08_lam0p25,pgd,0.08,nll,5,0.5442031264305115,0.03162394758511967,0.5049368092329856,0.5834694436280374
mlp512x1,vogn,val,0.08,0.25,robust_eps0p08_lam0p25,certification,0.1,frac_p_safe_lower_geq_0p5,5,0.132,0.036331804249169895,0.08688810667401921,0.17711189332598082
mlp512x1,vogn,val,0.08,0.25,robust_eps0p08_lam0p25,certification,0.1,frac_p_safe_point_geq_0p9,5,0.08399999999999999,0.026076809620810597,0.05162136430582592,0.11637863569417406
mlp512x1,vogn,val,0.08,0.25,robust_eps0p08_lam0p25,certification,0.1,mean_interval_width,5,0.36862637269367216,0.026301511485487115,0.3359687327838,0.4012840126035443
mlp512x1,vogn,val,0.08,0.25,robust_eps0p08_lam0p25,certification,0.1,mean_net_frac_safe,5,0.552,0.02280350850198275,0.5236857044603547,0.5803142955396454
mlp512x1,vogn,val,0.08,0.25,robust_eps0p08_lam0p25,certification,0.1,mean_net_frac_unsafe,5,-0.13200000000000003,0.05585696017507578,-0.20135557649849306,-0.06264442350150702
mlp512x1,vogn,val,0.08,0.25,robust_eps0p08_lam0p25,certification,0.1,mean_p_safe_lower,5,0.12702946545748567,0.021089749078504267,0.10084308329555591,0.15321584761941542
mlp512x1,vogn,val,0.08,0.25,robust_eps0p08_lam0p25,certification,0.1,mean_p_safe_point,5,0.14691909231086425,0.02267578034496603,0.1187633922253434,0.1750747923963851
mlp512x1,vogn,val,0.08,0.25,robust_eps0p08_lam0p25,certification,0.1,mean_p_safe_upper,5,0.4956558381511579,0.017982852457952177,0.4733271776691086,0.5179844986332072
mlp512x1,vogn,val,0.08,0.25,robust_eps0p08_lam0p25,certification,0.1,mean_property_evaluations,5,58.85600000000001,11.775146708215571,44.23522425884117,73.47677574115885
mlp512x1,vogn,val,0.08,0.25,robust_eps0p08_lam0p25,certification,0.1,mean_unknown_frac,5,0.3812380585179458,0.024233327511763155,0.35114840818990867,0.4113277088459829
mlp512x1,vogn,val,0.08,0.25,robust_eps0p08_lam0p25,certification,0.1,median_p_safe_point,5,0.0,0.0,0.0,0.0
mlp512x1,vogn,val,0.08,0.25,robust_eps0p08_lam0p25,pgd,0.1,accuracy,5,0.0351,0.036166973885023906,-0.009807229397009905,0.08000722939700991
mlp512x1,vogn,val,0.08,0.25,robust_eps0p08_lam0p25,pgd,0.1,brier,5,0.04937411546707153,0.037019150930814496,0.0034087685122078104,0.09533946242193525
mlp512x1,vogn,val,0.08,0.25,robust_eps0p08_lam0p25,pgd,0.1,ece,5,0.10067075244784354,0.03309554175838961,0.05957720974540187,0.1417642951502852
mlp512x1,vogn,val,0.08,0.25,robust_eps0p08_lam0p25,pgd,0.1,ece_adaptive,5,0.09947619692981244,0.03440299064261297,0.05675924201833893,0.14219315184128595
mlp512x1,vogn,val,0.08,0.25,robust_eps0p08_lam0p25,pgd,0.1,mc_samples,5,0.0,0.0,0.0,0.0
mlp512x1,vogn,val,0.08,0.25,robust_eps0p08_lam0p25,pgd,0.1,mean_confidence,5,0.13441194331088993,0.013937788575706433,0.11710589302185953,0.15171799359992033
mlp512x1,vogn,val,0.08,0.25,robust_eps0p08_lam0p25,pgd,0.1,mean_mutual_information,5,-0.19488896118823443,0.0019608201819697538,-0.19732364101513764,-0.19245428136133122
mlp512x1,vogn,val,0.08,0.25,robust_eps0p08_lam0p25,pgd,0.1,mean_predictive_entropy,5,-0.19604854093685803,0.019633007826560373,-0.22042613993155077,-0.17167094194216528
mlp512x1,vogn,val,0.08,0.25,robust_eps0p08_lam0p25,pgd,0.1,n,5,0.0,0.0,0.0,0.0
mlp512x1,vogn,val,0.08,0.25,robust_eps0p08_lam0p25,pgd,0.1,nll,5,0.5676191568374633,0.053189333424493536,0.5015758764358136,0.6336624372391131
mlp512x1,vogn,val,0.08,0.25,robust_eps0p08_lam0p25,pgd,0.15,accuracy,5,0.1782,0.027093818483189126,0.14455858101555635,0.21184141898444364
mlp512x1,vogn,val,0.08,0.25,robust_eps0p08_lam0p25,pgd,0.15,brier,5,-0.1612260103225708,0.05489078768412715,-0.22938192522299805,-0.09307009542214356
mlp512x1,vogn,val,0.08,0.25,robust_eps0p08_lam0p25,pgd,0.15,ece,5,-0.10665305641144514,0.03691858382157962,-0.1524935328073685,-0.06081258001552178
mlp512x1,vogn,val,0.08,0.25,robust_eps0p08_lam0p25,pgd,0.15,ece_adaptive,5,-0.10746388857364657,0.03716267511662099,-0.15360744434289772,-0.06132033280439542
mlp512x1,vogn,val,0.08,0.25,robust_eps0p08_lam0p25,pgd,0.15,mc_samples,5,0.0,0.0,0.0,0.0
mlp512x1,vogn,val,0.08,0.25,robust_eps0p08_lam0p25,pgd,0.15,mean_confidence,5,0.0701405912458853,0.014762729936833262,0.05181024096811451,0.08847094152365609
mlp512x1,vogn,val,0.08,0.25,robust_eps0p08_lam0p25,pgd,0.15,mean_mutual_information,5,-0.18594860946898145,0.011346438074632478,-0.20003707313410105,-0.17186014580386186
mlp512x1,vogn,val,0.08,0.25,robust_eps0p08_lam0p25,pgd,0.15,mean_predictive_entropy,5,-0.009937201971947918,0.039101328924587536,-0.05848791437953176,0.03861351043563593
mlp512x1,vogn,val,0.08,0.25,robust_eps0p08_lam0p25,pgd,0.15,n,5,0.0,0.0,0.0,0.0
mlp512x1,vogn,val,0.08,0.25,robust_eps0p08_lam0p25,pgd,0.15,nll,5,0.3285567283630371,0.14203045340579204,0.15220262772050797,0.5049108290055663
mlp512x1,vogn,val,0.08,0.25,robust_eps0p08_lam0p25,clean,,accuracy,5,-0.04509999999999999,0.006158327695080891,-0.0527465737881231,-0.037453426211876875
mlp512x1,vogn,val,0.08,0.25,robust_eps0p08_lam0p25,clean,,brier,5,0.06111275628209114,0.006465667508975106,0.05308456971184094,0.06914094285234135
mlp512x1,vogn,val,0.08,0.25,robust_eps0p08_lam0p25,clean,,ece,5,-0.0160239126637578,0.00449487025412003,-0.021605031234895645,-0.010442794092619955
mlp512x1,vogn,val,0.08,0.25,robust_eps0p08_lam0p25,clean,,ece_adaptive,5,-0.01827743291258811,0.006460218999016974,-0.026298854264179446,-0.010256011560996774
mlp512x1,vogn,val,0.08,0.25,robust_eps0p08_lam0p25,clean,,mc_samples,5,0.0,0.0,0.0,0.0
mlp512x1,vogn,val,0.08,0.25,robust_eps0p08_lam0p25,clean,,mean_confidence,5,-0.009659844744500434,0.003188261357590307,-0.013618594089084576,-0.0057010953999162926
mlp512x1,vogn,val,0.08,0.25,robust_eps0p08_lam0p25,clean,,mean_mutual_information,5,-0.04706483556867153,0.002252769988462072,-0.0498620189595788,-0.044267652177764266
mlp512x1,vogn,val,0.08,0.25,robust_eps0p08_lam0p25,clean,,mean_predictive_entropy,5,0.040706577848960104,0.008250253022240842,0.030462535695171853,0.05095062000274836
mlp512x1,vogn,val,0.08,0.25,robust_eps0p08_lam0p25,clean,,n,5,0.0,0.0,0.0,0.0
mlp512x1,vogn,val,0.08,0.25,robust_eps0p08_lam0p25,clean,,nll,5,0.15560525208711623,0.011930609108935496,0.14079144427990914,0.17041905989432332
