architecture,family,seed,eval_split,training,train_epsilon,rob_lam,config_id,config_label,model_id,cert_theta,cert_gamma,cert_alpha,eval_epsilon,n,mc_samples,accuracy,nll,brier,ece,ece_adaptive,mean_predictive_entropy,mean_mutual_information,mean_confidence
mlp512x1,bbb,0,val,robust,0.08,0.25,robust_eps0p08_lam0p25,"robust ($\epsilon_{train}=0.08$, $\lambda=0.25$)",mlp512x1|bbb|s0|val|robust_eps0p08_lam0p25,0.075,0.075,0.05,0.01,2000.0,50.0,0.9615,0.18671801686286926,0.06127094849944115,0.017010029807686806,0.014529591351747532,0.06799247482206337,0.0010771760692579362,0.976029255231768
mlp512x1,bbb,0,val,robust,0.08,0.25,robust_eps0p08_lam0p25,"robust ($\epsilon_{train}=0.08$, $\lambda=0.25$)",mlp512x1|bbb|s0|val|robust_eps0p08_lam0p25,0.075,0.075,0.05,0.03,2000.0,50.0,0.9435,0.2755776047706604,0.09273866564035416,0.026472312599420535,0.023270798981189736,0.09404024232555322,0.0012042485585698152,0.9667706966979801
mlp512x1,bbb,0,val,robust,0.08,0.25,robust_eps0p08_lam0p25,"robust ($\epsilon_{train}=0.08$, $\lambda=0.25$)",mlp512x1|bbb|s0|val|robust_eps0p08_lam0p25,0.075,0.075,0.05,0.05,2000.0,50.0,0.9175,0.40143439173698425,0.13566751778125763,0.04034625400602817,0.03766853907704352,0.12861501788179316,0.0016012117015823612,0.9551684869812057
mlp512x1,bbb,0,val,robust,0.08,0.25,robust_eps0p08_lam0p25,"robust ($\epsilon_{train}=0.08$, $\lambda=0.25$)",mlp512x1|bbb|s0|val|robust_eps0p08_lam0p25,0.075,0.075,0.05,0.07,2000.0,50.0,0.8855,0.5707648396492004,0.19087021052837372,0.05716897411644462,0.05483316037058832,0.1757563636348105,0.0019084852159431517,0.9370300959447773
mlp512x1,bbb,0,val,robust,0.08,0.25,robust_eps0p08_lam0p25,"robust ($\epsilon_{train}=0.08$, $\lambda=0.25$)",mlp512x1|bbb|s0|val|robust_eps0p08_lam0p25,0.075,0.075,0.05,0.08,2000.0,50.0,0.859,0.6777680516242981,0.22621804475784302,0.07076181991398336,0.0670084583461285,0.20492013280043814,0.00210567460578104,0.9260084531029313
mlp512x1,bbb,0,val,robust,0.08,0.25,robust_eps0p08_lam0p25,"robust ($\epsilon_{train}=0.08$, $\lambda=0.25$)",mlp512x1|bbb|s0|val|robust_eps0p08_lam0p25,0.075,0.075,0.05,0.1,2000.0,50.0,0.803,0.9497986435890198,0.3138486444950104,0.09723727242648599,0.09545701318979265,0.2824563538997321,0.0026704950685268684,0.8984570231058449
mlp512x1,bbb,0,val,robust,0.08,0.25,robust_eps0p08_lam0p25,"robust ($\epsilon_{train}=0.08$, $\lambda=0.25$)",mlp512x1|bbb|s0|val|robust_eps0p08_lam0p25,0.075,0.075,0.05,0.15,2000.0,50.0,0.512,2.2381246089935303,0.7567312121391296,0.28938129138946533,0.2893812412321567,0.547870165841679,0.004690277815195744,0.8013812610573323
mlp512x1,bbb,0,val,standard,,,standard,standard,mlp512x1|bbb|s0|val|standard,0.075,0.075,0.05,0.01,2000.0,50.0,0.974,0.0964333638548851,0.039970215409994125,0.006718914330005628,0.0044332142770290486,0.06206314860977576,0.012794098904305468,0.9779117801839345
mlp512x1,bbb,0,val,standard,,,standard,standard,mlp512x1|bbb|s0|val|standard,0.075,0.075,0.05,0.03,2000.0,50.0,0.9395,0.2060215175151825,0.09065741300582886,0.01659579218924048,0.015557013839483274,0.1289970945868656,0.026310240939708348,0.9533307811381726
mlp512x1,bbb,0,val,standard,,,standard,standard,mlp512x1|bbb|s0|val|standard,0.075,0.075,0.05,0.05,2000.0,50.0,0.847,0.4607178270816803,0.2174280434846878,0.051402760386466996,0.0514036412537098,0.2487942547758933,0.05185062289173946,0.8984027438938024
mlp512x1,bbb,0,val,standard,,,standard,standard,mlp512x1|bbb|s0|val|standard,0.075,0.075,0.05,0.07,2000.0,50.0,0.671,1.004286527633667,0.4944971799850464,0.17696068215370175,0.1767392320632935,0.3585049881031346,0.07944433434196757,0.8477392369230563
mlp512x1,bbb,0,val,standard,,,standard,standard,mlp512x1|bbb|s0|val|standard,0.075,0.075,0.05,0.08,2000.0,50.0,0.554,1.4267584085464478,0.6835300922393799,0.2803805143609643,0.2795788860619069,0.38176003207377535,0.08766005933700143,0.8335788898935413
mlp512x1,bbb,0,val,standard,,,standard,standard,mlp512x1|bbb|s0|val|standard,0.075,0.075,0.05,0.1,2000.0,50.0,0.335,2.5814249515533447,1.0864827632904053,0.5174231443703174,0.5160406212210655,0.35448901058996285,0.08705533826497461,0.8510406335979479
mlp512x1,bbb,0,val,standard,,,standard,standard,mlp512x1|bbb|s0|val|standard,0.075,0.075,0.05,0.15,2000.0,50.0,0.054,6.833590507507324,1.7630807161331177,0.8884484759867193,0.8883027913272381,0.15644698388452924,0.04246950963827534,0.9423028120645368
mlp512x1,bbb,1,val,robust,0.08,0.25,robust_eps0p08_lam0p25,"robust ($\epsilon_{train}=0.08$, $\lambda=0.25$)",mlp512x1|bbb|s1|val|robust_eps0p08_lam0p25,0.075,0.075,0.05,0.01,2000.0,50.0,0.97,0.16325567662715912,0.051580414175987244,0.013870641604065868,0.010921705365180976,0.0632507094524336,0.001358315372685226,0.9772432344974578
mlp512x1,bbb,1,val,robust,0.08,0.25,robust_eps0p08_lam0p25,"robust ($\epsilon_{train}=0.08$, $\lambda=0.25$)",mlp512x1|bbb|s1|val|robust_eps0p08_lam0p25,0.075,0.075,0.05,0.03,2000.0,50.0,0.942,0.252983421087265,0.08844611793756485,0.026678201422095253,0.02668042740225793,0.0887490633707526,0.0015434425310644744,0.9686782422561944
mlp512x1,bbb,1,val,robust,0.08,0.25,robust_eps0p08_lam0p25,"robust ($\epsilon_{train}=0.08$, $\lambda=0.25$)",mlp512x1|bbb|s1|val|robust_eps0p08_lam0p25,0.075,0.075,0.05,0.05,2000.0,50.0,0.9185,0.3820664584636688,0.1331239938735962,0.04228419138491152,0.038824825942516336,0.11944284390556356,0.001834731586314217,0.9573233348540962
mlp512x1,bbb,1,val,robust,0.08,0.25,robust_eps0p08_lam0p25,"robust ($\epsilon_{train}=0.08$, $\lambda=0.25$)",mlp512x1|bbb|s1|val|robust_eps0p08_lam0p25,0.075,0.075,0.05,0.07,2000.0,50.0,0.88,0.5610273480415344,0.19043222069740295,0.06588555514812469,0.06407072588801385,0.15985131775471662,0.0018027879934608656,0.9440707276952266
mlp512x1,bbb,1,val,robust,0.08,0.25,robust_eps0p08_lam0p25,"robust ($\epsilon_{train}=0.08$, $\lambda=0.25$)",mlp512x1|bbb|s1|val|robust_eps0p08_lam0p25,0.075,0.075,0.05,0.08,2000.0,50.0,0.863,0.670321524143219,0.22279205918312073,0.07311356443166732,0.07060452163219455,0.18852854805964717,0.0021061311405127805,0.9336045178052784
mlp512x1,bbb,1,val,robust,0.08,0.25,robust_eps0p08_lam0p25,"robust ($\epsilon_{train}=0.08$, $\lambda=0.25$)",mlp512x1|bbb|s1|val|robust_eps0p08_lam0p25,0.075,0.075,0.05,0.1,2000.0,50.0,0.805,0.9479995965957642,0.3086775541305542,0.10180058101564643,0.10169328120350836,0.26464463585752296,0.0027796639702162124,0.9066932833762467
mlp512x1,bbb,1,val,robust,0.08,0.25,robust_eps0p08_lam0p25,"robust ($\epsilon_{train}=0.08$, $\lambda=0.25$)",mlp512x1|bbb|s1|val|robust_eps0p08_lam0p25,0.075,0.075,0.05,0.15,2000.0,50.0,0.5045,2.249390125274658,0.7724394798278809,0.30597882090508943,0.30597883638739587,0.5261124574810406,0.0049234192305520385,0.8104788386270403
mlp512x1,bbb,1,val,standard,,,standard,standard,mlp512x1|bbb|s1|val|standard,0.075,0.075,0.05,0.01,2000.0,50.0,0.9765,0.09382066130638123,0.039437513798475266,0.009609251752495806,0.005066608786582954,0.061013025839328425,0.01319293149433159,0.9785230558732141
mlp512x1,bbb,1,val,standard,,,standard,standard,mlp512x1|bbb|s1|val|standard,0.075,0.075,0.05,0.03,2000.0,50.0,0.9365,0.2059614509344101,0.09329606592655182,0.01740985372662548,0.01668517088890077,0.13083808390316481,0.027916289211562636,0.9509343315497181
mlp512x1,bbb,1,val,standard,,,standard,standard,mlp512x1|bbb|s1|val|standard,0.075,0.075,0.05,0.05,2000.0,50.0,0.8435,0.4705669581890106,0.22906354069709778,0.05716237913072111,0.056683166384696976,0.24131958666242662,0.052991266115003384,0.9001828057930491
mlp512x1,bbb,1,val,standard,,,standard,standard,mlp512x1|bbb|s1|val|standard,0.075,0.075,0.05,0.07,2000.0,50.0,0.6705,1.030624508857727,0.5050857067108154,0.18473864944279195,0.18131831935048107,0.34404294534534563,0.07979176573285102,0.8518183063975244
mlp512x1,bbb,1,val,standard,,,standard,standard,mlp512x1|bbb|s1|val|standard,0.075,0.075,0.05,0.08,2000.0,50.0,0.5485,1.4628984928131104,0.6940196752548218,0.29127391943335534,0.29062381580471996,0.36795575049904494,0.08867671887660834,0.8391238255722426
mlp512x1,bbb,1,val,standard,,,standard,standard,mlp512x1|bbb|s1|val|standard,0.075,0.075,0.05,0.1,2000.0,50.0,0.322,2.654360771179199,1.106613278388977,0.5380152304619551,0.5380152167379856,0.3332168942698297,0.08653133687508927,0.8600152268435731
mlp512x1,bbb,1,val,standard,,,standard,standard,mlp512x1|bbb|s1|val|standard,0.075,0.075,0.05,0.15,2000.0,50.0,0.068,7.013679504394531,1.7555352449417114,0.880088348954916,0.8800883762538434,0.1401003821279537,0.04064281046475103,0.9480883988268907
mlp512x1,bbb,2,val,robust,0.08,0.25,robust_eps0p08_lam0p25,"robust ($\epsilon_{train}=0.08$, $\lambda=0.25$)",mlp512x1|bbb|s2|val|robust_eps0p08_lam0p25,0.075,0.075,0.05,0.01,2000.0,50.0,0.962,0.19062528014183044,0.06029569357633591,0.01831832416355609,0.01722252315282822,0.06560094236192592,0.0011818549791532806,0.9779407715518773
mlp512x1,bbb,2,val,robust,0.08,0.25,robust_eps0p08_lam0p25,"robust ($\epsilon_{train}=0.08$, $\lambda=0.25$)",mlp512x1|bbb|s2|val|robust_eps0p08_lam0p25,0.075,0.075,0.05,0.03,2000.0,50.0,0.943,0.28116217255592346,0.09168399125337601,0.029061635449528653,0.025302878379821793,0.0908702294081806,0.0012743991005908643,0.9682998018301278
mlp512x1,bbb,2,val,robust,0.08,0.25,robust_eps0p08_lam0p25,"robust ($\epsilon_{train}=0.08$, $\lambda=0.25$)",mlp512x1|bbb|s2|val|robust_eps0p08_lam0p25,0.075,0.075,0.05,0.05,2000.0,50.0,0.923,0.39772966504096985,0.12844830751419067,0.03497733297944065,0.03354827198386193,0.1267507268456367,0.001402470512436325,0.9565465689625592
mlp512x1,bbb,2,val,robust,0.08,0.25,robust_eps0p08_lam0p25,"robust ($\epsilon_{train}=0.08$, $\lambda=0.25$)",mlp512x1|bbb|s2|val|robust_eps0p08_lam0p25,0.075,0.075,0.05,0.07,2000.0,50.0,0.886,0.5584831833839417,0.18186846375465393,0.05148161122202875,0.049667706251144424,0.18030008858741736,0.0018253734392218157,0.9356676831652223
mlp512x1,bbb,2,val,robust,0.08,0.25,robust_eps0p08_lam0p25,"robust ($\epsilon_{train}=0.08$, $\lambda=0.25$)",mlp512x1|bbb|s2|val|robust_eps0p08_lam0p25,0.075,0.075,0.05,0.08,2000.0,50.0,0.86,0.6665650606155396,0.21962420642375946,0.06463499605655668,0.06384463945031169,0.21201104956300854,0.002142262263180019,0.9238446400673688
mlp512x1,bbb,2,val,robust,0.08,0.25,robust_eps0p08_lam0p25,"robust ($\epsilon_{train}=0.08$, $\lambda=0.25$)",mlp512x1|bbb|s2|val|robust_eps0p08_lam0p25,0.075,0.075,0.05,0.1,2000.0,50.0,0.7985,0.9485896229743958,0.3151107132434845,0.10343947117030622,0.10212263664603234,0.2860986045517517,0.0027002809971355514,0.9006226359085738
mlp512x1,bbb,2,val,robust,0.08,0.25,robust_eps0p08_lam0p25,"robust ($\epsilon_{train}=0.08$, $\lambda=0.25$)",mlp512x1|bbb|s2|val|robust_eps0p08_lam0p25,0.075,0.075,0.05,0.15,2000.0,50.0,0.501,2.2454607486724854,0.7768577933311462,0.3067182743400335,0.3057616662085057,0.5458396516838083,0.004760734801765132,0.8067616625665127
mlp512x1,bbb,2,val,standard,,,standard,standard,mlp512x1|bbb|s2|val|standard,0.075,0.075,0.05,0.01,2000.0,50.0,0.974,0.09071436524391174,0.03937987983226776,0.006219998121261647,0.005862808108329781,0.06205874917093047,0.013167524721162963,0.9780868455255579
mlp512x1,bbb,2,val,standard,,,standard,standard,mlp512x1|bbb|s2|val|standard,0.075,0.075,0.05,0.03,2000.0,50.0,0.939,0.20402483642101288,0.0933414027094841,0.016625531122088394,0.013087870657444012,0.1317595563988274,0.027635294985258057,0.950355089579192
mlp512x1,bbb,2,val,standard,,,standard,standard,mlp512x1|bbb|s2|val|standard,0.075,0.075,0.05,0.05,2000.0,50.0,0.849,0.46958160400390625,0.22781601548194885,0.055213170021772354,0.050924133181571955,0.24724983762902172,0.05327444473700109,0.8999241404611314
mlp512x1,bbb,2,val,standard,,,standard,standard,mlp512x1|bbb|s2|val|standard,0.075,0.075,0.05,0.07,2000.0,50.0,0.665,1.031390905380249,0.5076591968536377,0.1833621352463961,0.18321076542139056,0.36023088212872884,0.08222922788553583,0.845056870044265
mlp512x1,bbb,2,val,standard,,,standard,standard,mlp512x1|bbb|s2|val|standard,0.075,0.075,0.05,0.08,2000.0,50.0,0.534,1.469914436340332,0.7065396308898926,0.3006698568612337,0.2985284134149552,0.3823772947479972,0.0903103791241609,0.8325284181287769
mlp512x1,bbb,2,val,standard,,,standard,standard,mlp512x1|bbb|s2|val|standard,0.075,0.075,0.05,0.1,2000.0,50.0,0.3075,2.6736786365509033,1.1323754787445068,0.5487570018023253,0.5464277835786343,0.3455159341003927,0.08763968599005537,0.8539277845612145
mlp512x1,bbb,2,val,standard,,,standard,standard,mlp512x1|bbb|s2|val|standard,0.075,0.075,0.05,0.15,2000.0,50.0,0.0415,7.066836833953857,1.7953016757965088,0.905008704006672,0.9049275646805763,0.1433558393529449,0.042047945076973445,0.9464275609372831
mlp512x1,bbb,3,val,robust,0.08,0.25,robust_eps0p08_lam0p25,"robust ($\epsilon_{train}=0.08$, $\lambda=0.25$)",mlp512x1|bbb|s3|val|robust_eps0p08_lam0p25,0.075,0.075,0.05,0.01,2000.0,50.0,0.9665,0.1623990535736084,0.0544113889336586,0.01418093644082544,0.010318420320749307,0.06613052081091754,0.0011853146932921757,0.9768181531438976
mlp512x1,bbb,3,val,robust,0.08,0.25,robust_eps0p08_lam0p25,"robust ($\epsilon_{train}=0.08$, $\lambda=0.25$)",mlp512x1|bbb|s3|val|robust_eps0p08_lam0p25,0.075,0.075,0.05,0.03,2000.0,50.0,0.94,0.2533857226371765,0.08861114829778671,0.02667157067358491,0.026610757410526296,0.09187948424594385,0.0012915693593466995,0.9664824490506947
mlp512x1,bbb,3,val,robust,0.08,0.25,robust_eps0p08_lam0p25,"robust ($\epsilon_{train}=0.08$, $\lambda=0.25$)",mlp512x1|bbb|s3|val|robust_eps0p08_lam0p25,0.075,0.075,0.05,0.05,2000.0,50.0,0.914,0.37439554929733276,0.13255062699317932,0.043783531829714756,0.04270013600587846,0.12336881362801613,0.001518011569394915,0.956700111918673
mlp512x1,bbb,3,val,robust,0.08,0.25,robust_eps0p08_lam0p25,"robust ($\epsilon_{train}=0.08$, $\lambda=0.25$)",mlp512x1|bbb|s3|val|robust_eps0p08_lam0p25,0.075,0.075,0.05,0.07,2000.0,50.0,0.885,0.5416893362998962,0.18896666169166565,0.057595859825611107,0.053894643604755425,0.17178987023797565,0.001961685770354079,0.9387874886389077
mlp512x1,bbb,3,val,robust,0.08,0.25,robust_eps0p08_lam0p25,"robust ($\epsilon_{train}=0.08$, $\lambda=0.25$)",mlp512x1|bbb|s3|val|robust_eps0p08_lam0p25,0.075,0.075,0.05,0.08,2000.0,50.0,0.858,0.649139404296875,0.22610639035701752,0.07055409216880795,0.06982018834352495,0.20037670197463536,0.0021094905776280243,0.9278201677843183
mlp512x1,bbb,3,val,robust,0.08,0.25,robust_eps0p08_lam0p25,"robust ($\epsilon_{train}=0.08$, $\lambda=0.25$)",mlp512x1|bbb|s3|val|robust_eps0p08_lam0p25,0.075,0.075,0.05,0.1,2000.0,50.0,0.7995,0.9256431460380554,0.31843891739845276,0.10670781590044498,0.10541382908821109,0.272489005350454,0.0025942640975754575,0.904913836703822
mlp512x1,bbb,3,val,robust,0.08,0.25,robust_eps0p08_lam0p25,"robust ($\epsilon_{train}=0.08$, $\lambda=0.25$)",mlp512x1|bbb|s3|val|robust_eps0p08_lam0p25,0.075,0.075,0.05,0.15,2000.0,50.0,0.4935,2.2300121784210205,0.7743571996688843,0.30583468635380273,0.3058347020745278,0.5568367379567218,0.004904639135782373,0.7993347009281069
mlp512x1,bbb,3,val,standard,,,standard,standard,mlp512x1|bbb|s3|val|standard,0.075,0.075,0.05,0.01,2000.0,50.0,0.974,0.09048239141702652,0.040079958736896515,0.006716369941830593,0.002640281975269331,0.06568307910090548,0.014277250200046965,0.976585803657081
mlp512x1,bbb,3,val,standard,,,standard,standard,mlp512x1|bbb|s3|val|standard,0.075,0.075,0.05,0.03,2000.0,50.0,0.934,0.20587924122810364,0.09699241071939468,0.01597390909492966,0.015586992919445057,0.1333133853636067,0.02814019344390654,0.9485733311980503
mlp512x1,bbb,3,val,standard,,,standard,standard,mlp512x1|bbb|s3|val|standard,0.075,0.075,0.05,0.05,2000.0,50.0,0.8435,0.47619375586509705,0.2354046255350113,0.0629375931173563,0.06045038104057313,0.23935181707096598,0.05097412652569159,0.9039499267168244
mlp512x1,bbb,3,val,standard,,,standard,standard,mlp512x1|bbb|s3|val|standard,0.075,0.075,0.05,0.07,2000.0,50.0,0.662,1.046496868133545,0.5118936896324158,0.18814040519297123,0.18814040622115136,0.3461886456194526,0.07702080019239477,0.8501403942573275
mlp512x1,bbb,3,val,standard,,,standard,standard,mlp512x1|bbb|s3|val|standard,0.075,0.075,0.05,0.08,2000.0,50.0,0.5415,1.4906665086746216,0.7054574489593506,0.2990808942317963,0.2990808623433113,0.36647714727238284,0.0845718678979289,0.8405808441901019
mlp512x1,bbb,3,val,standard,,,standard,standard,mlp512x1|bbb|s3|val|standard,0.075,0.075,0.05,0.1,2000.0,50.0,0.33,2.7000038623809814,1.1095725297927856,0.5320639677047729,0.5314097166359425,0.3317431295845155,0.08222155819675739,0.861409715632801
mlp512x1,bbb,3,val,standard,,,standard,standard,mlp512x1|bbb|s3|val|standard,0.075,0.075,0.05,0.15,2000.0,50.0,0.0705,7.0738749504089355,1.7462009191513062,0.874447334676981,0.8744472967982292,0.14562145456989353,0.04144803807449175,0.944947314063002
mlp512x1,bbb,4,val,robust,0.08,0.25,robust_eps0p08_lam0p25,"robust ($\epsilon_{train}=0.08$, $\lambda=0.25$)",mlp512x1|bbb|s4|val|robust_eps0p08_lam0p25,0.075,0.075,0.05,0.01,2000.0,50.0,0.9625,0.1740816980600357,0.058545954525470734,0.015399804800748812,0.012302736759185808,0.06989934167885374,0.001267857328477827,0.9748025507553666
mlp512x1,bbb,4,val,robust,0.08,0.25,robust_eps0p08_lam0p25,"robust ($\epsilon_{train}=0.08$, $\lambda=0.25$)",mlp512x1|bbb|s4|val|robust_eps0p08_lam0p25,0.075,0.075,0.05,0.03,2000.0,50.0,0.9435,0.26328521966934204,0.09278563410043716,0.028998941257595973,0.023579888492822675,0.09433419590879286,0.0013422991348585787,0.9670781621268391
mlp512x1,bbb,4,val,robust,0.08,0.25,robust_eps0p08_lam0p25,"robust ($\epsilon_{train}=0.08$, $\lambda=0.25$)",mlp512x1|bbb|s4|val|robust_eps0p08_lam0p25,0.075,0.075,0.05,0.05,2000.0,50.0,0.918,0.38590776920318604,0.13391058146953583,0.04599736335873607,0.03766695418953897,0.12586987500922298,0.0015285121387180597,0.9556658853022755
mlp512x1,bbb,4,val,robust,0.08,0.25,robust_eps0p08_lam0p25,"robust ($\epsilon_{train}=0.08$, $\lambda=0.25$)",mlp512x1|bbb|s4|val|robust_eps0p08_lam0p25,0.075,0.075,0.05,0.07,2000.0,50.0,0.8835,0.5578957796096802,0.1884007304906845,0.055895315065979945,0.05589329567551615,0.1714791693904502,0.001840367197755922,0.9393932977667452
mlp512x1,bbb,4,val,robust,0.08,0.25,robust_eps0p08_lam0p25,"robust ($\epsilon_{train}=0.08$, $\lambda=0.25$)",mlp512x1|bbb|s4|val|robust_eps0p08_lam0p25,0.075,0.075,0.05,0.08,2000.0,50.0,0.8615,0.6692680716514587,0.22400754690170288,0.06829886844754217,0.06829886269569398,0.19994362264597362,0.0020762423614658554,0.9297988806810974
mlp512x1,bbb,4,val,robust,0.08,0.25,robust_eps0p08_lam0p25,"robust ($\epsilon_{train}=0.08$, $\lambda=0.25$)",mlp512x1|bbb|s4|val|robust_eps0p08_lam0p25,0.075,0.075,0.05,0.1,2000.0,50.0,0.8055,0.9518503546714783,0.31352248787879944,0.09846926383674143,0.09792096871137623,0.27298601188859256,0.0026396220128139776,0.9034209652964771
mlp512x1,bbb,4,val,robust,0.08,0.25,robust_eps0p08_lam0p25,"robust ($\epsilon_{train}=0.08$, $\lambda=0.25$)",mlp512x1|bbb|s4|val|robust_eps0p08_lam0p25,0.075,0.075,0.05,0.15,2000.0,50.0,0.5085,2.2584385871887207,0.7769747972488403,0.2982099634557963,0.2950561574101448,0.5603289846660547,0.004993513082998944,0.8035561339946091
mlp512x1,bbb,4,val,standard,,,standard,standard,mlp512x1|bbb|s4|val|standard,0.075,0.075,0.05,0.01,2000.0,50.0,0.971,0.11348020285367966,0.04792337492108345,0.009352803230285648,0.006130676716566091,0.06423804877755081,0.014232042359742255,0.9770790595983995
mlp512x1,bbb,4,val,standard,,,standard,standard,mlp512x1|bbb|s4|val|standard,0.075,0.075,0.05,0.03,2000.0,50.0,0.9315,0.24062280356884003,0.10368216782808304,0.02104576016962531,0.018193270415067696,0.13416631861678285,0.02865421894017305,0.9496829718786711
mlp512x1,bbb,4,val,standard,,,standard,standard,mlp512x1|bbb|s4|val|standard,0.075,0.075,0.05,0.05,2000.0,50.0,0.8365,0.5246618390083313,0.2399550974369049,0.06584002308547496,0.06584055617451669,0.24409739066403885,0.05334409421997863,0.9023400049162913
mlp512x1,bbb,4,val,standard,,,standard,standard,mlp512x1|bbb|s4|val|standard,0.075,0.075,0.05,0.07,2000.0,50.0,0.6705,1.0981322526931763,0.5053386092185974,0.18386659222841262,0.18126617357134822,0.3500348031167401,0.08186271216971915,0.8517661647453404
mlp512x1,bbb,4,val,standard,,,standard,standard,mlp512x1|bbb|s4|val|standard,0.075,0.075,0.05,0.08,2000.0,50.0,0.5575,1.532615303993225,0.6882573366165161,0.27998650069534775,0.2797917261421681,0.37739674740939955,0.09115526354452622,0.8371251049515099
mlp512x1,bbb,4,val,standard,,,standard,standard,mlp512x1|bbb|s4|val|standard,0.075,0.075,0.05,0.1,2000.0,50.0,0.325,2.7159311771392822,1.0919135808944702,0.5274222891032696,0.5262552881240845,0.3519524989974459,0.09085493967377532,0.8512552793135962
mlp512x1,bbb,4,val,standard,,,standard,standard,mlp512x1|bbb|s4|val|standard,0.075,0.075,0.05,0.15,2000.0,50.0,0.0635,7.004827976226807,1.744621992111206,0.8737155664116144,0.8737155951559544,0.1648002695469015,0.047937672454608386,0.9372155837234819
mlp512x1,deterministic,0,val,robust,0.08,0.25,robust_eps0p08_lam0p25,"robust ($\epsilon_{train}=0.08$, $\lambda=0.25$)",mlp512x1|deterministic|s0|val|robust_eps0p08_lam0p25,0.075,0.075,0.05,0.01,2000.0,1.0,0.979,0.15000207722187042,0.036479756236076355,0.01310378506779672,0.0112389544248581,0.026774535877983077,0.0,0.9902389200925827
mlp512x1,deterministic,0,val,robust,0.08,0.25,robust_eps0p08_lam0p25,"robust ($\epsilon_{train}=0.08$, $\lambda=0.25$)",mlp512x1|deterministic|s0|val|robust_eps0p08_lam0p25,0.075,0.075,0.05,0.03,2000.0,1.0,0.965,0.2100207358598709,0.05632609501481056,0.020755712717771546,0.019644490092992795,0.04125136534946786,0.0,0.9845415201336145
mlp512x1,deterministic,0,val,robust,0.08,0.25,robust_eps0p08_lam0p25,"robust ($\epsilon_{train}=0.08$, $\lambda=0.25$)",mlp512x1|deterministic|s0|val|robust_eps0p08_lam0p25,0.075,0.075,0.05,0.05,2000.0,1.0,0.9485,0.29575830698013306,0.08459681272506714,0.03099420751631264,0.030600451707839992,0.05934152812028508,0.0,0.9789417598843575
mlp512x1,deterministic,0,val,robust,0.08,0.25,robust_eps0p08_lam0p25,"robust ($\epsilon_{train}=0.08$, $\lambda=0.25$)",mlp512x1|deterministic|s0|val|robust_eps0p08_lam0p25,0.075,0.075,0.05,0.07,2000.0,1.0,0.9285,0.4112373888492584,0.1197175607085228,0.038193843841552756,0.038201135367155095,0.09198255516570826,0.0,0.9666938001811505
mlp512x1,deterministic,0,val,robust,0.08,0.25,robust_eps0p08_lam0p25,"robust ($\epsilon_{train}=0.08$, $\lambda=0.25$)",mlp512x1|deterministic|s0|val|robust_eps0p08_lam0p25,0.075,0.075,0.05,0.08,2000.0,1.0,0.913,0.4880983233451843,0.14395014941692352,0.04634716634452343,0.04549533715844157,0.11467931062653053,0.0,0.9584953296482563
mlp512x1,deterministic,0,val,robust,0.08,0.25,robust_eps0p08_lam0p25,"robust ($\epsilon_{train}=0.08$, $\lambda=0.25$)",mlp512x1|deterministic|s0|val|robust_eps0p08_lam0p25,0.075,0.075,0.05,0.1,2000.0,1.0,0.872,0.6873736381530762,0.2079680860042572,0.06526056450605394,0.06278124007582665,0.17810544076429669,0.0,0.9347812501043081
mlp512x1,deterministic,0,val,robust,0.08,0.25,robust_eps0p08_lam0p25,"robust ($\epsilon_{train}=0.08$, $\lambda=0.25$)",mlp512x1|deterministic|s0|val|robust_eps0p08_lam0p25,0.075,0.075,0.05,0.15,2000.0,1.0,0.6125,1.7086200714111328,0.5730722546577454,0.1888690005838871,0.1888689893782139,0.5038752359172873,0.0,0.8013689921200275
mlp512x1,deterministic,0,val,standard,,,standard,standard,mlp512x1|deterministic|s0|val|standard,0.075,0.075,0.05,0.01,2000.0,1.0,0.964,0.1793815940618515,0.059678804129362106,0.027790387809276593,0.026002451270818724,0.02600557792603329,0.0,0.9900001876056195
mlp512x1,deterministic,0,val,standard,,,standard,standard,mlp512x1|deterministic|s0|val|standard,0.075,0.075,0.05,0.03,2000.0,1.0,0.859,0.7321574687957764,0.23681168258190155,0.09811734831333163,0.09811733373999597,0.10216957955814326,0.0,0.9571173430085183
mlp512x1,deterministic,0,val,standard,,,standard,standard,mlp512x1|deterministic|s0|val|standard,0.075,0.075,0.05,0.05,2000.0,1.0,0.5425,2.8502721786499023,0.8161211013793945,0.39083709627389907,0.3891974588930608,0.15941171057890346,0.0,0.9316974862217903
mlp512x1,deterministic,0,val,standard,,,standard,standard,mlp512x1|deterministic|s0|val|standard,0.075,0.075,0.05,0.07,2000.0,1.0,0.2535,7.123747825622559,1.4151113033294678,0.700702683389187,0.6988506203889847,0.11385066481929891,0.0,0.952350611358881
mlp512x1,deterministic,0,val,standard,,,standard,standard,mlp512x1|deterministic|s0|val|standard,0.075,0.075,0.05,0.08,2000.0,1.0,0.1585,9.820365905761719,1.6270653009414673,0.81122127404809,0.8073156447708608,0.08415690101780285,0.0,0.9658155964016915
mlp512x1,deterministic,0,val,standard,,,standard,standard,mlp512x1|deterministic|s0|val|standard,0.075,0.075,0.05,0.1,2000.0,1.0,0.0465,15.529961585998535,1.8738139867782593,0.9380853537023068,0.9377478936314582,0.03789656253195916,0.0,0.9842478957772255
mlp512x1,deterministic,0,val,standard,,,standard,standard,mlp512x1|deterministic|s0|val|standard,0.075,0.075,0.05,0.15,2000.0,1.0,0.0015,25.24466323852539,1.9940935373306274,0.9972554725110531,0.996902277737856,0.0048593401256822,0.0,0.998402275621891
mlp512x1,deterministic,1,val,robust,0.08,0.25,robust_eps0p08_lam0p25,"robust ($\epsilon_{train}=0.08$, $\lambda=0.25$)",mlp512x1|deterministic|s1|val|robust_eps0p08_lam0p25,0.075,0.075,0.05,0.01,2000.0,1.0,0.9785,0.13941067457199097,0.03736361861228943,0.013270862564444525,0.01209842309355737,0.02614815986159904,0.0,0.9905976447463035
mlp512x1,deterministic,1,val,robust,0.08,0.25,robust_eps0p08_lam0p25,"robust ($\epsilon_{train}=0.08$, $\lambda=0.25$)",mlp512x1|deterministic|s1|val|robust_eps0p08_lam0p25,0.075,0.075,0.05,0.03,2000.0,1.0,0.966,0.19726282358169556,0.05432800576090813,0.018023718059062985,0.01802418288588526,0.0417515518647015,0.0,0.9840237060785294
mlp512x1,deterministic,1,val,robust,0.08,0.25,robust_eps0p08_lam0p25,"robust ($\epsilon_{train}=0.08$, $\lambda=0.25$)",mlp512x1|deterministic|s1|val|robust_eps0p08_lam0p25,0.075,0.075,0.05,0.05,2000.0,1.0,0.947,0.28765785694122314,0.08412560820579529,0.031126644194126148,0.029778918445110342,0.06140639679394404,0.0,0.9767787853777409
mlp512x1,deterministic,1,val,robust,0.08,0.25,robust_eps0p08_lam0p25,"robust ($\epsilon_{train}=0.08$, $\lambda=0.25$)",mlp512x1|deterministic|s1|val|robust_eps0p08_lam0p25,0.075,0.075,0.05,0.07,2000.0,1.0,0.9275,0.4143855571746826,0.12020596116781235,0.03907106558978558,0.03827930837869645,0.09228549885918992,0.0,0.9657785601466894
mlp512x1,deterministic,1,val,robust,0.08,0.25,robust_eps0p08_lam0p25,"robust ($\epsilon_{train}=0.08$, $\lambda=0.25$)",mlp512x1|deterministic|s1|val|robust_eps0p08_lam0p25,0.075,0.075,0.05,0.08,2000.0,1.0,0.9135,0.49572059512138367,0.14470788836479187,0.04806201726198201,0.04325364631414415,0.11565498641429664,0.0,0.9567536331117154
mlp512x1,deterministic,1,val,robust,0.08,0.25,robust_eps0p08_lam0p25,"robust ($\epsilon_{train}=0.08$, $\lambda=0.25$)",mlp512x1|deterministic|s1|val|robust_eps0p08_lam0p25,0.075,0.075,0.05,0.1,2000.0,1.0,0.875,0.7098596096038818,0.21053537726402283,0.06433380717039111,0.05795755386352543,0.1780825053934945,0.0,0.9329575584083796
mlp512x1,deterministic,1,val,robust,0.08,0.25,robust_eps0p08_lam0p25,"robust ($\epsilon_{train}=0.08$, $\lambda=0.25$)",mlp512x1|deterministic|s1|val|robust_eps0p08_lam0p25,0.075,0.075,0.05,0.15,2000.0,1.0,0.625,1.7166945934295654,0.5617094039916992,0.1755130266621709,0.17309078627824787,0.4983473038072025,0.0,0.7980907882973551
mlp512x1,deterministic,1,val,standard,,,standard,standard,mlp512x1|deterministic|s1|val|standard,0.075,0.075,0.05,0.01,2000.0,1.0,0.96,0.18042190372943878,0.0621090792119503,0.025473488479852688,0.02547365680336952,0.036369670973696276,0.0,0.9854734728634358
mlp512x1,deterministic,1,val,standard,,,standard,standard,mlp512x1|deterministic|s1|val|standard,0.075,0.075,0.05,0.03,2000.0,1.0,0.848,0.7420862913131714,0.26089948415756226,0.11180877730250359,0.10614420577883722,0.10958954444169132,0.0,0.95414419272542
mlp512x1,deterministic,1,val,standard,,,standard,standard,mlp512x1|deterministic|s1|val|standard,0.075,0.075,0.05,0.05,2000.0,1.0,0.5475,2.627551317214966,0.7969433665275574,0.38238196933269497,0.3823819785118103,0.1660853148443454,0.0,0.9298819769322872
mlp512x1,deterministic,1,val,standard,,,standard,standard,mlp512x1|deterministic|s1|val|standard,0.075,0.075,0.05,0.07,2000.0,1.0,0.278,6.325932502746582,1.3596396446228027,0.6672147362828256,0.6672147105932236,0.13035142621068047,0.0,0.945214703708887
mlp512x1,deterministic,1,val,standard,,,standard,standard,mlp512x1|deterministic|s1|val|standard,0.075,0.075,0.05,0.08,2000.0,1.0,0.169,8.69709587097168,1.5868403911590576,0.7843263840973378,0.7843263845443726,0.10758528735596175,0.0,0.9533263923227787
mlp512x1,deterministic,1,val,standard,,,standard,standard,mlp512x1|deterministic|s1|val|standard,0.075,0.075,0.05,0.1,2000.0,1.0,0.0505,13.946259498596191,1.8648558855056763,0.9335415425598622,0.9335414839386941,0.04095727648051576,0.0,0.9840414874851704
mlp512x1,deterministic,1,val,standard,,,standard,standard,mlp512x1|deterministic|s1|val|standard,0.075,0.075,0.05,0.15,2000.0,1.0,0.0005,24.14670753479004,1.996126651763916,0.9979609417617321,0.9979608964920044,0.004432536850703107,0.0,0.9984609099626541
mlp512x1,deterministic,2,val,robust,0.08,0.25,robust_eps0p08_lam0p25,"robust ($\epsilon_{train}=0.08$, $\lambda=0.25$)",mlp512x1|deterministic|s2|val|robust_eps0p08_lam0p25,0.075,0.075,0.05,0.01,2000.0,1.0,0.981,0.1350877732038498,0.034901801496744156,0.013828578770160648,0.009325226336717613,0.02697382137933845,0.0,0.9903250759989023
mlp512x1,deterministic,2,val,robust,0.08,0.25,robust_eps0p08_lam0p25,"robust ($\epsilon_{train}=0.08$, $\lambda=0.25$)",mlp512x1|deterministic|s2|val|robust_eps0p08_lam0p25,0.075,0.075,0.05,0.03,2000.0,1.0,0.9645,0.19549337029457092,0.05501212924718857,0.019147759243845926,0.018493268042802814,0.04335486129838995,0.0,0.9829147069007158
mlp512x1,deterministic,2,val,robust,0.08,0.25,robust_eps0p08_lam0p25,"robust ($\epsilon_{train}=0.08$, $\lambda=0.25$)",mlp512x1|deterministic|s2|val|robust_eps0p08_lam0p25,0.075,0.075,0.05,0.05,2000.0,1.0,0.9505,0.2854798138141632,0.08413521945476532,0.030736678570508914,0.02720854979753495,0.060629222684541774,0.0,0.9777084121704102
mlp512x1,deterministic,2,val,robust,0.08,0.25,robust_eps0p08_lam0p25,"robust ($\epsilon_{train}=0.08$, $\lambda=0.25$)",mlp512x1|deterministic|s2|val|robust_eps0p08_lam0p25,0.075,0.075,0.05,0.07,2000.0,1.0,0.9285,0.4076631963253021,0.11932844668626785,0.03852664048969741,0.03781516799330713,0.09304335458333536,0.0,0.9663151956349612
mlp512x1,deterministic,2,val,robust,0.08,0.25,robust_eps0p08_lam0p25,"robust ($\epsilon_{train}=0.08$, $\lambda=0.25$)",mlp512x1|deterministic|s2|val|robust_eps0p08_lam0p25,0.075,0.075,0.05,0.08,2000.0,1.0,0.915,0.4862872064113617,0.14311252534389496,0.04426042091846465,0.04233715721964838,0.11733368541238473,0.0,0.9573371410667896
mlp512x1,deterministic,2,val,robust,0.08,0.25,robust_eps0p08_lam0p25,"robust ($\epsilon_{train}=0.08$, $\lambda=0.25$)",mlp512x1|deterministic|s2|val|robust_eps0p08_lam0p25,0.075,0.075,0.05,0.1,2000.0,1.0,0.8745,0.6904336810112,0.20663341879844666,0.058704139158129734,0.056431522667408016,0.18576274246156457,0.0,0.9309315238520504
mlp512x1,deterministic,2,val,robust,0.08,0.25,robust_eps0p08_lam0p25,"robust ($\epsilon_{train}=0.08$, $\lambda=0.25$)",mlp512x1|deterministic|s2|val|robust_eps0p08_lam0p25,0.075,0.075,0.05,0.15,2000.0,1.0,0.626,1.6615499258041382,0.5480406284332275,0.1564701888486743,0.15647019961476324,0.5385872706125588,0.0,0.7824702042117715
mlp512x1,deterministic,2,val,standard,,,standard,standard,mlp512x1|deterministic|s2|val|standard,0.075,0.075,0.05,0.01,2000.0,1.0,0.9585,0.19480633735656738,0.0692126676440239,0.025187451094389,0.024710969239473354,0.044141562527710475,0.0,0.9832103858292103
mlp512x1,deterministic,2,val,standard,,,standard,standard,mlp512x1|deterministic|s2|val|standard,0.075,0.075,0.05,0.03,2000.0,1.0,0.8375,0.7380021810531616,0.2709974944591522,0.11436662834882734,0.1143666326701641,0.11762182619340135,0.0,0.9518666299730539
mlp512x1,deterministic,2,val,standard,,,standard,standard,mlp512x1|deterministic|s2|val|standard,0.075,0.075,0.05,0.05,2000.0,1.0,0.5715,2.380356550216675,0.7536231875419617,0.3521579661369324,0.3486309965848924,0.1871131606074508,0.0,0.920130993321538
mlp512x1,deterministic,2,val,standard,,,standard,standard,mlp512x1|deterministic|s2|val|standard,0.075,0.075,0.05,0.07,2000.0,1.0,0.2735,5.599479675292969,1.3503056764602661,0.6635858303308487,0.6615811539292336,0.1537121796037087,0.0,0.9350811551511288
mlp512x1,deterministic,2,val,standard,,,standard,standard,mlp512x1|deterministic|s2|val|standard,0.075,0.075,0.05,0.08,2000.0,1.0,0.1695,7.69685173034668,1.577307105064392,0.7859079800546168,0.7859080072641375,0.11055069726570338,0.0,0.9554080272912979
mlp512x1,deterministic,2,val,standard,,,standard,standard,mlp512x1|deterministic|s2|val|standard,0.075,0.075,0.05,0.1,2000.0,1.0,0.067,12.33215045928955,1.8275742530822754,0.9119060966670514,0.9119060536623003,0.05213811452481474,0.0,0.97890606585145
mlp512x1,deterministic,2,val,standard,,,standard,standard,mlp512x1|deterministic|s2|val|standard,0.075,0.075,0.05,0.15,2000.0,1.0,0.0015,22.643762588500977,1.9904358386993408,0.9957893382012843,0.9957894016206266,0.008019897417684788,0.0,0.99728937125206
mlp512x1,deterministic,3,val,robust,0.08,0.25,robust_eps0p08_lam0p25,"robust ($\epsilon_{train}=0.08$, $\lambda=0.25$)",mlp512x1|deterministic|s3|val|robust_eps0p08_lam0p25,0.075,0.075,0.05,0.01,2000.0,1.0,0.979,0.1283743530511856,0.035008933395147324,0.012943533241748836,0.011191128611564637,0.02622919445480395,0.0,0.9901898545771837
mlp512x1,deterministic,3,val,robust,0.08,0.25,robust_eps0p08_lam0p25,"robust ($\epsilon_{train}=0.08$, $\lambda=0.25$)",mlp512x1|deterministic|s3|val|robust_eps0p08_lam0p25,0.075,0.075,0.05,0.03,2000.0,1.0,0.968,0.18904152512550354,0.05360950529575348,0.01736784973740583,0.01724199205636979,0.04024802840721038,0.0,0.9852418072074651
mlp512x1,deterministic,3,val,robust,0.08,0.25,robust_eps0p08_lam0p25,"robust ($\epsilon_{train}=0.08$, $\lambda=0.25$)",mlp512x1|deterministic|s3|val|robust_eps0p08_lam0p25,0.075,0.075,0.05,0.05,2000.0,1.0,0.95,0.2770717740058899,0.08121540397405624,0.02843307055532929,0.027687880635261543,0.060634301334978255,0.0,0.9776872004419566
mlp512x1,deterministic,3,val,robust,0.08,0.25,robust_eps0p08_lam0p25,"robust ($\epsilon_{train}=0.08$, $\lambda=0.25$)",mlp512x1|deterministic|s3|val|robust_eps0p08_lam0p25,0.075,0.075,0.05,0.07,2000.0,1.0,0.9305,0.3999045789241791,0.11822475492954254,0.03815716780722141,0.035769538938999194,0.09366365731519925,0.0,0.9662695361822844
mlp512x1,deterministic,3,val,robust,0.08,0.25,robust_eps0p08_lam0p25,"robust ($\epsilon_{train}=0.08$, $\lambda=0.25$)",mlp512x1|deterministic|s3|val|robust_eps0p08_lam0p25,0.075,0.075,0.05,0.08,2000.0,1.0,0.917,0.4807799756526947,0.1419120728969574,0.04317004379630087,0.039977992326021214,0.11804719456747668,0.0,0.9569745640009641
mlp512x1,deterministic,3,val,robust,0.08,0.25,robust_eps0p08_lam0p25,"robust ($\epsilon_{train}=0.08$, $\lambda=0.25$)",mlp512x1|deterministic|s3|val|robust_eps0p08_lam0p25,0.075,0.075,0.05,0.1,2000.0,1.0,0.8685,0.6916036605834961,0.2109265774488449,0.061822204038500764,0.06086698812246324,0.18581045965375814,0.0,0.929367012232542
mlp512x1,deterministic,3,val,robust,0.08,0.25,robust_eps0p08_lam0p25,"robust ($\epsilon_{train}=0.08$, $\lambda=0.25$)",mlp512x1|deterministic|s3|val|robust_eps0p08_lam0p25,0.075,0.075,0.05,0.15,2000.0,1.0,0.5995,1.75275456905365,0.5940561890602112,0.2052585577070713,0.2042043727338314,0.48401386200712077,0.0,0.8037043865770102
mlp512x1,deterministic,3,val,standard,,,standard,standard,mlp512x1|deterministic|s3|val|standard,0.075,0.075,0.05,0.01,2000.0,1.0,0.9645,0.18280786275863647,0.05807137116789818,0.02535326829552647,0.024869071871042255,0.027123497757529324,0.0,0.989369027107954
mlp512x1,deterministic,3,val,standard,,,standard,standard,mlp512x1|deterministic|s3|val|standard,0.075,0.075,0.05,0.03,2000.0,1.0,0.854,0.7378495931625366,0.24391470849514008,0.10497491121292113,0.10359146413207054,0.10165454580224556,0.0,0.9575914834141731
mlp512x1,deterministic,3,val,standard,,,standard,standard,mlp512x1|deterministic|s3|val|standard,0.075,0.075,0.05,0.05,2000.0,1.0,0.536,2.8717381954193115,0.8225537538528442,0.3988384540081024,0.39883847591280935,0.15611328349025025,0.0,0.9348384710550308
mlp512x1,deterministic,3,val,standard,,,standard,standard,mlp512x1|deterministic|s3|val|standard,0.075,0.075,0.05,0.07,2000.0,1.0,0.252,7.210297107696533,1.4162639379501343,0.7035956230461597,0.7012901567518712,0.11090516600785524,0.0,0.9532901439964772
mlp512x1,deterministic,3,val,standard,,,standard,standard,mlp512x1|deterministic|s3|val|standard,0.075,0.075,0.05,0.08,2000.0,1.0,0.1655,9.933406829833984,1.616660714149475,0.8023176027536393,0.7990897745192053,0.0834083865152207,0.0,0.9645897525548935
mlp512x1,deterministic,3,val,standard,,,standard,standard,mlp512x1|deterministic|s3|val|standard,0.075,0.075,0.05,0.1,2000.0,1.0,0.0535,15.670388221740723,1.8635849952697754,0.9320436350107193,0.9312854374349118,0.03827873745178843,0.0,0.9847854346185922
mlp512x1,deterministic,3,val,standard,,,standard,standard,mlp512x1|deterministic|s3|val|standard,0.075,0.075,0.05,0.15,2000.0,1.0,0.002,25.16976547241211,1.9917737245559692,0.9960087139904498,0.9960086725056172,0.005268632908162513,0.0,0.998008663892746
mlp512x1,deterministic,4,val,robust,0.08,0.25,robust_eps0p08_lam0p25,"robust ($\epsilon_{train}=0.08$, $\lambda=0.25$)",mlp512x1|deterministic|s4|val|robust_eps0p08_lam0p25,0.075,0.075,0.05,0.01,2000.0,1.0,0.9805,0.1299661546945572,0.03540952131152153,0.013225258648395561,0.010892304509878138,0.024971452956151604,0.0,0.9913916410207748
mlp512x1,deterministic,4,val,robust,0.08,0.25,robust_eps0p08_lam0p25,"robust ($\epsilon_{train}=0.08$, $\lambda=0.25$)",mlp512x1|deterministic|s4|val|robust_eps0p08_lam0p25,0.075,0.075,0.05,0.03,2000.0,1.0,0.9705,0.18706801533699036,0.052949208766222,0.016762922659516333,0.014804376751184458,0.04009443401153773,0.0,0.9853043138384819
mlp512x1,deterministic,4,val,robust,0.08,0.25,robust_eps0p08_lam0p25,"robust ($\epsilon_{train}=0.08$, $\lambda=0.25$)",mlp512x1|deterministic|s4|val|robust_eps0p08_lam0p25,0.075,0.075,0.05,0.05,2000.0,1.0,0.9525,0.269978404045105,0.0780707523226738,0.025389251559972743,0.022738140851259237,0.06331429237961875,0.0,0.9752232474535704
mlp512x1,deterministic,4,val,robust,0.08,0.25,robust_eps0p08_lam0p25,"robust ($\epsilon_{train}=0.08$, $\lambda=0.25$)",mlp512x1|deterministic|s4|val|robust_eps0p08_lam0p25,0.075,0.075,0.05,0.07,2000.0,1.0,0.932,0.38665899634361267,0.1183544173836708,0.04466439372301104,0.03355412387847902,0.0921865291206854,0.0,0.9655540824830532
mlp512x1,deterministic,4,val,robust,0.08,0.25,robust_eps0p08_lam0p25,"robust ($\epsilon_{train}=0.08$, $\lambda=0.25$)",mlp512x1|deterministic|s4|val|robust_eps0p08_lam0p25,0.075,0.075,0.05,0.08,2000.0,1.0,0.914,0.46324387192726135,0.14206723868846893,0.046268018782138834,0.0437634237110615,0.11467967297850239,0.0,0.9577634390294552
mlp512x1,deterministic,4,val,robust,0.08,0.25,robust_eps0p08_lam0p25,"robust ($\epsilon_{train}=0.08$, $\lambda=0.25$)",mlp512x1|deterministic|s4|val|robust_eps0p08_lam0p25,0.075,0.075,0.05,0.1,2000.0,1.0,0.8775,0.6585130095481873,0.2049318253993988,0.05733757911622523,0.05557377749681475,0.1834464299823108,0.0,0.9310219078809023
mlp512x1,deterministic,4,val,robust,0.08,0.25,robust_eps0p08_lam0p25,"robust ($\epsilon_{train}=0.08$, $\lambda=0.25$)",mlp512x1|deterministic|s4|val|robust_eps0p08_lam0p25,0.075,0.075,0.05,0.15,2000.0,1.0,0.614,1.707122564315796,0.5806413292884827,0.1881647428125143,0.18810570412874222,0.49800054119308423,0.0,0.802105695284903
mlp512x1,deterministic,4,val,standard,,,standard,standard,mlp512x1|deterministic|s4|val|standard,0.075,0.075,0.05,0.01,2000.0,1.0,0.9645,0.18639768660068512,0.06132379174232483,0.02840772929787637,0.02422275769710541,0.02939912755624173,0.0,0.9887219353020191
mlp512x1,deterministic,4,val,standard,,,standard,standard,mlp512x1|deterministic|s4|val|standard,0.075,0.075,0.05,0.03,2000.0,1.0,0.8585,0.7543595433235168,0.24461431801319122,0.1015132901966572,0.10021711224317553,0.10002272172274056,0.0,0.9587170822918415
mlp512x1,deterministic,4,val,standard,,,standard,standard,mlp512x1|deterministic|s4|val|standard,0.075,0.075,0.05,0.05,2000.0,1.0,0.5435,2.830817937850952,0.814628541469574,0.3893357537984848,0.3877942869067193,0.1604290145806087,0.0,0.9312942834496498
mlp512x1,deterministic,4,val,standard,,,standard,standard,mlp512x1|deterministic|s4|val|standard,0.075,0.075,0.05,0.07,2000.0,1.0,0.267,7.043590068817139,1.3917700052261353,0.6878033200204373,0.6878033532500267,0.1079506152208561,0.0,0.9548033406734466
mlp512x1,deterministic,4,val,standard,,,standard,standard,mlp512x1|deterministic|s4|val|standard,0.075,0.075,0.05,0.08,2000.0,1.0,0.1755,9.673646926879883,1.5871936082839966,0.7879178225696087,0.7879178122282029,0.08695573885105302,0.0,0.963417810946703
mlp512x1,deterministic,4,val,standard,,,standard,standard,mlp512x1|deterministic|s4|val|standard,0.075,0.075,0.05,0.1,2000.0,1.0,0.062,15.206033706665039,1.8419843912124634,0.9214830711185932,0.9193642053604126,0.04461000726701155,0.0,0.9813641893565654
mlp512x1,deterministic,4,val,standard,,,standard,standard,mlp512x1|deterministic|s4|val|standard,0.075,0.075,0.05,0.15,2000.0,1.0,0.003,24.68400764465332,1.9909563064575195,0.9949569067060947,0.9949568997323514,0.004754032058579061,0.0,0.9979568937122821
mlp512x1,mc_dropout,0,val,robust,0.08,0.25,robust_eps0p08_lam0p25,"robust ($\epsilon_{train}=0.08$, $\lambda=0.25$)",mlp512x1|mc_dropout|s0|val|robust_eps0p08_lam0p25,0.075,0.075,0.05,0.01,2000.0,50.0,0.9755,0.11137071996927261,0.04095584154129028,0.012447178438305822,0.006576842576265336,0.07290654113502643,0.021456391598643917,0.9767438100469553
mlp512x1,mc_dropout,0,val,robust,0.08,0.25,robust_eps0p08_lam0p25,"robust ($\epsilon_{train}=0.08$, $\lambda=0.25$)",mlp512x1|mc_dropout|s0|val|robust_eps0p08_lam0p25,0.075,0.075,0.05,0.03,2000.0,50.0,0.963,0.15887081623077393,0.059195224195718765,0.010104908540844927,0.007163277387619027,0.10334916420803777,0.0289903139736916,0.965724436147223
mlp512x1,mc_dropout,0,val,robust,0.08,0.25,robust_eps0p08_lam0p25,"robust ($\epsilon_{train}=0.08$, $\lambda=0.25$)",mlp512x1|mc_dropout|s0|val|robust_eps0p08_lam0p25,0.075,0.075,0.05,0.05,2000.0,50.0,0.9425,0.2262972742319107,0.08765441179275513,0.011063550069928155,0.012172495871782322,0.1452834233670179,0.037871030966019986,0.9512387157851017
mlp512x1,mc_dropout,0,val,robust,0.08,0.25,robust_eps0p08_lam0p25,"robust ($\epsilon_{train}=0.08$, $\lambda=0.25$)",mlp512x1|mc_dropout|s0|val|robust_eps0p08_lam0p25,0.075,0.075,0.05,0.07,2000.0,50.0,0.915,0.32485231757164,0.12800584733486176,0.020343275576829897,0.020363126724958443,0.2047727976719076,0.04900774218868229,0.9303378318190503
mlp512x1,mc_dropout,0,val,robust,0.08,0.25,robust_eps0p08_lam0p25,"robust ($\epsilon_{train}=0.08$, $\lambda=0.25$)",mlp512x1|mc_dropout|s0|val|robust_eps0p08_lam0p25,0.075,0.075,0.05,0.08,2000.0,50.0,0.899,0.39171892404556274,0.15538568794727325,0.02523771899938583,0.02054254353046419,0.2425775703800257,0.05513025820800597,0.917923779272566
mlp512x1,mc_dropout,0,val,robust,0.08,0.25,robust_eps0p08_lam0p25,"robust ($\epsilon_{train}=0.08$, $\lambda=0.25$)",mlp512x1|mc_dropout|s0|val|robust_eps0p08_lam0p25,0.075,0.075,0.05,0.1,2000.0,50.0,0.8555,0.5688347816467285,0.22611647844314575,0.03525680798292162,0.035635534942150125,0.34161359742617176,0.06851513385477477,0.8819392750340879
mlp512x1,mc_dropout,0,val,robust,0.08,0.25,robust_eps0p08_lam0p25,"robust ($\epsilon_{train}=0.08$, $\lambda=0.25$)",mlp512x1|mc_dropout|s0|val|robust_eps0p08_lam0p25,0.075,0.075,0.05,0.15,2000.0,50.0,0.596,1.4436105489730835,0.5781652927398682,0.12921083813905718,0.12921084935963156,0.7416497583847573,0.09038409926279874,0.7252108487006687
mlp512x1,mc_dropout,0,val,standard,,,standard,standard,mlp512x1|mc_dropout|s0|val|standard,0.075,0.075,0.05,0.01,2000.0,50.0,0.968,0.10382934659719467,0.04769498482346535,0.006416670009493787,0.004337972760200511,0.07823831545408576,0.0318889649399115,0.9721281920221091
mlp512x1,mc_dropout,0,val,standard,,,standard,standard,mlp512x1|mc_dropout|s0|val|standard,0.075,0.075,0.05,0.03,2000.0,50.0,0.8945,0.3464523255825043,0.1583518534898758,0.03950671601295471,0.03025048249959948,0.1966681962125632,0.07563193489861547,0.9247467704506477
mlp512x1,mc_dropout,0,val,standard,,,standard,standard,mlp512x1|mc_dropout|s0|val|standard,0.075,0.075,0.05,0.05,2000.0,50.0,0.6825,1.0896025896072388,0.49114006757736206,0.17224228152632715,0.16940537869930272,0.3594686758693579,0.13413411629761618,0.8471539834120156
mlp512x1,mc_dropout,0,val,standard,,,standard,standard,mlp512x1|mc_dropout|s0|val|standard,0.075,0.075,0.05,0.07,2000.0,50.0,0.3595,2.7745635509490967,1.0483931303024292,0.48497052130103113,0.48467765304446225,0.3685030998698152,0.13708376092683164,0.8441776409034577
mlp512x1,mc_dropout,0,val,standard,,,standard,standard,mlp512x1|mc_dropout|s0|val|standard,0.075,0.075,0.05,0.08,2000.0,50.0,0.227,4.015181064605713,1.310374140739441,0.6403657019734382,0.6403657417893409,0.3196335416891462,0.11893720343875024,0.8673657085243862
mlp512x1,mc_dropout,0,val,standard,,,standard,standard,mlp512x1|mc_dropout|s0|val|standard,0.075,0.075,0.05,0.1,2000.0,50.0,0.0795,7.144776344299316,1.6866925954818726,0.8419817729890348,0.8419817519187925,0.20093357745087206,0.07408476541643712,0.9214817546431024
mlp512x1,mc_dropout,0,val,standard,,,standard,standard,mlp512x1|mc_dropout|s0|val|standard,0.075,0.075,0.05,0.15,2000.0,50.0,0.0025,16.500503540039062,1.957363486289978,0.9779686159491539,0.9774092230796814,0.0615635177337317,0.021553964053475084,0.9799091964220984
mlp512x1,mc_dropout,1,val,robust,0.08,0.25,robust_eps0p08_lam0p25,"robust ($\epsilon_{train}=0.08$, $\lambda=0.25$)",mlp512x1|mc_dropout|s1|val|robust_eps0p08_lam0p25,0.075,0.075,0.05,0.01,2000.0,50.0,0.977,0.09843756258487701,0.03782295808196068,0.006797317221760784,0.00443388491868972,0.07000554328936458,0.021546503523215514,0.9783507191157288
mlp512x1,mc_dropout,1,val,robust,0.08,0.25,robust_eps0p08_lam0p25,"robust ($\epsilon_{train}=0.08$, $\lambda=0.25$)",mlp512x1|mc_dropout|s1|val|robust_eps0p08_lam0p25,0.075,0.075,0.05,0.03,2000.0,50.0,0.965,0.14471092820167542,0.05553559213876724,0.007664156705141025,0.008956095248460775,0.10088191756634397,0.02951088673060543,0.9670301706828112
mlp512x1,mc_dropout,1,val,robust,0.08,0.25,robust_eps0p08_lam0p25,"robust ($\epsilon_{train}=0.08$, $\lambda=0.25$)",mlp512x1|mc_dropout|s1|val|robust_eps0p08_lam0p25,0.075,0.075,0.05,0.05,2000.0,50.0,0.9465,0.21340151131153107,0.0831756442785263,0.014703709900379204,0.014438648253679279,0.141810420112189,0.038078619829730556,0.9531767082808896
mlp512x1,mc_dropout,1,val,robust,0.08,0.25,robust_eps0p08_lam0p25,"robust ($\epsilon_{train}=0.08$, $\lambda=0.25$)",mlp512x1|mc_dropout|s1|val|robust_eps0p08_lam0p25,0.075,0.075,0.05,0.07,2000.0,50.0,0.9235,0.3143986463546753,0.12402717024087906,0.011998372778296431,0.01678028941154481,0.20215790221933946,0.04865146718649888,0.932137586726486
mlp512x1,mc_dropout,1,val,robust,0.08,0.25,robust_eps0p08_lam0p25,"robust ($\epsilon_{train}=0.08$, $\lambda=0.25$)",mlp512x1|mc_dropout|s1|val|robust_eps0p08_lam0p25,0.075,0.075,0.05,0.08,2000.0,50.0,0.902,0.3835103213787079,0.1527976244688034,0.02042287074029443,0.016140303641557708,0.24139640315088048,0.05443473296685464,0.917850372808967
mlp512x1,mc_dropout,1,val,robust,0.08,0.25,robust_eps0p08_lam0p25,"robust ($\epsilon_{train}=0.08$, $\lambda=0.25$)",mlp512x1|mc_dropout|s1|val|robust_eps0p08_lam0p25,0.075,0.075,0.05,0.1,2000.0,50.0,0.8505,0.5757392644882202,0.23303723335266113,0.03645504285395146,0.032102065414190306,0.3403894643787712,0.06716839779429119,0.8826020466560343
mlp512x1,mc_dropout,1,val,robust,0.08,0.25,robust_eps0p08_lam0p25,"robust ($\epsilon_{train}=0.08$, $\lambda=0.25$)",mlp512x1|mc_dropout|s1|val|robust_eps0p08_lam0p25,0.075,0.075,0.05,0.15,2000.0,50.0,0.5685,1.534921407699585,0.6281383037567139,0.1615511192381382,0.1615511161386967,0.7278142727632428,0.08966013034114231,0.7300511232849615
mlp512x1,mc_dropout,1,val,standard,,,standard,standard,mlp512x1|mc_dropout|s1|val|standard,0.075,0.075,0.05,0.01,2000.0,50.0,0.9695,0.11062975227832794,0.048304181545972824,0.007067872405052221,0.003913791418075558,0.08644170863549407,0.03545057514774368,0.9696934194499015
mlp512x1,mc_dropout,1,val,standard,,,standard,standard,mlp512x1|mc_dropout|s1|val|standard,0.075,0.075,0.05,0.03,2000.0,50.0,0.88,0.3975848853588104,0.18410485982894897,0.03441698755323884,0.03363279330730439,0.23983617112237632,0.09503339421278885,0.9059558835339145
mlp512x1,mc_dropout,1,val,standard,,,standard,standard,mlp512x1|mc_dropout|s1|val|standard,0.075,0.075,0.05,0.05,2000.0,50.0,0.6055,1.3327960968017578,0.6009179949760437,0.23027336014807223,0.230273334145546,0.38450016285325733,0.15065634752875554,0.835773335868978
mlp512x1,mc_dropout,1,val,standard,,,standard,standard,mlp512x1|mc_dropout|s1|val|standard,0.075,0.075,0.05,0.07,2000.0,50.0,0.3045,3.360306978225708,1.1714638471603394,0.5536870895773172,0.5536870497763158,0.3386354895588699,0.13422336430142565,0.8581870572229485
mlp512x1,mc_dropout,1,val,standard,,,standard,standard,mlp512x1|mc_dropout|s1|val|standard,0.075,0.075,0.05,0.08,2000.0,50.0,0.197,4.756895065307617,1.4043571949005127,0.6853262513875962,0.6853261861503125,0.28463398418479835,0.11353299849000566,0.8823261841015064
mlp512x1,mc_dropout,1,val,standard,,,standard,standard,mlp512x1|mc_dropout|s1|val|standard,0.075,0.075,0.05,0.1,2000.0,50.0,0.0655,8.07081127166748,1.7283639907836914,0.8662592400908471,0.8662592404782772,0.17552445759122076,0.07010775568053987,0.9317592175078191
mlp512x1,mc_dropout,1,val,standard,,,standard,standard,mlp512x1|mc_dropout|s1|val|standard,0.075,0.075,0.05,0.15,2000.0,50.0,0.0015,17.429689407348633,1.9618158340454102,0.9791949389874935,0.9791949256956578,0.05749685700240922,0.023022865260259345,0.980694864661499
mlp512x1,mc_dropout,2,val,robust,0.08,0.25,robust_eps0p08_lam0p25,"robust ($\epsilon_{train}=0.08$, $\lambda=0.25$)",mlp512x1|mc_dropout|s2|val|robust_eps0p08_lam0p25,0.075,0.075,0.05,0.01,2000.0,50.0,0.976,0.1009824350476265,0.038175370544195175,0.00892271412909036,0.004813716858625414,0.0707066624741979,0.021679513008932182,0.97729461179722
mlp512x1,mc_dropout,2,val,robust,0.08,0.25,robust_eps0p08_lam0p25,"robust ($\epsilon_{train}=0.08$, $\lambda=0.25$)",mlp512x1|mc_dropout|s2|val|robust_eps0p08_lam0p25,0.075,0.075,0.05,0.03,2000.0,50.0,0.9635,0.14634813368320465,0.05811554566025734,0.007352724850177761,0.005532508313655857,0.100224033186928,0.02889741232308528,0.966865106012873
mlp512x1,mc_dropout,2,val,robust,0.08,0.25,robust_eps0p08_lam0p25,"robust ($\epsilon_{train}=0.08$, $\lambda=0.25$)",mlp512x1|mc_dropout|s2|val|robust_eps0p08_lam0p25,0.075,0.075,0.05,0.05,2000.0,50.0,0.942,0.2145211100578308,0.08740796148777008,0.015378681987524019,0.014397498458623904,0.13831371736573164,0.036905568733693384,0.9550355978100409
mlp512x1,mc_dropout,2,val,robust,0.08,0.25,robust_eps0p08_lam0p25,"robust ($\epsilon_{train}=0.08$, $\lambda=0.25$)",mlp512x1|mc_dropout|s2|val|robust_eps0p08_lam0p25,0.075,0.075,0.05,0.07,2000.0,50.0,0.9205,0.3135528862476349,0.12716679275035858,0.021166456565260908,0.014571656972169878,0.19602244266069782,0.047344955132771545,0.9347945497904894
mlp512x1,mc_dropout,2,val,robust,0.08,0.25,robust_eps0p08_lam0p25,"robust ($\epsilon_{train}=0.08$, $\lambda=0.25$)",mlp512x1|mc_dropout|s2|val|robust_eps0p08_lam0p25,0.075,0.075,0.05,0.08,2000.0,50.0,0.903,0.3798580467700958,0.154208704829216,0.025163287639617893,0.01950067025423051,0.23417336834044264,0.05343839271636226,0.9210487352639101
mlp512x1,mc_dropout,2,val,robust,0.08,0.25,robust_eps0p08_lam0p25,"robust ($\epsilon_{train}=0.08$, $\lambda=0.25$)",mlp512x1|mc_dropout|s2|val|robust_eps0p08_lam0p25,0.075,0.075,0.05,0.1,2000.0,50.0,0.8525,0.5537623763084412,0.2255517542362213,0.03995234252512456,0.03283729058504106,0.33309649898318405,0.0670644861530202,0.885337282727712
mlp512x1,mc_dropout,2,val,robust,0.08,0.25,robust_eps0p08_lam0p25,"robust ($\epsilon_{train}=0.08$, $\lambda=0.25$)",mlp512x1|mc_dropout|s2|val|robust_eps0p08_lam0p25,0.075,0.075,0.05,0.15,2000.0,50.0,0.5835,1.4461328983306885,0.6001768708229065,0.1504705489054322,0.1484349440187216,0.7301912533677872,0.0879611775611737,0.7319349240313072
mlp512x1,mc_dropout,2,val,standard,,,standard,standard,mlp512x1|mc_dropout|s2|val|standard,0.075,0.075,0.05,0.01,2000.0,50.0,0.965,0.11811372637748718,0.050658077001571655,0.009135202229022995,0.008017275631427769,0.09037889815492474,0.03784550355202808,0.968783582479851
mlp512x1,mc_dropout,2,val,standard,,,standard,standard,mlp512x1|mc_dropout|s2|val|standard,0.075,0.075,0.05,0.03,2000.0,50.0,0.869,0.3973318338394165,0.18668527901172638,0.04165050899982452,0.03964312827587131,0.23146426511077983,0.09274646179063376,0.9086431001710804
mlp512x1,mc_dropout,2,val,standard,,,standard,standard,mlp512x1|mc_dropout|s2|val|standard,0.075,0.075,0.05,0.05,2000.0,50.0,0.623,1.2764487266540527,0.5791513919830322,0.21976253807544707,0.219136731415987,0.37158378061078173,0.14635587191240934,0.8421367355148418
mlp512x1,mc_dropout,2,val,standard,,,standard,standard,mlp512x1|mc_dropout|s2|val|standard,0.075,0.075,0.05,0.07,2000.0,50.0,0.3075,3.204589366912842,1.1478090286254883,0.5492134007215499,0.5492133919596671,0.33977478046061377,0.13470996463888463,0.8567133765261906
mlp512x1,mc_dropout,2,val,standard,,,standard,standard,mlp512x1|mc_dropout|s2|val|standard,0.075,0.075,0.05,0.08,2000.0,50.0,0.2055,4.567540645599365,1.387945532798767,0.6811518325060606,0.6804838877916337,0.28045710244206573,0.11239219229504134,0.8859838812726657
mlp512x1,mc_dropout,2,val,standard,,,standard,standard,mlp512x1|mc_dropout|s2|val|standard,0.075,0.075,0.05,0.1,2000.0,50.0,0.0765,7.887674808502197,1.7080246210098267,0.8541851897090673,0.8541851601004601,0.17768345939075864,0.07089320255138637,0.9306851518352375
mlp512x1,mc_dropout,2,val,standard,,,standard,standard,mlp512x1|mc_dropout|s2|val|standard,0.075,0.075,0.05,0.15,2000.0,50.0,0.003,17.37164878845215,1.9524848461151123,0.9755366054773331,0.9755365881919862,0.0634527050221407,0.024863437893977092,0.978536530510813
mlp512x1,mc_dropout,3,val,robust,0.08,0.25,robust_eps0p08_lam0p25,"robust ($\epsilon_{train}=0.08$, $\lambda=0.25$)",mlp512x1|mc_dropout|s3|val|robust_eps0p08_lam0p25,0.075,0.075,0.05,0.01,2000.0,50.0,0.979,0.10264935344457626,0.03729301691055298,0.010400729656219436,0.008717807680368422,0.06867369576185312,0.02135088043297835,0.9781491457594512
mlp512x1,mc_dropout,3,val,robust,0.08,0.25,robust_eps0p08_lam0p25,"robust ($\epsilon_{train}=0.08$, $\lambda=0.25$)",mlp512x1|mc_dropout|s3|val|robust_eps0p08_lam0p25,0.075,0.075,0.05,0.03,2000.0,50.0,0.9655,0.14582714438438416,0.05480267480015755,0.00821027036011215,0.009374518632888797,0.09909687831015973,0.029140811607792323,0.9677690853041715
mlp512x1,mc_dropout,3,val,robust,0.08,0.25,robust_eps0p08_lam0p25,"robust ($\epsilon_{train}=0.08$, $\lambda=0.25$)",mlp512x1|mc_dropout|s3|val|robust_eps0p08_lam0p25,0.075,0.075,0.05,0.05,2000.0,50.0,0.9485,0.20977041125297546,0.08187765628099442,0.015188919603824597,0.010425527602434162,0.13957200953185667,0.03799256866452421,0.953761312863466
mlp512x1,mc_dropout,3,val,robust,0.08,0.25,robust_eps0p08_lam0p25,"robust ($\epsilon_{train}=0.08$, $\lambda=0.25$)",mlp512x1|mc_dropout|s3|val|robust_eps0p08_lam0p25,0.075,0.075,0.05,0.07,2000.0,50.0,0.925,0.30558860301971436,0.12108168751001358,0.019918772965669657,0.013699757903814329,0.1997132080598214,0.04895835187139754,0.9340822826286755
mlp512x1,mc_dropout,3,val,robust,0.08,0.25,robust_eps0p08_lam0p25,"robust ($\epsilon_{train}=0.08$, $\lambda=0.25$)",mlp512x1|mc_dropout|s3|val|robust_eps0p08_lam0p25,0.075,0.075,0.05,0.08,2000.0,50.0,0.909,0.36996403336524963,0.14744435250759125,0.0231753341555595,0.018990199029445664,0.23930537187785894,0.05512584984593324,0.9197995648819549
mlp512x1,mc_dropout,3,val,robust,0.08,0.25,robust_eps0p08_lam0p25,"robust ($\epsilon_{train}=0.08$, $\lambda=0.25$)",mlp512x1|mc_dropout|s3|val|robust_eps0p08_lam0p25,0.075,0.075,0.05,0.1,2000.0,50.0,0.8585,0.5479403734207153,0.22053228318691254,0.03425869351625442,0.029105704188346883,0.3424692646789154,0.06983125843713106,0.88204510171607
mlp512x1,mc_dropout,3,val,robust,0.08,0.25,robust_eps0p08_lam0p25,"robust ($\epsilon_{train}=0.08$, $\lambda=0.25$)",mlp512x1|mc_dropout|s3|val|robust_eps0p08_lam0p25,0.075,0.075,0.05,0.15,2000.0,50.0,0.5965,1.4461601972579956,0.5932736396789551,0.13931307636201382,0.1367802459448576,0.7277206000629056,0.09226370250280774,0.7315246719682861
mlp512x1,mc_dropout,3,val,standard,,,standard,standard,mlp512x1|mc_dropout|s3|val|standard,0.075,0.075,0.05,0.01,2000.0,50.0,0.9695,0.11280738562345505,0.046294838190078735,0.005621954411268215,0.0030691852569580107,0.08109986963361017,0.03489200241362369,0.9708713972824271
mlp512x1,mc_dropout,3,val,standard,,,standard,standard,mlp512x1|mc_dropout|s3|val|standard,0.075,0.075,0.05,0.03,2000.0,50.0,0.894,0.36449944972991943,0.16446158289909363,0.03045889775454998,0.02270313221216204,0.21569356401360476,0.08552344242760854,0.9160603550895084
mlp512x1,mc_dropout,3,val,standard,,,standard,standard,mlp512x1|mc_dropout|s3|val|standard,0.075,0.075,0.05,0.05,2000.0,50.0,0.645,1.1701043844223022,0.5399670600891113,0.20700192819535734,0.2058319417834282,0.35049550767260623,0.1342718163007758,0.8508319368196872
mlp512x1,mc_dropout,3,val,standard,,,standard,standard,mlp512x1|mc_dropout|s3|val|standard,0.075,0.075,0.05,0.07,2000.0,50.0,0.3605,2.960745096206665,1.077118158340454,0.502003351032734,0.5020033433437348,0.3253000106765945,0.12611481262164767,0.8625033316521087
mlp512x1,mc_dropout,3,val,standard,,,standard,standard,mlp512x1|mc_dropout|s3|val|standard,0.075,0.075,0.05,0.08,2000.0,50.0,0.237,4.231777191162109,1.315119743347168,0.6494112093895674,0.6481941699683668,0.2786646657809107,0.10846010793145257,0.8851941650236941
mlp512x1,mc_dropout,3,val,standard,,,standard,standard,mlp512x1|mc_dropout|s3|val|standard,0.075,0.075,0.05,0.1,2000.0,50.0,0.1145,7.331356048583984,1.6489229202270508,0.8131164409667254,0.8131163979172708,0.18372495313639065,0.07129795039173971,0.9276163734586157
mlp512x1,mc_dropout,3,val,standard,,,standard,standard,mlp512x1|mc_dropout|s3|val|standard,0.075,0.075,0.05,0.15,2000.0,50.0,0.0065,16.505638122558594,1.9393856525421143,0.9699631390273571,0.9699631453454495,0.06916545648871728,0.026403766924072727,0.976463105035002
mlp512x1,mc_dropout,4,val,robust,0.08,0.25,robust_eps0p08_lam0p25,"robust ($\epsilon_{train}=0.08$, $\lambda=0.25$)",mlp512x1|mc_dropout|s4|val|robust_eps0p08_lam0p25,0.075,0.075,0.05,0.01,2000.0,50.0,0.977,0.0990852490067482,0.03872155025601387,0.005947893723845455,0.005103486627340321,0.06981774768752673,0.02073172396810712,0.9779140341924918
mlp512x1,mc_dropout,4,val,robust,0.08,0.25,robust_eps0p08_lam0p25,"robust ($\epsilon_{train}=0.08$, $\lambda=0.25$)",mlp512x1|mc_dropout|s4|val|robust_eps0p08_lam0p25,0.075,0.075,0.05,0.03,2000.0,50.0,0.9655,0.14174558222293854,0.056165535002946854,0.00897025575488804,0.007191361457109472,0.10054362800653757,0.027724477933235753,0.9663601434271479
mlp512x1,mc_dropout,4,val,robust,0.08,0.25,robust_eps0p08_lam0p25,"robust ($\epsilon_{train}=0.08$, $\lambda=0.25$)",mlp512x1|mc_dropout|s4|val|robust_eps0p08_lam0p25,0.075,0.075,0.05,0.05,2000.0,50.0,0.942,0.20789748430252075,0.08536679297685623,0.015857887178659463,0.016654359489679357,0.14326436173557752,0.036741642417635965,0.9514446072904329
mlp512x1,mc_dropout,4,val,robust,0.08,0.25,robust_eps0p08_lam0p25,"robust ($\epsilon_{train}=0.08$, $\lambda=0.25$)",mlp512x1|mc_dropout|s4|val|robust_eps0p08_lam0p25,0.075,0.075,0.05,0.07,2000.0,50.0,0.9155,0.3077486753463745,0.13003477454185486,0.021461760468781017,0.018813087940216078,0.20270718310889188,0.047282721696458224,0.9321254976980048
mlp512x1,mc_dropout,4,val,robust,0.08,0.25,robust_eps0p08_lam0p25,"robust ($\epsilon_{train}=0.08$, $\lambda=0.25$)",mlp512x1|mc_dropout|s4|val|robust_eps0p08_lam0p25,0.075,0.075,0.05,0.08,2000.0,50.0,0.8955,0.37633776664733887,0.15956896543502808,0.029397042453289043,0.02585281464457513,0.24028283510355328,0.05297044587363244,0.9192406821314646
mlp512x1,mc_dropout,4,val,robust,0.08,0.25,robust_eps0p08_lam0p25,"robust ($\epsilon_{train}=0.08$, $\lambda=0.25$)",mlp512x1|mc_dropout|s4|val|robust_eps0p08_lam0p25,0.075,0.075,0.05,0.1,2000.0,50.0,0.854,0.5621769428253174,0.23431482911109924,0.04497565564513208,0.03660439053177835,0.3433581672249988,0.0676762479194264,0.8837893073266078
mlp512x1,mc_dropout,4,val,robust,0.08,0.25,robust_eps0p08_lam0p25,"robust ($\epsilon_{train}=0.08$, $\lambda=0.25$)",mlp512x1|mc_dropout|s4|val|robust_eps0p08_lam0p25,0.075,0.075,0.05,0.15,2000.0,50.0,0.542,1.508453369140625,0.6358389854431152,0.1856557772755623,0.1844850517809391,0.7397826688273906,0.0890346303423395,0.7264850526403522
mlp512x1,mc_dropout,4,val,standard,,,standard,standard,mlp512x1|mc_dropout|s4|val|standard,0.075,0.075,0.05,0.01,2000.0,50.0,0.9705,0.10711809992790222,0.046148546040058136,0.009996832951903307,0.007472502768039709,0.08399641610362718,0.034451649748232484,0.9705712290160736
mlp512x1,mc_dropout,4,val,standard,,,standard,standard,mlp512x1|mc_dropout|s4|val|standard,0.075,0.075,0.05,0.03,2000.0,50.0,0.889,0.36775800585746765,0.17094482481479645,0.031115050226449947,0.028857904076576242,0.2200985487040701,0.08423278307008729,0.9146974542232635
mlp512x1,mc_dropout,4,val,standard,,,standard,standard,mlp512x1|mc_dropout|s4|val|standard,0.075,0.075,0.05,0.05,2000.0,50.0,0.637,1.1935328245162964,0.5486008524894714,0.20602635334432123,0.20602635717391973,0.3649543824211075,0.13590939261583526,0.8430263541714833
mlp512x1,mc_dropout,4,val,standard,,,standard,standard,mlp512x1|mc_dropout|s4|val|standard,0.075,0.075,0.05,0.07,2000.0,50.0,0.336,3.0145182609558105,1.1118475198745728,0.5227661481350659,0.5227661257386208,0.3379518265282891,0.12796594989197785,0.8587661319120504
mlp512x1,mc_dropout,4,val,standard,,,standard,standard,mlp512x1|mc_dropout|s4|val|standard,0.075,0.075,0.05,0.08,2000.0,50.0,0.2225,4.296401500701904,1.3548765182495117,0.6648702195286751,0.6602520923912527,0.28625406711083096,0.11033968955424418,0.8827520724060158
mlp512x1,mc_dropout,4,val,standard,,,standard,standard,mlp512x1|mc_dropout|s4|val|standard,0.075,0.075,0.05,0.1,2000.0,50.0,0.0915,7.381982326507568,1.6842756271362305,0.8375291116684676,0.8375291428267957,0.1835635866406212,0.07181371815659185,0.9290291092015565
mlp512x1,mc_dropout,4,val,standard,,,standard,standard,mlp512x1|mc_dropout|s4|val|standard,0.075,0.075,0.05,0.15,2000.0,50.0,0.006,16.513582229614258,1.946149468421936,0.9700947813987733,0.9700948001742362,0.06784325228937049,0.027039840146612867,0.9760947767865489
mlp512x1,vogn,0,val,robust,0.08,0.25,robust_eps0p08_lam0p25,"robust ($\epsilon_{train}=0.08$, $\lambda=0.25$)",mlp512x1|vogn|s0|val|robust_eps0p08_lam0p25,0.075,0.075,0.05,0.01,2000.0,50.0,0.9015,0.3537004292011261,0.14816397428512573,0.02102497902512554,0.015559085160493858,0.29222403348153136,0.019485026568913502,0.9088402855245838
mlp512x1,vogn,0,val,robust,0.08,0.25,robust_eps0p08_lam0p25,"robust ($\epsilon_{train}=0.08$, $\lambda=0.25$)",mlp512x1|vogn|s0|val|robust_eps0p08_lam0p25,0.075,0.075,0.05,0.03,2000.0,50.0,0.853,0.5243361592292786,0.21812127530574799,0.03545128263533117,0.030938092917203914,0.36694813001783816,0.023218566235556858,0.8835867120028661
mlp512x1,vogn,0,val,robust,0.08,0.25,robust_eps0p08_lam0p25,"robust ($\epsilon_{train}=0.08$, $\lambda=0.25$)",mlp512x1|vogn|s0|val|robust_eps0p08_lam0p25,0.075,0.075,0.05,0.05,2000.0,50.0,0.791,0.765828549861908,0.31072911620140076,0.062024419173598265,0.0613353632092476,0.4519791179528291,0.027914202948990316,0.852335342247415
mlp512x1,vogn,0,val,robust,0.08,0.25,robust_eps0p08_lam0p25,"robust ($\epsilon_{train}=0.08$, $\lambda=0.25$)",mlp512x1|vogn|s0|val|robust_eps0p08_lam0p25,0.075,0.075,0.05,0.07,2000.0,50.0,0.717,1.0840754508972168,0.43168655037879944,0.1136718492656946,0.11181410622596745,0.5272377062736863,0.029612084105363794,0.8288141040713117
mlp512x1,vogn,0,val,robust,0.08,0.25,robust_eps0p08_lam0p25,"robust ($\epsilon_{train}=0.08$, $\lambda=0.25$)",mlp512x1|vogn|s0|val|robust_eps0p08_lam0p25,0.075,0.075,0.05,0.08,2000.0,50.0,0.6745,1.2679872512817383,0.49577271938323975,0.14666011461615563,0.1446959313452244,0.5608496776621321,0.02939545657570957,0.8191959307777578
mlp512x1,vogn,0,val,robust,0.08,0.25,robust_eps0p08_lam0p25,"robust ($\epsilon_{train}=0.08$, $\lambda=0.25$)",mlp512x1|vogn|s0|val|robust_eps0p08_lam0p25,0.075,0.075,0.05,0.1,2000.0,50.0,0.593,1.6679586172103882,0.626150369644165,0.210307053565979,0.2093845188766718,0.6220393474153807,0.02962503409675751,0.8015632994974509
mlp512x1,vogn,0,val,robust,0.08,0.25,robust_eps0p08_lam0p25,"robust ($\epsilon_{train}=0.08$, $\lambda=0.25$)",mlp512x1|vogn|s0|val|robust_eps0p08_lam0p25,0.075,0.075,0.05,0.15,2000.0,50.0,0.365,2.9374141693115234,0.9958457350730896,0.39912983490526677,0.3989623747766018,0.7879641717780834,0.033542290868819914,0.7639623638035078
mlp512x1,vogn,0,val,standard,,,standard,standard,mlp512x1|vogn|s0|val|standard,0.075,0.075,0.05,0.01,2000.0,50.0,0.96,0.14898507297039032,0.06478723883628845,0.04053749096393586,0.039759300321340556,0.2546320398252135,0.07559665687153927,0.9202407045612219
mlp512x1,vogn,0,val,standard,,,standard,standard,mlp512x1|vogn|s0|val|standard,0.075,0.075,0.05,0.03,2000.0,50.0,0.931,0.23206458985805511,0.10571213066577911,0.050877567231655124,0.04620974579453466,0.35510733883167434,0.10331104008223072,0.8847902513860929
mlp512x1,vogn,0,val,standard,,,standard,standard,mlp512x1|vogn|s0|val|standard,0.075,0.075,0.05,0.05,2000.0,50.0,0.888,0.36247700452804565,0.17205822467803955,0.05422879245877264,0.053201228260993945,0.48235410010226953,0.13812629771364168,0.8353261891461047
mlp512x1,vogn,0,val,standard,,,standard,standard,mlp512x1|vogn|s0|val|standard,0.075,0.075,0.05,0.07,2000.0,50.0,0.8145,0.5628440976142883,0.27744433283805847,0.041653650254011174,0.04362237992882729,0.6253945773874261,0.17708538639174284,0.7728463385511817
mlp512x1,vogn,0,val,standard,,,standard,standard,mlp512x1|vogn|s0|val|standard,0.075,0.075,0.05,0.08,2000.0,50.0,0.7495,0.6974864602088928,0.34915006160736084,0.0250262636244297,0.030266833379864695,0.6943520074883862,0.19590019375479392,0.7401230275241342
mlp512x1,vogn,0,val,standard,,,standard,standard,mlp512x1|vogn|s0|val|standard,0.075,0.075,0.05,0.1,2000.0,50.0,0.604,1.0473809242248535,0.5322622060775757,0.08506597311049703,0.0833060287833214,0.80269583579067,0.2262225724647089,0.6873060111319121
mlp512x1,vogn,0,val,standard,,,standard,standard,mlp512x1|vogn|s0|val|standard,0.075,0.075,0.05,0.15,2000.0,50.0,0.22,2.437006950378418,1.089299201965332,0.46773609919101,0.46773606784641747,0.8248919238275928,0.23187605384664373,0.6877360761406087
mlp512x1,vogn,1,val,robust,0.08,0.25,robust_eps0p08_lam0p25,"robust ($\epsilon_{train}=0.08$, $\lambda=0.25$)",mlp512x1|vogn|s1|val|robust_eps0p08_lam0p25,0.075,0.075,0.05,0.01,2000.0,50.0,0.9135,0.32544854283332825,0.13105040788650513,0.022636682644486428,0.022865615546703334,0.28070321925719005,0.018153768991908955,0.9184266544280947
mlp512x1,vogn,1,val,robust,0.08,0.25,robust_eps0p08_lam0p25,"robust ($\epsilon_{train}=0.08$, $\lambda=0.25$)",mlp512x1|vogn|s1|val|robust_eps0p08_lam0p25,0.075,0.075,0.05,0.03,2000.0,50.0,0.8725,0.49515849351882935,0.1998167783021927,0.030336541816592198,0.024889219373464597,0.3647902144676009,0.024235362232252186,0.8910676772448246
mlp512x1,vogn,1,val,robust,0.08,0.25,robust_eps0p08_lam0p25,"robust ($\epsilon_{train}=0.08$, $\lambda=0.25$)",mlp512x1|vogn|s1|val|robust_eps0p08_lam0p25,0.075,0.075,0.05,0.05,2000.0,50.0,0.7985,0.7517578601837158,0.30411890149116516,0.07187730088829994,0.07108566886186603,0.4569040776396435,0.029241156886266335,0.8593155041906797
mlp512x1,vogn,1,val,robust,0.08,0.25,robust_eps0p08_lam0p25,"robust ($\epsilon_{train}=0.08$, $\lambda=0.25$)",mlp512x1|vogn|s1|val|robust_eps0p08_lam0p25,0.075,0.075,0.05,0.07,2000.0,50.0,0.704,1.0980520248413086,0.4354390799999237,0.1382593176290393,0.13676185432076457,0.5238375657340403,0.029337767476706675,0.8407618221977337
mlp512x1,vogn,1,val,robust,0.08,0.25,robust_eps0p08_lam0p25,"robust ($\epsilon_{train}=0.08$, $\lambda=0.25$)",mlp512x1|vogn|s1|val|robust_eps0p08_lam0p25,0.075,0.075,0.05,0.08,2000.0,50.0,0.6575,1.2953364849090576,0.5046542882919312,0.17966099110245703,0.1796609897315502,0.5465387831869596,0.028269099331963168,0.837160984906893
mlp512x1,vogn,1,val,robust,0.08,0.25,robust_eps0p08_lam0p25,"robust ($\epsilon_{train}=0.08$, $\lambda=0.25$)",mlp512x1|vogn|s1|val|robust_eps0p08_lam0p25,0.075,0.075,0.05,0.1,2000.0,50.0,0.586,1.7098050117492676,0.6358628869056702,0.2465847387909889,0.2427136190831661,0.5935538974843418,0.026805998447513437,0.8287136136980914
mlp512x1,vogn,1,val,robust,0.08,0.25,robust_eps0p08_lam0p25,"robust ($\epsilon_{train}=0.08$, $\lambda=0.25$)",mlp512x1|vogn|s1|val|robust_eps0p08_lam0p25,0.075,0.075,0.05,0.15,2000.0,50.0,0.386,2.969757318496704,0.979780912399292,0.4000679113790393,0.3959290472120047,0.7666101690249013,0.032381176152694535,0.7819290704560248
mlp512x1,vogn,1,val,standard,,,standard,standard,mlp512x1|vogn|s1|val|standard,0.075,0.075,0.05,0.01,2000.0,50.0,0.961,0.1513710916042328,0.0658324584364891,0.04114149910211566,0.040814807623624785,0.2602585431443382,0.07692008412035858,0.9201851956629375
mlp512x1,vogn,1,val,standard,,,standard,standard,mlp512x1|vogn|s1|val|standard,0.075,0.075,0.05,0.03,2000.0,50.0,0.932,0.24171368777751923,0.11062022298574448,0.05565823702514172,0.05211831954121589,0.37004624728781493,0.10638938713345451,0.879881675239368
mlp512x1,vogn,1,val,standard,,,standard,standard,mlp512x1|vogn|s1|val|standard,0.075,0.075,0.05,0.05,2000.0,50.0,0.88,0.3873419761657715,0.18655668199062347,0.057874422729015364,0.05598672011494635,0.5081814440927807,0.1427516329580473,0.824013279854431
mlp512x1,vogn,1,val,standard,,,standard,standard,mlp512x1|vogn|s1|val|standard,0.075,0.075,0.05,0.07,2000.0,50.0,0.7885,0.6161382794380188,0.3113754987716675,0.037128204435110106,0.03834285527467727,0.6556224854751853,0.18113228567709005,0.7560380657492674
mlp512x1,vogn,1,val,standard,,,standard,standard,mlp512x1|vogn|s1|val|standard,0.075,0.075,0.05,0.08,2000.0,50.0,0.7145,0.7716186046600342,0.3969372510910034,0.03290529885888101,0.03463569228351118,0.7211473857033902,0.1979130107426202,0.7246829209517831
mlp512x1,vogn,1,val,standard,,,standard,standard,mlp512x1|vogn|s1|val|standard,0.075,0.075,0.05,0.1,2000.0,50.0,0.534,1.1768381595611572,0.6107282638549805,0.14546423922479154,0.14546421474218366,0.8094807628044102,0.21991752639408402,0.6794642295924007
mlp512x1,vogn,1,val,standard,,,standard,standard,mlp512x1|vogn|s1|val|standard,0.075,0.075,0.05,0.15,2000.0,50.0,0.175,2.777169942855835,1.1982260942459106,0.542604088254273,0.5426040807068349,0.7603949737097894,0.20255950375591816,0.7176040799553441
mlp512x1,vogn,2,val,robust,0.08,0.25,robust_eps0p08_lam0p25,"robust ($\epsilon_{train}=0.08$, $\lambda=0.25$)",mlp512x1|vogn|s2|val|robust_eps0p08_lam0p25,0.075,0.075,0.05,0.01,2000.0,50.0,0.9155,0.32877448201179504,0.13166163861751556,0.03108951874077317,0.02591401338577272,0.27696423484471416,0.017944202653555393,0.9204807331412191
mlp512x1,vogn,2,val,robust,0.08,0.25,robust_eps0p08_lam0p25,"robust ($\epsilon_{train}=0.08$, $\lambda=0.25$)",mlp512x1|vogn|s2|val|robust_eps0p08_lam0p25,0.075,0.075,0.05,0.03,2000.0,50.0,0.877,0.4996035695075989,0.1999984085559845,0.038952908769249936,0.03438778388500214,0.3514624885199788,0.023453935697204883,0.8958932984734991
mlp512x1,vogn,2,val,robust,0.08,0.25,robust_eps0p08_lam0p25,"robust ($\epsilon_{train}=0.08$, $\lambda=0.25$)",mlp512x1|vogn|s2|val|robust_eps0p08_lam0p25,0.075,0.075,0.05,0.05,2000.0,50.0,0.8005,0.7491523027420044,0.299641489982605,0.06958693712949751,0.06622128367424013,0.43768594141866,0.02918854709437227,0.866721283961999
mlp512x1,vogn,2,val,robust,0.08,0.25,robust_eps0p08_lam0p25,"robust ($\epsilon_{train}=0.08$, $\lambda=0.25$)",mlp512x1|vogn|s2|val|robust_eps0p08_lam0p25,0.075,0.075,0.05,0.07,2000.0,50.0,0.712,1.0829122066497803,0.4253123700618744,0.13355783580243585,0.1333277155458927,0.512171340611178,0.031664188676587504,0.845327701619715
mlp512x1,vogn,2,val,robust,0.08,0.25,robust_eps0p08_lam0p25,"robust ($\epsilon_{train}=0.08$, $\lambda=0.25$)",mlp512x1|vogn|s2|val|robust_eps0p08_lam0p25,0.075,0.075,0.05,0.08,2000.0,50.0,0.6685,1.2775168418884277,0.4929320812225342,0.17259292747080326,0.1688992625176907,0.5418231528169096,0.0319197103050493,0.8373992683000211
mlp512x1,vogn,2,val,robust,0.08,0.25,robust_eps0p08_lam0p25,"robust ($\epsilon_{train}=0.08$, $\lambda=0.25$)",mlp512x1|vogn|s2|val|robust_eps0p08_lam0p25,0.075,0.075,0.05,0.1,2000.0,50.0,0.5845,1.6947773694992065,0.6300362348556519,0.24040658557415007,0.24040656259655954,0.598868879068316,0.03153249887516218,0.8249065655674237
mlp512x1,vogn,2,val,robust,0.08,0.25,robust_eps0p08_lam0p25,"robust ($\epsilon_{train}=0.08$, $\lambda=0.25$)",mlp512x1|vogn|s2|val|robust_eps0p08_lam0p25,0.075,0.075,0.05,0.15,2000.0,50.0,0.3665,2.9716241359710693,0.9964653849601746,0.41295130799710755,0.4129075205922127,0.7684248159464856,0.03461237215260855,0.7794075118740927
mlp512x1,vogn,2,val,standard,,,standard,standard,mlp512x1|vogn|s2|val|standard,0.075,0.075,0.05,0.01,2000.0,50.0,0.9625,0.14943289756774902,0.0640379935503006,0.04313202646374704,0.04298994961380957,0.2608703853348457,0.07686170618504662,0.9195100518574572
mlp512x1,vogn,2,val,standard,,,standard,standard,mlp512x1|vogn|s2|val|standard,0.075,0.075,0.05,0.03,2000.0,50.0,0.938,0.2353193312883377,0.10618818551301956,0.05850162102282049,0.057716881960630406,0.36785111085585087,0.10621859639059877,0.8802831114171872
mlp512x1,vogn,2,val,standard,,,standard,standard,mlp512x1|vogn|s2|val|standard,0.075,0.075,0.05,0.05,2000.0,50.0,0.8845,0.3718869686126709,0.17682519555091858,0.05726343424618244,0.058974725335836406,0.5022398826714591,0.14279182470416701,0.8274286778916041
mlp512x1,vogn,2,val,standard,,,standard,standard,mlp512x1|vogn|s2|val|standard,0.075,0.075,0.05,0.07,2000.0,50.0,0.8075,0.5847723484039307,0.29059910774230957,0.045977441318333145,0.04892196650803087,0.6494720394425008,0.18267899011278113,0.7623650495339863
mlp512x1,vogn,2,val,standard,,,standard,standard,mlp512x1|vogn|s2|val|standard,0.075,0.075,0.05,0.08,2000.0,50.0,0.744,0.7281140685081482,0.36814263463020325,0.02953558489680289,0.028891736492514593,0.7175807048538639,0.20087843210141262,0.7286256188824848
mlp512x1,vogn,2,val,standard,,,standard,standard,mlp512x1|vogn|s2|val|standard,0.075,0.075,0.05,0.1,2000.0,50.0,0.5735,1.0988420248031616,0.5628255009651184,0.10597549037635327,0.10597549940645697,0.8179565954224838,0.22769484680080151,0.6794754957528039
mlp512x1,vogn,2,val,standard,,,standard,standard,mlp512x1|vogn|s2|val|standard,0.075,0.075,0.05,0.15,2000.0,50.0,0.196,2.5402328968048096,1.1235848665237427,0.49330406932532783,0.49304907059669495,0.8297604795000515,0.22907790614589713,0.6890490579688953
mlp512x1,vogn,3,val,robust,0.08,0.25,robust_eps0p08_lam0p25,"robust ($\epsilon_{train}=0.08$, $\lambda=0.25$)",mlp512x1|vogn|s3|val|robust_eps0p08_lam0p25,0.075,0.075,0.05,0.01,2000.0,50.0,0.915,0.34337273240089417,0.1353999376296997,0.028689331829547884,0.02207901945710183,0.2835622524736292,0.017990032146556232,0.9182595745349605
mlp512x1,vogn,3,val,robust,0.08,0.25,robust_eps0p08_lam0p25,"robust ($\epsilon_{train}=0.08$, $\lambda=0.25$)",mlp512x1|vogn|s3|val|robust_eps0p08_lam0p25,0.075,0.075,0.05,0.03,2000.0,50.0,0.8705,0.5156347751617432,0.20379367470741272,0.03308184740692377,0.03048267114162445,0.3651960393032066,0.02351986767159037,0.8905192807847727
mlp512x1,vogn,3,val,robust,0.08,0.25,robust_eps0p08_lam0p25,"robust ($\epsilon_{train}=0.08$, $\lambda=0.25$)",mlp512x1|vogn|s3|val|robust_eps0p08_lam0p25,0.075,0.075,0.05,0.05,2000.0,50.0,0.7955,0.7629543542861938,0.30714699625968933,0.07368974018096926,0.0697167372107506,0.4476200731896419,0.027962978567383827,0.862820934219584
mlp512x1,vogn,3,val,robust,0.08,0.25,robust_eps0p08_lam0p25,"robust ($\epsilon_{train}=0.08$, $\lambda=0.25$)",mlp512x1|vogn|s3|val|robust_eps0p08_lam0p25,0.075,0.075,0.05,0.07,2000.0,50.0,0.7095,1.0899677276611328,0.43272489309310913,0.1384236815646291,0.13708790364861492,0.5121995852692767,0.028922843763549002,0.8465879143898515
mlp512x1,vogn,3,val,robust,0.08,0.25,robust_eps0p08_lam0p25,"robust ($\epsilon_{train}=0.08$, $\lambda=0.25$)",mlp512x1|vogn|s3|val|robust_eps0p08_lam0p25,0.075,0.075,0.05,0.08,2000.0,50.0,0.6715,1.2749334573745728,0.4954923391342163,0.16828249609470367,0.16774847629666334,0.5414634716701897,0.028791810894849567,0.8392484531407733
mlp512x1,vogn,3,val,robust,0.08,0.25,robust_eps0p08_lam0p25,"robust ($\epsilon_{train}=0.08$, $\lambda=0.25$)",mlp512x1|vogn|s3|val|robust_eps0p08_lam0p25,0.075,0.075,0.05,0.1,2000.0,50.0,0.6015,1.6716889142990112,0.6192498803138733,0.2266603748947382,0.22314903593063357,0.6022357778002839,0.02887238658612809,0.8246490259611013
mlp512x1,vogn,3,val,robust,0.08,0.25,robust_eps0p08_lam0p25,"robust ($\epsilon_{train}=0.08$, $\lambda=0.25$)",mlp512x1|vogn|s3|val|robust_eps0p08_lam0p25,0.075,0.075,0.05,0.15,2000.0,50.0,0.384,2.931915760040283,0.9770755767822266,0.3905029498189688,0.39189921347796913,0.7879320105043579,0.03264319268256097,0.7729215893180529
mlp512x1,vogn,3,val,standard,,,standard,standard,mlp512x1|vogn|s3|val|standard,0.075,0.075,0.05,0.01,2000.0,50.0,0.959,0.15030090510845184,0.06600458920001984,0.0397083766162396,0.03884026375412939,0.25699384648830353,0.07578378460502615,0.9201597335490144
mlp512x1,vogn,3,val,standard,,,standard,standard,mlp512x1|vogn|s3|val|standard,0.075,0.075,0.05,0.03,2000.0,50.0,0.9295,0.2402290254831314,0.11017574369907379,0.04831960807740688,0.04775133064389229,0.3653282146229448,0.10541777858194733,0.8817486800246156
mlp512x1,vogn,3,val,standard,,,standard,standard,mlp512x1|vogn|s3|val|standard,0.075,0.075,0.05,0.05,2000.0,50.0,0.8805,0.385856568813324,0.18548843264579773,0.05703678947687152,0.05458232462406156,0.503404179946117,0.14292101823618586,0.8261780200780008
mlp512x1,vogn,3,val,standard,,,standard,standard,mlp512x1|vogn|s3|val|standard,0.075,0.075,0.05,0.07,2000.0,50.0,0.7785,0.616702139377594,0.3135806918144226,0.02819208302348851,0.02939172849059105,0.6466017409393048,0.1821579497858283,0.7585234413159908
mlp512x1,vogn,3,val,standard,,,standard,standard,mlp512x1|vogn|s3|val|standard,0.075,0.075,0.05,0.08,2000.0,50.0,0.713,0.7736623883247375,0.40231725573539734,0.030045476689934725,0.030841777712106704,0.70730065162443,0.19916917439495174,0.7288858277807329
mlp512x1,vogn,3,val,standard,,,standard,standard,mlp512x1|vogn|s3|val|standard,0.075,0.075,0.05,0.1,2000.0,50.0,0.5195,1.1794501543045044,0.6194947361946106,0.1767108737975359,0.17613860973715786,0.784268419124353,0.22129443804970605,0.6956386255310822
mlp512x1,vogn,3,val,standard,,,standard,standard,mlp512x1|vogn|s3|val|standard,0.075,0.075,0.05,0.15,2000.0,50.0,0.1835,2.751692771911621,1.1924461126327515,0.5398481931984425,0.5390710689872503,0.7502014940339845,0.2123403144909766,0.7225710675118698
mlp512x1,vogn,4,val,robust,0.08,0.25,robust_eps0p08_lam0p25,"robust ($\epsilon_{train}=0.08$, $\lambda=0.25$)",mlp512x1|vogn|s4|val|robust_eps0p08_lam0p25,0.075,0.075,0.05,0.01,2000.0,50.0,0.911,0.327970027923584,0.13553643226623535,0.02774219135940075,0.022347587734460852,0.3053409144984565,0.021292367464366566,0.9102356070383999
mlp512x1,vogn,4,val,robust,0.08,0.25,robust_eps0p08_lam0p25,"robust ($\epsilon_{train}=0.08$, $\lambda=0.25$)",mlp512x1|vogn|s4|val|robust_eps0p08_lam0p25,0.075,0.075,0.05,0.03,2000.0,50.0,0.855,0.5100756883621216,0.21334074437618256,0.03614478631317613,0.03875613337755204,0.39124281921947635,0.026952489751334872,0.8810334749744215
mlp512x1,vogn,4,val,robust,0.08,0.25,robust_eps0p08_lam0p25,"robust ($\epsilon_{train}=0.08$, $\lambda=0.25$)",mlp512x1|vogn|s4|val|robust_eps0p08_lam0p25,0.075,0.075,0.05,0.05,2000.0,50.0,0.7765,0.779430091381073,0.3257873058319092,0.08145366515219213,0.07751519915461541,0.47294471325475246,0.029873523525477987,0.8540151809289173
mlp512x1,vogn,4,val,robust,0.08,0.25,robust_eps0p08_lam0p25,"robust ($\epsilon_{train}=0.08$, $\lambda=0.25$)",mlp512x1|vogn|s4|val|robust_eps0p08_lam0p25,0.075,0.075,0.05,0.07,2000.0,50.0,0.694,1.1239246129989624,0.45194703340530396,0.14450295943766833,0.14450294890999799,0.5352298016311674,0.029805609405811537,0.8385029377530053
mlp512x1,vogn,4,val,robust,0.08,0.25,robust_eps0p08_lam0p25,"robust ($\epsilon_{train}=0.08$, $\lambda=0.25$)",mlp512x1|vogn|s4|val|robust_eps0p08_lam0p25,0.075,0.075,0.05,0.08,2000.0,50.0,0.653,1.3127448558807373,0.5167995095252991,0.17969790944457054,0.1796979056298733,0.5620716721271478,0.029579364407893445,0.8326978965617274
mlp512x1,vogn,4,val,robust,0.08,0.25,robust_eps0p08_lam0p25,"robust ($\epsilon_{train}=0.08$, $\lambda=0.25$)",mlp512x1|vogn|s4|val|robust_eps0p08_lam0p25,0.075,0.075,0.05,0.1,2000.0,50.0,0.584,1.7080490589141846,0.6391700506210327,0.2360108819007874,0.23601090568304062,0.6197879838005994,0.029434841547249374,0.8200108835125545
mlp512x1,vogn,4,val,robust,0.08,0.25,robust_eps0p08_lam0p25,"robust ($\epsilon_{train}=0.08$, $\lambda=0.25$)",mlp512x1|vogn|s4|val|robust_eps0p08_lam0p25,0.075,0.075,0.05,0.15,2000.0,50.0,0.3645,2.9239437580108643,0.9919785261154175,0.4162849556207656,0.41415248227119444,0.7847892219653432,0.03153439611201293,0.7786524822294353
mlp512x1,vogn,4,val,standard,,,standard,standard,mlp512x1|vogn|s4|val|standard,0.075,0.075,0.05,0.01,2000.0,50.0,0.9635,0.14937801659107208,0.06414761394262314,0.044580827727913885,0.044452304631471644,0.2616110956884116,0.07827337088317893,0.9190476891831634
mlp512x1,vogn,4,val,standard,,,standard,standard,mlp512x1|vogn|s4|val|standard,0.075,0.075,0.05,0.03,2000.0,50.0,0.9365,0.2362333983182907,0.10674089938402176,0.05754602967202664,0.056639673680067046,0.370242180101347,0.10840253605365581,0.8798603304853694
mlp512x1,vogn,4,val,standard,,,standard,standard,mlp512x1|vogn|s4|val|standard,0.075,0.075,0.05,0.05,2000.0,50.0,0.888,0.3749951422214508,0.17887423932552338,0.06470371833443639,0.06314746671915053,0.5063591614955035,0.14540582211615832,0.8248525343381641
mlp512x1,vogn,4,val,standard,,,standard,standard,mlp512x1|vogn|s4|val|standard,0.075,0.075,0.05,0.07,2000.0,50.0,0.8045,0.5913796424865723,0.2976538836956024,0.04894267228245736,0.0518978447765112,0.6506775450842611,0.18461071026569248,0.7581744466126192
mlp512x1,vogn,4,val,standard,,,standard,standard,mlp512x1|vogn|s4|val|standard,0.075,0.075,0.05,0.08,2000.0,50.0,0.733,0.7366217374801636,0.37853339314460754,0.033306530460715286,0.03315109860897065,0.7140333301379754,0.20180508428249358,0.7257825477411729
mlp512x1,vogn,4,val,standard,,,standard,standard,mlp512x1|vogn|s4|val|standard,0.075,0.075,0.05,0.1,2000.0,50.0,0.5425,1.1116719245910645,0.5782881379127502,0.14339929597824813,0.14339930485188962,0.8023269771112951,0.2255861817846822,0.6858993096739732
mlp512x1,vogn,4,val,standard,,,standard,standard,mlp512x1|vogn|s4|val|standard,0.075,0.075,0.05,0.15,2000.0,50.0,0.2005,2.585768938064575,1.1437199115753174,0.5087097918093204,0.508709793061018,0.7801575280074928,0.2186026970741686,0.709209779874969
