comparison_id,architecture,family,seed,eval_split,train_epsilon,rob_lam,robust_config_id,standard_model_id,robust_model_id,layer,metric,standard,robust,delta
/home/user/thesis/UncertaintyAndRobustnessInBNNs/runs/mlp512x1/bbb/seed0_eps0p08_lam0p25.json,mlp512x1,bbb,0,val,0.08,0.25,robust_eps0p08_lam0p25,mlp512x1|bbb|s0|val|standard,mlp512x1|bbb|s0|val|robust_eps0p08_lam0p25,0,relative_spread_mean,30113798144.0,9.233638763427734,-30113798134.76636
/home/user/thesis/UncertaintyAndRobustnessInBNNs/runs/mlp512x1/bbb/seed0_eps0p08_lam0p25.json,mlp512x1,bbb,0,val,0.08,0.25,robust_eps0p08_lam0p25,mlp512x1|bbb|s0|val|standard,mlp512x1|bbb|s0|val|robust_eps0p08_lam0p25,0,sigma_b_mean,0.04057905077934265,0.093751460313797,0.053172409534454346
/home/user/thesis/UncertaintyAndRobustnessInBNNs/runs/mlp512x1/bbb/seed0_eps0p08_lam0p25.json,mlp512x1,bbb,0,val,0.08,0.25,robust_eps0p08_lam0p25,mlp512x1|bbb|s0|val|standard,mlp512x1|bbb|s0|val|robust_eps0p08_lam0p25,0,sigma_w_max,0.2251405268907547,0.2029552459716797,-0.022185280919075012
/home/user/thesis/UncertaintyAndRobustnessInBNNs/runs/mlp512x1/bbb/seed0_eps0p08_lam0p25.json,mlp512x1,bbb,0,val,0.08,0.25,robust_eps0p08_lam0p25,mlp512x1|bbb|s0|val|standard,mlp512x1|bbb|s0|val|robust_eps0p08_lam0p25,0,sigma_w_mean,0.14294135570526123,0.1488528698682785,0.005911514163017273
/home/user/thesis/UncertaintyAndRobustnessInBNNs/runs/mlp512x1/bbb/seed0_eps0p08_lam0p25.json,mlp512x1,bbb,0,val,0.08,0.25,robust_eps0p08_lam0p25,mlp512x1|bbb|s0|val|standard,mlp512x1|bbb|s0|val|robust_eps0p08_lam0p25,0,sigma_w_median,0.1764848828315735,0.18553197383880615,0.009047091007232666
/home/user/thesis/UncertaintyAndRobustnessInBNNs/runs/mlp512x1/bbb/seed0_eps0p08_lam0p25.json,mlp512x1,bbb,0,val,0.08,0.25,robust_eps0p08_lam0p25,mlp512x1|bbb|s0|val|standard,mlp512x1|bbb|s0|val|robust_eps0p08_lam0p25,1,relative_spread_mean,1.6817481517791748,8.268596649169922,6.586848497390747
/home/user/thesis/UncertaintyAndRobustnessInBNNs/runs/mlp512x1/bbb/seed0_eps0p08_lam0p25.json,mlp512x1,bbb,0,val,0.08,0.25,robust_eps0p08_lam0p25,mlp512x1|bbb|s0|val|standard,mlp512x1|bbb|s0|val|robust_eps0p08_lam0p25,1,sigma_b_mean,0.012682619504630566,0.008741721510887146,-0.00394089799374342
/home/user/thesis/UncertaintyAndRobustnessInBNNs/runs/mlp512x1/bbb/seed0_eps0p08_lam0p25.json,mlp512x1,bbb,0,val,0.08,0.25,robust_eps0p08_lam0p25,mlp512x1|bbb|s0|val|standard,mlp512x1|bbb|s0|val|robust_eps0p08_lam0p25,1,sigma_w_max,0.1801474690437317,0.17674683034420013,-0.003400638699531555
/home/user/thesis/UncertaintyAndRobustnessInBNNs/runs/mlp512x1/bbb/seed0_eps0p08_lam0p25.json,mlp512x1,bbb,0,val,0.08,0.25,robust_eps0p08_lam0p25,mlp512x1|bbb|s0|val|standard,mlp512x1|bbb|s0|val|robust_eps0p08_lam0p25,1,sigma_w_mean,0.023632898926734924,0.041668422520160675,0.01803552359342575
/home/user/thesis/UncertaintyAndRobustnessInBNNs/runs/mlp512x1/bbb/seed0_eps0p08_lam0p25.json,mlp512x1,bbb,0,val,0.08,0.25,robust_eps0p08_lam0p25,mlp512x1|bbb|s0|val|standard,mlp512x1|bbb|s0|val|robust_eps0p08_lam0p25,1,sigma_w_median,0.019618365913629532,0.0385931096971035,0.01897474378347397
/home/user/thesis/UncertaintyAndRobustnessInBNNs/runs/mlp512x1/bbb/seed1_eps0p08_lam0p25.json,mlp512x1,bbb,1,val,0.08,0.25,robust_eps0p08_lam0p25,mlp512x1|bbb|s1|val|standard,mlp512x1|bbb|s1|val|robust_eps0p08_lam0p25,0,relative_spread_mean,29494960128.0,13.277091979980469,-29494960114.722908
/home/user/thesis/UncertaintyAndRobustnessInBNNs/runs/mlp512x1/bbb/seed1_eps0p08_lam0p25.json,mlp512x1,bbb,1,val,0.08,0.25,robust_eps0p08_lam0p25,mlp512x1|bbb|s1|val|standard,mlp512x1|bbb|s1|val|robust_eps0p08_lam0p25,0,sigma_b_mean,0.040133845061063766,0.0928594321012497,0.05272558704018593
/home/user/thesis/UncertaintyAndRobustnessInBNNs/runs/mlp512x1/bbb/seed1_eps0p08_lam0p25.json,mlp512x1,bbb,1,val,0.08,0.25,robust_eps0p08_lam0p25,mlp512x1|bbb|s1|val|standard,mlp512x1|bbb|s1|val|robust_eps0p08_lam0p25,0,sigma_w_max,0.22513797879219055,0.2019127607345581,-0.023225218057632446
/home/user/thesis/UncertaintyAndRobustnessInBNNs/runs/mlp512x1/bbb/seed1_eps0p08_lam0p25.json,mlp512x1,bbb,1,val,0.08,0.25,robust_eps0p08_lam0p25,mlp512x1|bbb|s1|val|standard,mlp512x1|bbb|s1|val|robust_eps0p08_lam0p25,0,sigma_w_mean,0.14273545145988464,0.14669929444789886,0.003963842988014221
/home/user/thesis/UncertaintyAndRobustnessInBNNs/runs/mlp512x1/bbb/seed1_eps0p08_lam0p25.json,mlp512x1,bbb,1,val,0.08,0.25,robust_eps0p08_lam0p25,mlp512x1|bbb|s1|val|standard,mlp512x1|bbb|s1|val|robust_eps0p08_lam0p25,0,sigma_w_median,0.17628264427185059,0.18533535301685333,0.009052708745002747
/home/user/thesis/UncertaintyAndRobustnessInBNNs/runs/mlp512x1/bbb/seed1_eps0p08_lam0p25.json,mlp512x1,bbb,1,val,0.08,0.25,robust_eps0p08_lam0p25,mlp512x1|bbb|s1|val|standard,mlp512x1|bbb|s1|val|robust_eps0p08_lam0p25,1,relative_spread_mean,1.5380027294158936,7.741808891296387,6.203806161880493
/home/user/thesis/UncertaintyAndRobustnessInBNNs/runs/mlp512x1/bbb/seed1_eps0p08_lam0p25.json,mlp512x1,bbb,1,val,0.08,0.25,robust_eps0p08_lam0p25,mlp512x1|bbb|s1|val|standard,mlp512x1|bbb|s1|val|robust_eps0p08_lam0p25,1,sigma_b_mean,0.012828722596168518,0.009000898338854313,-0.003827824257314205
/home/user/thesis/UncertaintyAndRobustnessInBNNs/runs/mlp512x1/bbb/seed1_eps0p08_lam0p25.json,mlp512x1,bbb,1,val,0.08,0.25,robust_eps0p08_lam0p25,mlp512x1|bbb|s1|val|standard,mlp512x1|bbb|s1|val|robust_eps0p08_lam0p25,1,sigma_w_max,0.19140557944774628,0.16435007750988007,-0.02705550193786621
/home/user/thesis/UncertaintyAndRobustnessInBNNs/runs/mlp512x1/bbb/seed1_eps0p08_lam0p25.json,mlp512x1,bbb,1,val,0.08,0.25,robust_eps0p08_lam0p25,mlp512x1|bbb|s1|val|standard,mlp512x1|bbb|s1|val|robust_eps0p08_lam0p25,1,sigma_w_mean,0.023461561650037766,0.04207912087440491,0.01861755922436714
/home/user/thesis/UncertaintyAndRobustnessInBNNs/runs/mlp512x1/bbb/seed1_eps0p08_lam0p25.json,mlp512x1,bbb,1,val,0.08,0.25,robust_eps0p08_lam0p25,mlp512x1|bbb|s1|val|standard,mlp512x1|bbb|s1|val|robust_eps0p08_lam0p25,1,sigma_w_median,0.019618714228272438,0.03927038982510567,0.01965167559683323
/home/user/thesis/UncertaintyAndRobustnessInBNNs/runs/mlp512x1/bbb/seed2_eps0p08_lam0p25.json,mlp512x1,bbb,2,val,0.08,0.25,robust_eps0p08_lam0p25,mlp512x1|bbb|s2|val|standard,mlp512x1|bbb|s2|val|robust_eps0p08_lam0p25,0,relative_spread_mean,29396373504.0,12.598231315612793,-29396373491.401768
/home/user/thesis/UncertaintyAndRobustnessInBNNs/runs/mlp512x1/bbb/seed2_eps0p08_lam0p25.json,mlp512x1,bbb,2,val,0.08,0.25,robust_eps0p08_lam0p25,mlp512x1|bbb|s2|val|standard,mlp512x1|bbb|s2|val|robust_eps0p08_lam0p25,0,sigma_b_mean,0.039277173578739166,0.09328000247478485,0.054002828896045685
/home/user/thesis/UncertaintyAndRobustnessInBNNs/runs/mlp512x1/bbb/seed2_eps0p08_lam0p25.json,mlp512x1,bbb,2,val,0.08,0.25,robust_eps0p08_lam0p25,mlp512x1|bbb|s2|val|standard,mlp512x1|bbb|s2|val|robust_eps0p08_lam0p25,0,sigma_w_max,0.22279490530490875,0.20241646468639374,-0.020378440618515015
/home/user/thesis/UncertaintyAndRobustnessInBNNs/runs/mlp512x1/bbb/seed2_eps0p08_lam0p25.json,mlp512x1,bbb,2,val,0.08,0.25,robust_eps0p08_lam0p25,mlp512x1|bbb|s2|val|standard,mlp512x1|bbb|s2|val|robust_eps0p08_lam0p25,0,sigma_w_mean,0.141963928937912,0.1482725292444229,0.006308600306510925
/home/user/thesis/UncertaintyAndRobustnessInBNNs/runs/mlp512x1/bbb/seed2_eps0p08_lam0p25.json,mlp512x1,bbb,2,val,0.08,0.25,robust_eps0p08_lam0p25,mlp512x1|bbb|s2|val|standard,mlp512x1|bbb|s2|val|robust_eps0p08_lam0p25,0,sigma_w_median,0.17426753044128418,0.1854526400566101,0.011185109615325928
/home/user/thesis/UncertaintyAndRobustnessInBNNs/runs/mlp512x1/bbb/seed2_eps0p08_lam0p25.json,mlp512x1,bbb,2,val,0.08,0.25,robust_eps0p08_lam0p25,mlp512x1|bbb|s2|val|standard,mlp512x1|bbb|s2|val|robust_eps0p08_lam0p25,1,relative_spread_mean,1.1858718395233154,9.453275680541992,8.267403841018677
/home/user/thesis/UncertaintyAndRobustnessInBNNs/runs/mlp512x1/bbb/seed2_eps0p08_lam0p25.json,mlp512x1,bbb,2,val,0.08,0.25,robust_eps0p08_lam0p25,mlp512x1|bbb|s2|val|standard,mlp512x1|bbb|s2|val|robust_eps0p08_lam0p25,1,sigma_b_mean,0.012820993550121784,0.008962337858974934,-0.0038586556911468506
/home/user/thesis/UncertaintyAndRobustnessInBNNs/runs/mlp512x1/bbb/seed2_eps0p08_lam0p25.json,mlp512x1,bbb,2,val,0.08,0.25,robust_eps0p08_lam0p25,mlp512x1|bbb|s2|val|standard,mlp512x1|bbb|s2|val|robust_eps0p08_lam0p25,1,sigma_w_max,0.1633893847465515,0.15367010235786438,-0.009719282388687134
/home/user/thesis/UncertaintyAndRobustnessInBNNs/runs/mlp512x1/bbb/seed2_eps0p08_lam0p25.json,mlp512x1,bbb,2,val,0.08,0.25,robust_eps0p08_lam0p25,mlp512x1|bbb|s2|val|standard,mlp512x1|bbb|s2|val|robust_eps0p08_lam0p25,1,sigma_w_mean,0.023209402337670326,0.041256897151470184,0.018047494813799858
/home/user/thesis/UncertaintyAndRobustnessInBNNs/runs/mlp512x1/bbb/seed2_eps0p08_lam0p25.json,mlp512x1,bbb,2,val,0.08,0.25,robust_eps0p08_lam0p25,mlp512x1|bbb|s2|val|standard,mlp512x1|bbb|s2|val|robust_eps0p08_lam0p25,1,sigma_w_median,0.019282959401607513,0.037486135959625244,0.01820317655801773
/home/user/thesis/UncertaintyAndRobustnessInBNNs/runs/mlp512x1/bbb/seed3_eps0p08_lam0p25.json,mlp512x1,bbb,3,val,0.08,0.25,robust_eps0p08_lam0p25,mlp512x1|bbb|s3|val|standard,mlp512x1|bbb|s3|val|robust_eps0p08_lam0p25,0,relative_spread_mean,30699327488.0,11.930892944335938,-30699327476.069107
/home/user/thesis/UncertaintyAndRobustnessInBNNs/runs/mlp512x1/bbb/seed3_eps0p08_lam0p25.json,mlp512x1,bbb,3,val,0.08,0.25,robust_eps0p08_lam0p25,mlp512x1|bbb|s3|val|standard,mlp512x1|bbb|s3|val|robust_eps0p08_lam0p25,0,sigma_b_mean,0.038882333785295486,0.09450360387563705,0.05562127009034157
/home/user/thesis/UncertaintyAndRobustnessInBNNs/runs/mlp512x1/bbb/seed3_eps0p08_lam0p25.json,mlp512x1,bbb,3,val,0.08,0.25,robust_eps0p08_lam0p25,mlp512x1|bbb|s3|val|standard,mlp512x1|bbb|s3|val|robust_eps0p08_lam0p25,0,sigma_w_max,0.21908734738826752,0.20309817790985107,-0.015989169478416443
/home/user/thesis/UncertaintyAndRobustnessInBNNs/runs/mlp512x1/bbb/seed3_eps0p08_lam0p25.json,mlp512x1,bbb,3,val,0.08,0.25,robust_eps0p08_lam0p25,mlp512x1|bbb|s3|val|standard,mlp512x1|bbb|s3|val|robust_eps0p08_lam0p25,0,sigma_w_mean,0.14198288321495056,0.14908051490783691,0.0070976316928863525
/home/user/thesis/UncertaintyAndRobustnessInBNNs/runs/mlp512x1/bbb/seed3_eps0p08_lam0p25.json,mlp512x1,bbb,3,val,0.08,0.25,robust_eps0p08_lam0p25,mlp512x1|bbb|s3|val|standard,mlp512x1|bbb|s3|val|robust_eps0p08_lam0p25,0,sigma_w_median,0.17407523095607758,0.1860722452402115,0.011997014284133911
/home/user/thesis/UncertaintyAndRobustnessInBNNs/runs/mlp512x1/bbb/seed3_eps0p08_lam0p25.json,mlp512x1,bbb,3,val,0.08,0.25,robust_eps0p08_lam0p25,mlp512x1|bbb|s3|val|standard,mlp512x1|bbb|s3|val|robust_eps0p08_lam0p25,1,relative_spread_mean,1.3449981212615967,8.467023849487305,7.122025728225708
/home/user/thesis/UncertaintyAndRobustnessInBNNs/runs/mlp512x1/bbb/seed3_eps0p08_lam0p25.json,mlp512x1,bbb,3,val,0.08,0.25,robust_eps0p08_lam0p25,mlp512x1|bbb|s3|val|standard,mlp512x1|bbb|s3|val|robust_eps0p08_lam0p25,1,sigma_b_mean,0.012592276558279991,0.009039743803441525,-0.0035525327548384666
/home/user/thesis/UncertaintyAndRobustnessInBNNs/runs/mlp512x1/bbb/seed3_eps0p08_lam0p25.json,mlp512x1,bbb,3,val,0.08,0.25,robust_eps0p08_lam0p25,mlp512x1|bbb|s3|val|standard,mlp512x1|bbb|s3|val|robust_eps0p08_lam0p25,1,sigma_w_max,0.2008039504289627,0.17090657353401184,-0.029897376894950867
/home/user/thesis/UncertaintyAndRobustnessInBNNs/runs/mlp512x1/bbb/seed3_eps0p08_lam0p25.json,mlp512x1,bbb,3,val,0.08,0.25,robust_eps0p08_lam0p25,mlp512x1|bbb|s3|val|standard,mlp512x1|bbb|s3|val|robust_eps0p08_lam0p25,1,sigma_w_mean,0.023377031087875366,0.043324895203113556,0.01994786411523819
/home/user/thesis/UncertaintyAndRobustnessInBNNs/runs/mlp512x1/bbb/seed3_eps0p08_lam0p25.json,mlp512x1,bbb,3,val,0.08,0.25,robust_eps0p08_lam0p25,mlp512x1|bbb|s3|val|standard,mlp512x1|bbb|s3|val|robust_eps0p08_lam0p25,1,sigma_w_median,0.019854096695780754,0.03973814472556114,0.019884048029780388
/home/user/thesis/UncertaintyAndRobustnessInBNNs/runs/mlp512x1/bbb/seed4_eps0p08_lam0p25.json,mlp512x1,bbb,4,val,0.08,0.25,robust_eps0p08_lam0p25,mlp512x1|bbb|s4|val|standard,mlp512x1|bbb|s4|val|robust_eps0p08_lam0p25,0,relative_spread_mean,30392719360.0,8.8161039352417,-30392719351.183895
/home/user/thesis/UncertaintyAndRobustnessInBNNs/runs/mlp512x1/bbb/seed4_eps0p08_lam0p25.json,mlp512x1,bbb,4,val,0.08,0.25,robust_eps0p08_lam0p25,mlp512x1|bbb|s4|val|standard,mlp512x1|bbb|s4|val|robust_eps0p08_lam0p25,0,sigma_b_mean,0.038627028465270996,0.09164290130138397,0.053015872836112976
/home/user/thesis/UncertaintyAndRobustnessInBNNs/runs/mlp512x1/bbb/seed4_eps0p08_lam0p25.json,mlp512x1,bbb,4,val,0.08,0.25,robust_eps0p08_lam0p25,mlp512x1|bbb|s4|val|standard,mlp512x1|bbb|s4|val|robust_eps0p08_lam0p25,0,sigma_w_max,0.22118812799453735,0.20307281613349915,-0.018115311861038208
/home/user/thesis/UncertaintyAndRobustnessInBNNs/runs/mlp512x1/bbb/seed4_eps0p08_lam0p25.json,mlp512x1,bbb,4,val,0.08,0.25,robust_eps0p08_lam0p25,mlp512x1|bbb|s4|val|standard,mlp512x1|bbb|s4|val|robust_eps0p08_lam0p25,0,sigma_w_mean,0.14182834327220917,0.147853285074234,0.006024941802024841
/home/user/thesis/UncertaintyAndRobustnessInBNNs/runs/mlp512x1/bbb/seed4_eps0p08_lam0p25.json,mlp512x1,bbb,4,val,0.08,0.25,robust_eps0p08_lam0p25,mlp512x1|bbb|s4|val|standard,mlp512x1|bbb|s4|val|robust_eps0p08_lam0p25,0,sigma_w_median,0.1738075315952301,0.18527473509311676,0.011467203497886658
/home/user/thesis/UncertaintyAndRobustnessInBNNs/runs/mlp512x1/bbb/seed4_eps0p08_lam0p25.json,mlp512x1,bbb,4,val,0.08,0.25,robust_eps0p08_lam0p25,mlp512x1|bbb|s4|val|standard,mlp512x1|bbb|s4|val|robust_eps0p08_lam0p25,1,relative_spread_mean,1.7094084024429321,20.497753143310547,18.788344740867615
/home/user/thesis/UncertaintyAndRobustnessInBNNs/runs/mlp512x1/bbb/seed4_eps0p08_lam0p25.json,mlp512x1,bbb,4,val,0.08,0.25,robust_eps0p08_lam0p25,mlp512x1|bbb|s4|val|standard,mlp512x1|bbb|s4|val|robust_eps0p08_lam0p25,1,sigma_b_mean,0.012515803799033165,0.009017430245876312,-0.0034983735531568527
/home/user/thesis/UncertaintyAndRobustnessInBNNs/runs/mlp512x1/bbb/seed4_eps0p08_lam0p25.json,mlp512x1,bbb,4,val,0.08,0.25,robust_eps0p08_lam0p25,mlp512x1|bbb|s4|val|standard,mlp512x1|bbb|s4|val|robust_eps0p08_lam0p25,1,sigma_w_max,0.1886916309595108,0.14566554129123688,-0.043026089668273926
/home/user/thesis/UncertaintyAndRobustnessInBNNs/runs/mlp512x1/bbb/seed4_eps0p08_lam0p25.json,mlp512x1,bbb,4,val,0.08,0.25,robust_eps0p08_lam0p25,mlp512x1|bbb|s4|val|standard,mlp512x1|bbb|s4|val|robust_eps0p08_lam0p25,1,sigma_w_mean,0.023375585675239563,0.041226036846637726,0.017850451171398163
/home/user/thesis/UncertaintyAndRobustnessInBNNs/runs/mlp512x1/bbb/seed4_eps0p08_lam0p25.json,mlp512x1,bbb,4,val,0.08,0.25,robust_eps0p08_lam0p25,mlp512x1|bbb|s4|val|standard,mlp512x1|bbb|s4|val|robust_eps0p08_lam0p25,1,sigma_w_median,0.019562801346182823,0.03871830180287361,0.01915550045669079
/home/user/thesis/UncertaintyAndRobustnessInBNNs/runs/mlp512x1/deterministic/seed0_eps0p08_lam0p25.json,mlp512x1,deterministic,0,val,0.08,0.25,robust_eps0p08_lam0p25,mlp512x1|deterministic|s0|val|standard,mlp512x1|deterministic|s0|val|robust_eps0p08_lam0p25,0,relative_spread_mean,0.0,0.0,0.0
/home/user/thesis/UncertaintyAndRobustnessInBNNs/runs/mlp512x1/deterministic/seed0_eps0p08_lam0p25.json,mlp512x1,deterministic,0,val,0.08,0.25,robust_eps0p08_lam0p25,mlp512x1|deterministic|s0|val|standard,mlp512x1|deterministic|s0|val|robust_eps0p08_lam0p25,0,sigma_b_mean,0.0,0.0,0.0
/home/user/thesis/UncertaintyAndRobustnessInBNNs/runs/mlp512x1/deterministic/seed0_eps0p08_lam0p25.json,mlp512x1,deterministic,0,val,0.08,0.25,robust_eps0p08_lam0p25,mlp512x1|deterministic|s0|val|standard,mlp512x1|deterministic|s0|val|robust_eps0p08_lam0p25,0,sigma_w_max,0.0,0.0,0.0
/home/user/thesis/UncertaintyAndRobustnessInBNNs/runs/mlp512x1/deterministic/seed0_eps0p08_lam0p25.json,mlp512x1,deterministic,0,val,0.08,0.25,robust_eps0p08_lam0p25,mlp512x1|deterministic|s0|val|standard,mlp512x1|deterministic|s0|val|robust_eps0p08_lam0p25,0,sigma_w_mean,0.0,0.0,0.0
/home/user/thesis/UncertaintyAndRobustnessInBNNs/runs/mlp512x1/deterministic/seed0_eps0p08_lam0p25.json,mlp512x1,deterministic,0,val,0.08,0.25,robust_eps0p08_lam0p25,mlp512x1|deterministic|s0|val|standard,mlp512x1|deterministic|s0|val|robust_eps0p08_lam0p25,0,sigma_w_median,0.0,0.0,0.0
/home/user/thesis/UncertaintyAndRobustnessInBNNs/runs/mlp512x1/deterministic/seed0_eps0p08_lam0p25.json,mlp512x1,deterministic,0,val,0.08,0.25,robust_eps0p08_lam0p25,mlp512x1|deterministic|s0|val|standard,mlp512x1|deterministic|s0|val|robust_eps0p08_lam0p25,1,relative_spread_mean,0.0,0.0,0.0
/home/user/thesis/UncertaintyAndRobustnessInBNNs/runs/mlp512x1/deterministic/seed0_eps0p08_lam0p25.json,mlp512x1,deterministic,0,val,0.08,0.25,robust_eps0p08_lam0p25,mlp512x1|deterministic|s0|val|standard,mlp512x1|deterministic|s0|val|robust_eps0p08_lam0p25,1,sigma_b_mean,0.0,0.0,0.0
/home/user/thesis/UncertaintyAndRobustnessInBNNs/runs/mlp512x1/deterministic/seed0_eps0p08_lam0p25.json,mlp512x1,deterministic,0,val,0.08,0.25,robust_eps0p08_lam0p25,mlp512x1|deterministic|s0|val|standard,mlp512x1|deterministic|s0|val|robust_eps0p08_lam0p25,1,sigma_w_max,0.0,0.0,0.0
/home/user/thesis/UncertaintyAndRobustnessInBNNs/runs/mlp512x1/deterministic/seed0_eps0p08_lam0p25.json,mlp512x1,deterministic,0,val,0.08,0.25,robust_eps0p08_lam0p25,mlp512x1|deterministic|s0|val|standard,mlp512x1|deterministic|s0|val|robust_eps0p08_lam0p25,1,sigma_w_mean,0.0,0.0,0.0
/home/user/thesis/UncertaintyAndRobustnessInBNNs/runs/mlp512x1/deterministic/seed0_eps0p08_lam0p25.json,mlp512x1,deterministic,0,val,0.08,0.25,robust_eps0p08_lam0p25,mlp512x1|deterministic|s0|val|standard,mlp512x1|deterministic|s0|val|robust_eps0p08_lam0p25,1,sigma_w_median,0.0,0.0,0.0
/home/user/thesis/UncertaintyAndRobustnessInBNNs/runs/mlp512x1/deterministic/seed1_eps0p08_lam0p25.json,mlp512x1,deterministic,1,val,0.08,0.25,robust_eps0p08_lam0p25,mlp512x1|deterministic|s1|val|standard,mlp512x1|deterministic|s1|val|robust_eps0p08_lam0p25,0,relative_spread_mean,0.0,0.0,0.0
/home/user/thesis/UncertaintyAndRobustnessInBNNs/runs/mlp512x1/deterministic/seed1_eps0p08_lam0p25.json,mlp512x1,deterministic,1,val,0.08,0.25,robust_eps0p08_lam0p25,mlp512x1|deterministic|s1|val|standard,mlp512x1|deterministic|s1|val|robust_eps0p08_lam0p25,0,sigma_b_mean,0.0,0.0,0.0
/home/user/thesis/UncertaintyAndRobustnessInBNNs/runs/mlp512x1/deterministic/seed1_eps0p08_lam0p25.json,mlp512x1,deterministic,1,val,0.08,0.25,robust_eps0p08_lam0p25,mlp512x1|deterministic|s1|val|standard,mlp512x1|deterministic|s1|val|robust_eps0p08_lam0p25,0,sigma_w_max,0.0,0.0,0.0
/home/user/thesis/UncertaintyAndRobustnessInBNNs/runs/mlp512x1/deterministic/seed1_eps0p08_lam0p25.json,mlp512x1,deterministic,1,val,0.08,0.25,robust_eps0p08_lam0p25,mlp512x1|deterministic|s1|val|standard,mlp512x1|deterministic|s1|val|robust_eps0p08_lam0p25,0,sigma_w_mean,0.0,0.0,0.0
/home/user/thesis/UncertaintyAndRobustnessInBNNs/runs/mlp512x1/deterministic/seed1_eps0p08_lam0p25.json,mlp512x1,deterministic,1,val,0.08,0.25,robust_eps0p08_lam0p25,mlp512x1|deterministic|s1|val|standard,mlp512x1|deterministic|s1|val|robust_eps0p08_lam0p25,0,sigma_w_median,0.0,0.0,0.0
/home/user/thesis/UncertaintyAndRobustnessInBNNs/runs/mlp512x1/deterministic/seed1_eps0p08_lam0p25.json,mlp512x1,deterministic,1,val,0.08,0.25,robust_eps0p08_lam0p25,mlp512x1|deterministic|s1|val|standard,mlp512x1|deterministic|s1|val|robust_eps0p08_lam0p25,1,relative_spread_mean,0.0,0.0,0.0
/home/user/thesis/UncertaintyAndRobustnessInBNNs/runs/mlp512x1/deterministic/seed1_eps0p08_lam0p25.json,mlp512x1,deterministic,1,val,0.08,0.25,robust_eps0p08_lam0p25,mlp512x1|deterministic|s1|val|standard,mlp512x1|deterministic|s1|val|robust_eps0p08_lam0p25,1,sigma_b_mean,0.0,0.0,0.0
/home/user/thesis/UncertaintyAndRobustnessInBNNs/runs/mlp512x1/deterministic/seed1_eps0p08_lam0p25.json,mlp512x1,deterministic,1,val,0.08,0.25,robust_eps0p08_lam0p25,mlp512x1|deterministic|s1|val|standard,mlp512x1|deterministic|s1|val|robust_eps0p08_lam0p25,1,sigma_w_max,0.0,0.0,0.0
/home/user/thesis/UncertaintyAndRobustnessInBNNs/runs/mlp512x1/deterministic/seed1_eps0p08_lam0p25.json,mlp512x1,deterministic,1,val,0.08,0.25,robust_eps0p08_lam0p25,mlp512x1|deterministic|s1|val|standard,mlp512x1|deterministic|s1|val|robust_eps0p08_lam0p25,1,sigma_w_mean,0.0,0.0,0.0
/home/user/thesis/UncertaintyAndRobustnessInBNNs/runs/mlp512x1/deterministic/seed1_eps0p08_lam0p25.json,mlp512x1,deterministic,1,val,0.08,0.25,robust_eps0p08_lam0p25,mlp512x1|deterministic|s1|val|standard,mlp512x1|deterministic|s1|val|robust_eps0p08_lam0p25,1,sigma_w_median,0.0,0.0,0.0
/home/user/thesis/UncertaintyAndRobustnessInBNNs/runs/mlp512x1/deterministic/seed2_eps0p08_lam0p25.json,mlp512x1,deterministic,2,val,0.08,0.25,robust_eps0p08_lam0p25,mlp512x1|deterministic|s2|val|standard,mlp512x1|deterministic|s2|val|robust_eps0p08_lam0p25,0,relative_spread_mean,0.0,0.0,0.0
/home/user/thesis/UncertaintyAndRobustnessInBNNs/runs/mlp512x1/deterministic/seed2_eps0p08_lam0p25.json,mlp512x1,deterministic,2,val,0.08,0.25,robust_eps0p08_lam0p25,mlp512x1|deterministic|s2|val|standard,mlp512x1|deterministic|s2|val|robust_eps0p08_lam0p25,0,sigma_b_mean,0.0,0.0,0.0
/home/user/thesis/UncertaintyAndRobustnessInBNNs/runs/mlp512x1/deterministic/seed2_eps0p08_lam0p25.json,mlp512x1,deterministic,2,val,0.08,0.25,robust_eps0p08_lam0p25,mlp512x1|deterministic|s2|val|standard,mlp512x1|deterministic|s2|val|robust_eps0p08_lam0p25,0,sigma_w_max,0.0,0.0,0.0
/home/user/thesis/UncertaintyAndRobustnessInBNNs/runs/mlp512x1/deterministic/seed2_eps0p08_lam0p25.json,mlp512x1,deterministic,2,val,0.08,0.25,robust_eps0p08_lam0p25,mlp512x1|deterministic|s2|val|standard,mlp512x1|deterministic|s2|val|robust_eps0p08_lam0p25,0,sigma_w_mean,0.0,0.0,0.0
/home/user/thesis/UncertaintyAndRobustnessInBNNs/runs/mlp512x1/deterministic/seed2_eps0p08_lam0p25.json,mlp512x1,deterministic,2,val,0.08,0.25,robust_eps0p08_lam0p25,mlp512x1|deterministic|s2|val|standard,mlp512x1|deterministic|s2|val|robust_eps0p08_lam0p25,0,sigma_w_median,0.0,0.0,0.0
/home/user/thesis/UncertaintyAndRobustnessInBNNs/runs/mlp512x1/deterministic/seed2_eps0p08_lam0p25.json,mlp512x1,deterministic,2,val,0.08,0.25,robust_eps0p08_lam0p25,mlp512x1|deterministic|s2|val|standard,mlp512x1|deterministic|s2|val|robust_eps0p08_lam0p25,1,relative_spread_mean,0.0,0.0,0.0
/home/user/thesis/UncertaintyAndRobustnessInBNNs/runs/mlp512x1/deterministic/seed2_eps0p08_lam0p25.json,mlp512x1,deterministic,2,val,0.08,0.25,robust_eps0p08_lam0p25,mlp512x1|deterministic|s2|val|standard,mlp512x1|deterministic|s2|val|robust_eps0p08_lam0p25,1,sigma_b_mean,0.0,0.0,0.0
/home/user/thesis/UncertaintyAndRobustnessInBNNs/runs/mlp512x1/deterministic/seed2_eps0p08_lam0p25.json,mlp512x1,deterministic,2,val,0.08,0.25,robust_eps0p08_lam0p25,mlp512x1|deterministic|s2|val|standard,mlp512x1|deterministic|s2|val|robust_eps0p08_lam0p25,1,sigma_w_max,0.0,0.0,0.0
/home/user/thesis/UncertaintyAndRobustnessInBNNs/runs/mlp512x1/deterministic/seed2_eps0p08_lam0p25.json,mlp512x1,deterministic,2,val,0.08,0.25,robust_eps0p08_lam0p25,mlp512x1|deterministic|s2|val|standard,mlp512x1|deterministic|s2|val|robust_eps0p08_lam0p25,1,sigma_w_mean,0.0,0.0,0.0
/home/user/thesis/UncertaintyAndRobustnessInBNNs/runs/mlp512x1/deterministic/seed2_eps0p08_lam0p25.json,mlp512x1,deterministic,2,val,0.08,0.25,robust_eps0p08_lam0p25,mlp512x1|deterministic|s2|val|standard,mlp512x1|deterministic|s2|val|robust_eps0p08_lam0p25,1,sigma_w_median,0.0,0.0,0.0
/home/user/thesis/UncertaintyAndRobustnessInBNNs/runs/mlp512x1/deterministic/seed3_eps0p08_lam0p25.json,mlp512x1,deterministic,3,val,0.08,0.25,robust_eps0p08_lam0p25,mlp512x1|deterministic|s3|val|standard,mlp512x1|deterministic|s3|val|robust_eps0p08_lam0p25,0,relative_spread_mean,0.0,0.0,0.0
/home/user/thesis/UncertaintyAndRobustnessInBNNs/runs/mlp512x1/deterministic/seed3_eps0p08_lam0p25.json,mlp512x1,deterministic,3,val,0.08,0.25,robust_eps0p08_lam0p25,mlp512x1|deterministic|s3|val|standard,mlp512x1|deterministic|s3|val|robust_eps0p08_lam0p25,0,sigma_b_mean,0.0,0.0,0.0
/home/user/thesis/UncertaintyAndRobustnessInBNNs/runs/mlp512x1/deterministic/seed3_eps0p08_lam0p25.json,mlp512x1,deterministic,3,val,0.08,0.25,robust_eps0p08_lam0p25,mlp512x1|deterministic|s3|val|standard,mlp512x1|deterministic|s3|val|robust_eps0p08_lam0p25,0,sigma_w_max,0.0,0.0,0.0
/home/user/thesis/UncertaintyAndRobustnessInBNNs/runs/mlp512x1/deterministic/seed3_eps0p08_lam0p25.json,mlp512x1,deterministic,3,val,0.08,0.25,robust_eps0p08_lam0p25,mlp512x1|deterministic|s3|val|standard,mlp512x1|deterministic|s3|val|robust_eps0p08_lam0p25,0,sigma_w_mean,0.0,0.0,0.0
/home/user/thesis/UncertaintyAndRobustnessInBNNs/runs/mlp512x1/deterministic/seed3_eps0p08_lam0p25.json,mlp512x1,deterministic,3,val,0.08,0.25,robust_eps0p08_lam0p25,mlp512x1|deterministic|s3|val|standard,mlp512x1|deterministic|s3|val|robust_eps0p08_lam0p25,0,sigma_w_median,0.0,0.0,0.0
/home/user/thesis/UncertaintyAndRobustnessInBNNs/runs/mlp512x1/deterministic/seed3_eps0p08_lam0p25.json,mlp512x1,deterministic,3,val,0.08,0.25,robust_eps0p08_lam0p25,mlp512x1|deterministic|s3|val|standard,mlp512x1|deterministic|s3|val|robust_eps0p08_lam0p25,1,relative_spread_mean,0.0,0.0,0.0
/home/user/thesis/UncertaintyAndRobustnessInBNNs/runs/mlp512x1/deterministic/seed3_eps0p08_lam0p25.json,mlp512x1,deterministic,3,val,0.08,0.25,robust_eps0p08_lam0p25,mlp512x1|deterministic|s3|val|standard,mlp512x1|deterministic|s3|val|robust_eps0p08_lam0p25,1,sigma_b_mean,0.0,0.0,0.0
/home/user/thesis/UncertaintyAndRobustnessInBNNs/runs/mlp512x1/deterministic/seed3_eps0p08_lam0p25.json,mlp512x1,deterministic,3,val,0.08,0.25,robust_eps0p08_lam0p25,mlp512x1|deterministic|s3|val|standard,mlp512x1|deterministic|s3|val|robust_eps0p08_lam0p25,1,sigma_w_max,0.0,0.0,0.0
/home/user/thesis/UncertaintyAndRobustnessInBNNs/runs/mlp512x1/deterministic/seed3_eps0p08_lam0p25.json,mlp512x1,deterministic,3,val,0.08,0.25,robust_eps0p08_lam0p25,mlp512x1|deterministic|s3|val|standard,mlp512x1|deterministic|s3|val|robust_eps0p08_lam0p25,1,sigma_w_mean,0.0,0.0,0.0
/home/user/thesis/UncertaintyAndRobustnessInBNNs/runs/mlp512x1/deterministic/seed3_eps0p08_lam0p25.json,mlp512x1,deterministic,3,val,0.08,0.25,robust_eps0p08_lam0p25,mlp512x1|deterministic|s3|val|standard,mlp512x1|deterministic|s3|val|robust_eps0p08_lam0p25,1,sigma_w_median,0.0,0.0,0.0
/home/user/thesis/UncertaintyAndRobustnessInBNNs/runs/mlp512x1/deterministic/seed4_eps0p08_lam0p25.json,mlp512x1,deterministic,4,val,0.08,0.25,robust_eps0p08_lam0p25,mlp512x1|deterministic|s4|val|standard,mlp512x1|deterministic|s4|val|robust_eps0p08_lam0p25,0,relative_spread_mean,0.0,0.0,0.0
/home/user/thesis/UncertaintyAndRobustnessInBNNs/runs/mlp512x1/deterministic/seed4_eps0p08_lam0p25.json,mlp512x1,deterministic,4,val,0.08,0.25,robust_eps0p08_lam0p25,mlp512x1|deterministic|s4|val|standard,mlp512x1|deterministic|s4|val|robust_eps0p08_lam0p25,0,sigma_b_mean,0.0,0.0,0.0
/home/user/thesis/UncertaintyAndRobustnessInBNNs/runs/mlp512x1/deterministic/seed4_eps0p08_lam0p25.json,mlp512x1,deterministic,4,val,0.08,0.25,robust_eps0p08_lam0p25,mlp512x1|deterministic|s4|val|standard,mlp512x1|deterministic|s4|val|robust_eps0p08_lam0p25,0,sigma_w_max,0.0,0.0,0.0
/home/user/thesis/UncertaintyAndRobustnessInBNNs/runs/mlp512x1/deterministic/seed4_eps0p08_lam0p25.json,mlp512x1,deterministic,4,val,0.08,0.25,robust_eps0p08_lam0p25,mlp512x1|deterministic|s4|val|standard,mlp512x1|deterministic|s4|val|robust_eps0p08_lam0p25,0,sigma_w_mean,0.0,0.0,0.0
/home/user/thesis/UncertaintyAndRobustnessInBNNs/runs/mlp512x1/deterministic/seed4_eps0p08_lam0p25.json,mlp512x1,deterministic,4,val,0.08,0.25,robust_eps0p08_lam0p25,mlp512x1|deterministic|s4|val|standard,mlp512x1|deterministic|s4|val|robust_eps0p08_lam0p25,0,sigma_w_median,0.0,0.0,0.0
/home/user/thesis/UncertaintyAndRobustnessInBNNs/runs/mlp512x1/deterministic/seed4_eps0p08_lam0p25.json,mlp512x1,deterministic,4,val,0.08,0.25,robust_eps0p08_lam0p25,mlp512x1|deterministic|s4|val|standard,mlp512x1|deterministic|s4|val|robust_eps0p08_lam0p25,1,relative_spread_mean,0.0,0.0,0.0
/home/user/thesis/UncertaintyAndRobustnessInBNNs/runs/mlp512x1/deterministic/seed4_eps0p08_lam0p25.json,mlp512x1,deterministic,4,val,0.08,0.25,robust_eps0p08_lam0p25,mlp512x1|deterministic|s4|val|standard,mlp512x1|deterministic|s4|val|robust_eps0p08_lam0p25,1,sigma_b_mean,0.0,0.0,0.0
/home/user/thesis/UncertaintyAndRobustnessInBNNs/runs/mlp512x1/deterministic/seed4_eps0p08_lam0p25.json,mlp512x1,deterministic,4,val,0.08,0.25,robust_eps0p08_lam0p25,mlp512x1|deterministic|s4|val|standard,mlp512x1|deterministic|s4|val|robust_eps0p08_lam0p25,1,sigma_w_max,0.0,0.0,0.0
/home/user/thesis/UncertaintyAndRobustnessInBNNs/runs/mlp512x1/deterministic/seed4_eps0p08_lam0p25.json,mlp512x1,deterministic,4,val,0.08,0.25,robust_eps0p08_lam0p25,mlp512x1|deterministic|s4|val|standard,mlp512x1|deterministic|s4|val|robust_eps0p08_lam0p25,1,sigma_w_mean,0.0,0.0,0.0
/home/user/thesis/UncertaintyAndRobustnessInBNNs/runs/mlp512x1/deterministic/seed4_eps0p08_lam0p25.json,mlp512x1,deterministic,4,val,0.08,0.25,robust_eps0p08_lam0p25,mlp512x1|deterministic|s4|val|standard,mlp512x1|deterministic|s4|val|robust_eps0p08_lam0p25,1,sigma_w_median,0.0,0.0,0.0
/home/user/thesis/UncertaintyAndRobustnessInBNNs/runs/mlp512x1/mc_dropout/seed0_eps0p08_lam0p25.json,mlp512x1,mc_dropout,0,val,0.08,0.25,robust_eps0p08_lam0p25,mlp512x1|mc_dropout|s0|val|standard,mlp512x1|mc_dropout|s0|val|robust_eps0p08_lam0p25,0,relative_spread_mean,0.0,0.0,0.0
/home/user/thesis/UncertaintyAndRobustnessInBNNs/runs/mlp512x1/mc_dropout/seed0_eps0p08_lam0p25.json,mlp512x1,mc_dropout,0,val,0.08,0.25,robust_eps0p08_lam0p25,mlp512x1|mc_dropout|s0|val|standard,mlp512x1|mc_dropout|s0|val|robust_eps0p08_lam0p25,0,sigma_b_mean,0.0,0.0,0.0
/home/user/thesis/UncertaintyAndRobustnessInBNNs/runs/mlp512x1/mc_dropout/seed0_eps0p08_lam0p25.json,mlp512x1,mc_dropout,0,val,0.08,0.25,robust_eps0p08_lam0p25,mlp512x1|mc_dropout|s0|val|standard,mlp512x1|mc_dropout|s0|val|robust_eps0p08_lam0p25,0,sigma_w_max,0.0,0.0,0.0
/home/user/thesis/UncertaintyAndRobustnessInBNNs/runs/mlp512x1/mc_dropout/seed0_eps0p08_lam0p25.json,mlp512x1,mc_dropout,0,val,0.08,0.25,robust_eps0p08_lam0p25,mlp512x1|mc_dropout|s0|val|standard,mlp512x1|mc_dropout|s0|val|robust_eps0p08_lam0p25,0,sigma_w_mean,0.0,0.0,0.0
/home/user/thesis/UncertaintyAndRobustnessInBNNs/runs/mlp512x1/mc_dropout/seed0_eps0p08_lam0p25.json,mlp512x1,mc_dropout,0,val,0.08,0.25,robust_eps0p08_lam0p25,mlp512x1|mc_dropout|s0|val|standard,mlp512x1|mc_dropout|s0|val|robust_eps0p08_lam0p25,0,sigma_w_median,0.0,0.0,0.0
/home/user/thesis/UncertaintyAndRobustnessInBNNs/runs/mlp512x1/mc_dropout/seed0_eps0p08_lam0p25.json,mlp512x1,mc_dropout,0,val,0.08,0.25,robust_eps0p08_lam0p25,mlp512x1|mc_dropout|s0|val|standard,mlp512x1|mc_dropout|s0|val|robust_eps0p08_lam0p25,1,relative_spread_mean,0.816496580927726,0.816496580927726,0.0
/home/user/thesis/UncertaintyAndRobustnessInBNNs/runs/mlp512x1/mc_dropout/seed0_eps0p08_lam0p25.json,mlp512x1,mc_dropout,0,val,0.08,0.25,robust_eps0p08_lam0p25,mlp512x1|mc_dropout|s0|val|standard,mlp512x1|mc_dropout|s0|val|robust_eps0p08_lam0p25,1,sigma_b_mean,0.0,0.0,0.0
/home/user/thesis/UncertaintyAndRobustnessInBNNs/runs/mlp512x1/mc_dropout/seed0_eps0p08_lam0p25.json,mlp512x1,mc_dropout,0,val,0.08,0.25,robust_eps0p08_lam0p25,mlp512x1|mc_dropout|s0|val|standard,mlp512x1|mc_dropout|s0|val|robust_eps0p08_lam0p25,1,sigma_w_max,0.7359419465065002,1.457191824913025,0.7212498784065247
/home/user/thesis/UncertaintyAndRobustnessInBNNs/runs/mlp512x1/mc_dropout/seed0_eps0p08_lam0p25.json,mlp512x1,mc_dropout,0,val,0.08,0.25,robust_eps0p08_lam0p25,mlp512x1|mc_dropout|s0|val|standard,mlp512x1|mc_dropout|s0|val|robust_eps0p08_lam0p25,1,sigma_w_mean,0.1387718915939331,0.14041200280189514,0.0016401112079620361
/home/user/thesis/UncertaintyAndRobustnessInBNNs/runs/mlp512x1/mc_dropout/seed0_eps0p08_lam0p25.json,mlp512x1,mc_dropout,0,val,0.08,0.25,robust_eps0p08_lam0p25,mlp512x1|mc_dropout|s0|val|standard,mlp512x1|mc_dropout|s0|val|robust_eps0p08_lam0p25,1,sigma_w_median,0.1020141988992691,0.0029113751370459795,-0.09910282376222312
/home/user/thesis/UncertaintyAndRobustnessInBNNs/runs/mlp512x1/mc_dropout/seed1_eps0p08_lam0p25.json,mlp512x1,mc_dropout,1,val,0.08,0.25,robust_eps0p08_lam0p25,mlp512x1|mc_dropout|s1|val|standard,mlp512x1|mc_dropout|s1|val|robust_eps0p08_lam0p25,0,relative_spread_mean,0.0,0.0,0.0
/home/user/thesis/UncertaintyAndRobustnessInBNNs/runs/mlp512x1/mc_dropout/seed1_eps0p08_lam0p25.json,mlp512x1,mc_dropout,1,val,0.08,0.25,robust_eps0p08_lam0p25,mlp512x1|mc_dropout|s1|val|standard,mlp512x1|mc_dropout|s1|val|robust_eps0p08_lam0p25,0,sigma_b_mean,0.0,0.0,0.0
/home/user/thesis/UncertaintyAndRobustnessInBNNs/runs/mlp512x1/mc_dropout/seed1_eps0p08_lam0p25.json,mlp512x1,mc_dropout,1,val,0.08,0.25,robust_eps0p08_lam0p25,mlp512x1|mc_dropout|s1|val|standard,mlp512x1|mc_dropout|s1|val|robust_eps0p08_lam0p25,0,sigma_w_max,0.0,0.0,0.0
/home/user/thesis/UncertaintyAndRobustnessInBNNs/runs/mlp512x1/mc_dropout/seed1_eps0p08_lam0p25.json,mlp512x1,mc_dropout,1,val,0.08,0.25,robust_eps0p08_lam0p25,mlp512x1|mc_dropout|s1|val|standard,mlp512x1|mc_dropout|s1|val|robust_eps0p08_lam0p25,0,sigma_w_mean,0.0,0.0,0.0
/home/user/thesis/UncertaintyAndRobustnessInBNNs/runs/mlp512x1/mc_dropout/seed1_eps0p08_lam0p25.json,mlp512x1,mc_dropout,1,val,0.08,0.25,robust_eps0p08_lam0p25,mlp512x1|mc_dropout|s1|val|standard,mlp512x1|mc_dropout|s1|val|robust_eps0p08_lam0p25,0,sigma_w_median,0.0,0.0,0.0
/home/user/thesis/UncertaintyAndRobustnessInBNNs/runs/mlp512x1/mc_dropout/seed1_eps0p08_lam0p25.json,mlp512x1,mc_dropout,1,val,0.08,0.25,robust_eps0p08_lam0p25,mlp512x1|mc_dropout|s1|val|standard,mlp512x1|mc_dropout|s1|val|robust_eps0p08_lam0p25,1,relative_spread_mean,0.816496580927726,0.816496580927726,0.0
/home/user/thesis/UncertaintyAndRobustnessInBNNs/runs/mlp512x1/mc_dropout/seed1_eps0p08_lam0p25.json,mlp512x1,mc_dropout,1,val,0.08,0.25,robust_eps0p08_lam0p25,mlp512x1|mc_dropout|s1|val|standard,mlp512x1|mc_dropout|s1|val|robust_eps0p08_lam0p25,1,sigma_b_mean,0.0,0.0,0.0
/home/user/thesis/UncertaintyAndRobustnessInBNNs/runs/mlp512x1/mc_dropout/seed1_eps0p08_lam0p25.json,mlp512x1,mc_dropout,1,val,0.08,0.25,robust_eps0p08_lam0p25,mlp512x1|mc_dropout|s1|val|standard,mlp512x1|mc_dropout|s1|val|robust_eps0p08_lam0p25,1,sigma_w_max,0.7350780367851257,1.4614464044570923,0.7263683676719666
/home/user/thesis/UncertaintyAndRobustnessInBNNs/runs/mlp512x1/mc_dropout/seed1_eps0p08_lam0p25.json,mlp512x1,mc_dropout,1,val,0.08,0.25,robust_eps0p08_lam0p25,mlp512x1|mc_dropout|s1|val|standard,mlp512x1|mc_dropout|s1|val|robust_eps0p08_lam0p25,1,sigma_w_mean,0.13966244459152222,0.1393158733844757,-0.0003465712070465088
/home/user/thesis/UncertaintyAndRobustnessInBNNs/runs/mlp512x1/mc_dropout/seed1_eps0p08_lam0p25.json,mlp512x1,mc_dropout,1,val,0.08,0.25,robust_eps0p08_lam0p25,mlp512x1|mc_dropout|s1|val|standard,mlp512x1|mc_dropout|s1|val|robust_eps0p08_lam0p25,1,sigma_w_median,0.10383060574531555,0.0026931054890155792,-0.10113750025629997
/home/user/thesis/UncertaintyAndRobustnessInBNNs/runs/mlp512x1/mc_dropout/seed2_eps0p08_lam0p25.json,mlp512x1,mc_dropout,2,val,0.08,0.25,robust_eps0p08_lam0p25,mlp512x1|mc_dropout|s2|val|standard,mlp512x1|mc_dropout|s2|val|robust_eps0p08_lam0p25,0,relative_spread_mean,0.0,0.0,0.0
/home/user/thesis/UncertaintyAndRobustnessInBNNs/runs/mlp512x1/mc_dropout/seed2_eps0p08_lam0p25.json,mlp512x1,mc_dropout,2,val,0.08,0.25,robust_eps0p08_lam0p25,mlp512x1|mc_dropout|s2|val|standard,mlp512x1|mc_dropout|s2|val|robust_eps0p08_lam0p25,0,sigma_b_mean,0.0,0.0,0.0
/home/user/thesis/UncertaintyAndRobustnessInBNNs/runs/mlp512x1/mc_dropout/seed2_eps0p08_lam0p25.json,mlp512x1,mc_dropout,2,val,0.08,0.25,robust_eps0p08_lam0p25,mlp512x1|mc_dropout|s2|val|standard,mlp512x1|mc_dropout|s2|val|robust_eps0p08_lam0p25,0,sigma_w_max,0.0,0.0,0.0
/home/user/thesis/UncertaintyAndRobustnessInBNNs/runs/mlp512x1/mc_dropout/seed2_eps0p08_lam0p25.json,mlp512x1,mc_dropout,2,val,0.08,0.25,robust_eps0p08_lam0p25,mlp512x1|mc_dropout|s2|val|standard,mlp512x1|mc_dropout|s2|val|robust_eps0p08_lam0p25,0,sigma_w_mean,0.0,0.0,0.0
/home/user/thesis/UncertaintyAndRobustnessInBNNs/runs/mlp512x1/mc_dropout/seed2_eps0p08_lam0p25.json,mlp512x1,mc_dropout,2,val,0.08,0.25,robust_eps0p08_lam0p25,mlp512x1|mc_dropout|s2|val|standard,mlp512x1|mc_dropout|s2|val|robust_eps0p08_lam0p25,0,sigma_w_median,0.0,0.0,0.0
/home/user/thesis/UncertaintyAndRobustnessInBNNs/runs/mlp512x1/mc_dropout/seed2_eps0p08_lam0p25.json,mlp512x1,mc_dropout,2,val,0.08,0.25,robust_eps0p08_lam0p25,mlp512x1|mc_dropout|s2|val|standard,mlp512x1|mc_dropout|s2|val|robust_eps0p08_lam0p25,1,relative_spread_mean,0.816496580927726,0.816496580927726,0.0
/home/user/thesis/UncertaintyAndRobustnessInBNNs/runs/mlp512x1/mc_dropout/seed2_eps0p08_lam0p25.json,mlp512x1,mc_dropout,2,val,0.08,0.25,robust_eps0p08_lam0p25,mlp512x1|mc_dropout|s2|val|standard,mlp512x1|mc_dropout|s2|val|robust_eps0p08_lam0p25,1,sigma_b_mean,0.0,0.0,0.0
/home/user/thesis/UncertaintyAndRobustnessInBNNs/runs/mlp512x1/mc_dropout/seed2_eps0p08_lam0p25.json,mlp512x1,mc_dropout,2,val,0.08,0.25,robust_eps0p08_lam0p25,mlp512x1|mc_dropout|s2|val|standard,mlp512x1|mc_dropout|s2|val|robust_eps0p08_lam0p25,1,sigma_w_max,0.733442485332489,1.501650094985962,0.7682076096534729
/home/user/thesis/UncertaintyAndRobustnessInBNNs/runs/mlp512x1/mc_dropout/seed2_eps0p08_lam0p25.json,mlp512x1,mc_dropout,2,val,0.08,0.25,robust_eps0p08_lam0p25,mlp512x1|mc_dropout|s2|val|standard,mlp512x1|mc_dropout|s2|val|robust_eps0p08_lam0p25,1,sigma_w_mean,0.13939303159713745,0.13940544426441193,1.2412667274475098e-05
/home/user/thesis/UncertaintyAndRobustnessInBNNs/runs/mlp512x1/mc_dropout/seed2_eps0p08_lam0p25.json,mlp512x1,mc_dropout,2,val,0.08,0.25,robust_eps0p08_lam0p25,mlp512x1|mc_dropout|s2|val|standard,mlp512x1|mc_dropout|s2|val|robust_eps0p08_lam0p25,1,sigma_w_median,0.10268981754779816,0.0027994061820209026,-0.09989041136577725
/home/user/thesis/UncertaintyAndRobustnessInBNNs/runs/mlp512x1/mc_dropout/seed3_eps0p08_lam0p25.json,mlp512x1,mc_dropout,3,val,0.08,0.25,robust_eps0p08_lam0p25,mlp512x1|mc_dropout|s3|val|standard,mlp512x1|mc_dropout|s3|val|robust_eps0p08_lam0p25,0,relative_spread_mean,0.0,0.0,0.0
/home/user/thesis/UncertaintyAndRobustnessInBNNs/runs/mlp512x1/mc_dropout/seed3_eps0p08_lam0p25.json,mlp512x1,mc_dropout,3,val,0.08,0.25,robust_eps0p08_lam0p25,mlp512x1|mc_dropout|s3|val|standard,mlp512x1|mc_dropout|s3|val|robust_eps0p08_lam0p25,0,sigma_b_mean,0.0,0.0,0.0
/home/user/thesis/UncertaintyAndRobustnessInBNNs/runs/mlp512x1/mc_dropout/seed3_eps0p08_lam0p25.json,mlp512x1,mc_dropout,3,val,0.08,0.25,robust_eps0p08_lam0p25,mlp512x1|mc_dropout|s3|val|standard,mlp512x1|mc_dropout|s3|val|robust_eps0p08_lam0p25,0,sigma_w_max,0.0,0.0,0.0
/home/user/thesis/UncertaintyAndRobustnessInBNNs/runs/mlp512x1/mc_dropout/seed3_eps0p08_lam0p25.json,mlp512x1,mc_dropout,3,val,0.08,0.25,robust_eps0p08_lam0p25,mlp512x1|mc_dropout|s3|val|standard,mlp512x1|mc_dropout|s3|val|robust_eps0p08_lam0p25,0,sigma_w_mean,0.0,0.0,0.0
/home/user/thesis/UncertaintyAndRobustnessInBNNs/runs/mlp512x1/mc_dropout/seed3_eps0p08_lam0p25.json,mlp512x1,mc_dropout,3,val,0.08,0.25,robust_eps0p08_lam0p25,mlp512x1|mc_dropout|s3|val|standard,mlp512x1|mc_dropout|s3|val|robust_eps0p08_lam0p25,0,sigma_w_median,0.0,0.0,0.0
/home/user/thesis/UncertaintyAndRobustnessInBNNs/runs/mlp512x1/mc_dropout/seed3_eps0p08_lam0p25.json,mlp512x1,mc_dropout,3,val,0.08,0.25,robust_eps0p08_lam0p25,mlp512x1|mc_dropout|s3|val|standard,mlp512x1|mc_dropout|s3|val|robust_eps0p08_lam0p25,1,relative_spread_mean,0.816496580927726,0.816496580927726,0.0
/home/user/thesis/UncertaintyAndRobustnessInBNNs/runs/mlp512x1/mc_dropout/seed3_eps0p08_lam0p25.json,mlp512x1,mc_dropout,3,val,0.08,0.25,robust_eps0p08_lam0p25,mlp512x1|mc_dropout|s3|val|standard,mlp512x1|mc_dropout|s3|val|robust_eps0p08_lam0p25,1,sigma_b_mean,0.0,0.0,0.0
/home/user/thesis/UncertaintyAndRobustnessInBNNs/runs/mlp512x1/mc_dropout/seed3_eps0p08_lam0p25.json,mlp512x1,mc_dropout,3,val,0.08,0.25,robust_eps0p08_lam0p25,mlp512x1|mc_dropout|s3|val|standard,mlp512x1|mc_dropout|s3|val|robust_eps0p08_lam0p25,1,sigma_w_max,0.8086676001548767,1.4760165214538574,0.6673489212989807
/home/user/thesis/UncertaintyAndRobustnessInBNNs/runs/mlp512x1/mc_dropout/seed3_eps0p08_lam0p25.json,mlp512x1,mc_dropout,3,val,0.08,0.25,robust_eps0p08_lam0p25,mlp512x1|mc_dropout|s3|val|standard,mlp512x1|mc_dropout|s3|val|robust_eps0p08_lam0p25,1,sigma_w_mean,0.13846035301685333,0.1400337517261505,0.0015733987092971802
/home/user/thesis/UncertaintyAndRobustnessInBNNs/runs/mlp512x1/mc_dropout/seed3_eps0p08_lam0p25.json,mlp512x1,mc_dropout,3,val,0.08,0.25,robust_eps0p08_lam0p25,mlp512x1|mc_dropout|s3|val|standard,mlp512x1|mc_dropout|s3|val|robust_eps0p08_lam0p25,1,sigma_w_median,0.10432222485542297,0.0029642474837601185,-0.10135797737166286
/home/user/thesis/UncertaintyAndRobustnessInBNNs/runs/mlp512x1/mc_dropout/seed4_eps0p08_lam0p25.json,mlp512x1,mc_dropout,4,val,0.08,0.25,robust_eps0p08_lam0p25,mlp512x1|mc_dropout|s4|val|standard,mlp512x1|mc_dropout|s4|val|robust_eps0p08_lam0p25,0,relative_spread_mean,0.0,0.0,0.0
/home/user/thesis/UncertaintyAndRobustnessInBNNs/runs/mlp512x1/mc_dropout/seed4_eps0p08_lam0p25.json,mlp512x1,mc_dropout,4,val,0.08,0.25,robust_eps0p08_lam0p25,mlp512x1|mc_dropout|s4|val|standard,mlp512x1|mc_dropout|s4|val|robust_eps0p08_lam0p25,0,sigma_b_mean,0.0,0.0,0.0
/home/user/thesis/UncertaintyAndRobustnessInBNNs/runs/mlp512x1/mc_dropout/seed4_eps0p08_lam0p25.json,mlp512x1,mc_dropout,4,val,0.08,0.25,robust_eps0p08_lam0p25,mlp512x1|mc_dropout|s4|val|standard,mlp512x1|mc_dropout|s4|val|robust_eps0p08_lam0p25,0,sigma_w_max,0.0,0.0,0.0
/home/user/thesis/UncertaintyAndRobustnessInBNNs/runs/mlp512x1/mc_dropout/seed4_eps0p08_lam0p25.json,mlp512x1,mc_dropout,4,val,0.08,0.25,robust_eps0p08_lam0p25,mlp512x1|mc_dropout|s4|val|standard,mlp512x1|mc_dropout|s4|val|robust_eps0p08_lam0p25,0,sigma_w_mean,0.0,0.0,0.0
/home/user/thesis/UncertaintyAndRobustnessInBNNs/runs/mlp512x1/mc_dropout/seed4_eps0p08_lam0p25.json,mlp512x1,mc_dropout,4,val,0.08,0.25,robust_eps0p08_lam0p25,mlp512x1|mc_dropout|s4|val|standard,mlp512x1|mc_dropout|s4|val|robust_eps0p08_lam0p25,0,sigma_w_median,0.0,0.0,0.0
/home/user/thesis/UncertaintyAndRobustnessInBNNs/runs/mlp512x1/mc_dropout/seed4_eps0p08_lam0p25.json,mlp512x1,mc_dropout,4,val,0.08,0.25,robust_eps0p08_lam0p25,mlp512x1|mc_dropout|s4|val|standard,mlp512x1|mc_dropout|s4|val|robust_eps0p08_lam0p25,1,relative_spread_mean,0.816496580927726,0.816496580927726,0.0
/home/user/thesis/UncertaintyAndRobustnessInBNNs/runs/mlp512x1/mc_dropout/seed4_eps0p08_lam0p25.json,mlp512x1,mc_dropout,4,val,0.08,0.25,robust_eps0p08_lam0p25,mlp512x1|mc_dropout|s4|val|standard,mlp512x1|mc_dropout|s4|val|robust_eps0p08_lam0p25,1,sigma_b_mean,0.0,0.0,0.0
/home/user/thesis/UncertaintyAndRobustnessInBNNs/runs/mlp512x1/mc_dropout/seed4_eps0p08_lam0p25.json,mlp512x1,mc_dropout,4,val,0.08,0.25,robust_eps0p08_lam0p25,mlp512x1|mc_dropout|s4|val|standard,mlp512x1|mc_dropout|s4|val|robust_eps0p08_lam0p25,1,sigma_w_max,0.724088728427887,1.5654304027557373,0.8413416743278503
/home/user/thesis/UncertaintyAndRobustnessInBNNs/runs/mlp512x1/mc_dropout/seed4_eps0p08_lam0p25.json,mlp512x1,mc_dropout,4,val,0.08,0.25,robust_eps0p08_lam0p25,mlp512x1|mc_dropout|s4|val|standard,mlp512x1|mc_dropout|s4|val|robust_eps0p08_lam0p25,1,sigma_w_mean,0.14021529257297516,0.1399887353181839,-0.00022655725479125977
/home/user/thesis/UncertaintyAndRobustnessInBNNs/runs/mlp512x1/mc_dropout/seed4_eps0p08_lam0p25.json,mlp512x1,mc_dropout,4,val,0.08,0.25,robust_eps0p08_lam0p25,mlp512x1|mc_dropout|s4|val|standard,mlp512x1|mc_dropout|s4|val|robust_eps0p08_lam0p25,1,sigma_w_median,0.1042548343539238,0.003001718083396554,-0.10125311627052724
/home/user/thesis/UncertaintyAndRobustnessInBNNs/runs/mlp512x1/vogn/seed0_eps0p08_lam0p25.json,mlp512x1,vogn,0,val,0.08,0.25,robust_eps0p08_lam0p25,mlp512x1|vogn|s0|val|standard,mlp512x1|vogn|s0|val|robust_eps0p08_lam0p25,0,relative_spread_mean,680043.125,10.02331829071045,-680033.1016817093
/home/user/thesis/UncertaintyAndRobustnessInBNNs/runs/mlp512x1/vogn/seed0_eps0p08_lam0p25.json,mlp512x1,vogn,0,val,0.08,0.25,robust_eps0p08_lam0p25,mlp512x1|vogn|s0|val|standard,mlp512x1|vogn|s0|val|robust_eps0p08_lam0p25,0,sigma_b_mean,0.1750805377960205,0.19145400822162628,0.016373470425605774
/home/user/thesis/UncertaintyAndRobustnessInBNNs/runs/mlp512x1/vogn/seed0_eps0p08_lam0p25.json,mlp512x1,vogn,0,val,0.08,0.25,robust_eps0p08_lam0p25,mlp512x1|vogn|s0|val|standard,mlp512x1|vogn|s0|val|robust_eps0p08_lam0p25,0,sigma_w_max,0.20000000298023224,0.1999976933002472,-2.3096799850463867e-06
/home/user/thesis/UncertaintyAndRobustnessInBNNs/runs/mlp512x1/vogn/seed0_eps0p08_lam0p25.json,mlp512x1,vogn,0,val,0.08,0.25,robust_eps0p08_lam0p25,mlp512x1|vogn|s0|val|standard,mlp512x1|vogn|s0|val|robust_eps0p08_lam0p25,0,sigma_w_mean,0.19619791209697723,0.1983126848936081,0.0021147727966308594
/home/user/thesis/UncertaintyAndRobustnessInBNNs/runs/mlp512x1/vogn/seed0_eps0p08_lam0p25.json,mlp512x1,vogn,0,val,0.08,0.25,robust_eps0p08_lam0p25,mlp512x1|vogn|s0|val|standard,mlp512x1|vogn|s0|val|robust_eps0p08_lam0p25,0,sigma_w_median,0.19946138560771942,0.19994325935840607,0.0004818737506866455
/home/user/thesis/UncertaintyAndRobustnessInBNNs/runs/mlp512x1/vogn/seed0_eps0p08_lam0p25.json,mlp512x1,vogn,0,val,0.08,0.25,robust_eps0p08_lam0p25,mlp512x1|vogn|s0|val|standard,mlp512x1|vogn|s0|val|robust_eps0p08_lam0p25,1,relative_spread_mean,22.389957427978516,19.22127342224121,-3.1686840057373047
/home/user/thesis/UncertaintyAndRobustnessInBNNs/runs/mlp512x1/vogn/seed0_eps0p08_lam0p25.json,mlp512x1,vogn,0,val,0.08,0.25,robust_eps0p08_lam0p25,mlp512x1|vogn|s0|val|standard,mlp512x1|vogn|s0|val|robust_eps0p08_lam0p25,1,sigma_b_mean,0.04999852553009987,0.035150088369846344,-0.014848437160253525
/home/user/thesis/UncertaintyAndRobustnessInBNNs/runs/mlp512x1/vogn/seed0_eps0p08_lam0p25.json,mlp512x1,vogn,0,val,0.08,0.25,robust_eps0p08_lam0p25,mlp512x1|vogn|s0|val|standard,mlp512x1|vogn|s0|val|robust_eps0p08_lam0p25,1,sigma_w_max,0.19262686371803284,0.19974234700202942,0.007115483283996582
/home/user/thesis/UncertaintyAndRobustnessInBNNs/runs/mlp512x1/vogn/seed0_eps0p08_lam0p25.json,mlp512x1,vogn,0,val,0.08,0.25,robust_eps0p08_lam0p25,mlp512x1|vogn|s0|val|standard,mlp512x1|vogn|s0|val|robust_eps0p08_lam0p25,1,sigma_w_mean,0.1403019279241562,0.18805024027824402,0.04774831235408783
/home/user/thesis/UncertaintyAndRobustnessInBNNs/runs/mlp512x1/vogn/seed0_eps0p08_lam0p25.json,mlp512x1,vogn,0,val,0.08,0.25,robust_eps0p08_lam0p25,mlp512x1|vogn|s0|val|standard,mlp512x1|vogn|s0|val|robust_eps0p08_lam0p25,1,sigma_w_median,0.15717026591300964,0.19763055443763733,0.040460288524627686
/home/user/thesis/UncertaintyAndRobustnessInBNNs/runs/mlp512x1/vogn/seed1_eps0p08_lam0p25.json,mlp512x1,vogn,1,val,0.08,0.25,robust_eps0p08_lam0p25,mlp512x1|vogn|s1|val|standard,mlp512x1|vogn|s1|val|robust_eps0p08_lam0p25,0,relative_spread_mean,1009021.0625,9.947807312011719,-1009011.114692688
/home/user/thesis/UncertaintyAndRobustnessInBNNs/runs/mlp512x1/vogn/seed1_eps0p08_lam0p25.json,mlp512x1,vogn,1,val,0.08,0.25,robust_eps0p08_lam0p25,mlp512x1|vogn|s1|val|standard,mlp512x1|vogn|s1|val|robust_eps0p08_lam0p25,0,sigma_b_mean,0.1748732477426529,0.1920112818479538,0.017138034105300903
/home/user/thesis/UncertaintyAndRobustnessInBNNs/runs/mlp512x1/vogn/seed1_eps0p08_lam0p25.json,mlp512x1,vogn,1,val,0.08,0.25,robust_eps0p08_lam0p25,mlp512x1|vogn|s1|val|standard,mlp512x1|vogn|s1|val|robust_eps0p08_lam0p25,0,sigma_w_max,0.20000000298023224,0.19999724626541138,-2.7567148208618164e-06
/home/user/thesis/UncertaintyAndRobustnessInBNNs/runs/mlp512x1/vogn/seed1_eps0p08_lam0p25.json,mlp512x1,vogn,1,val,0.08,0.25,robust_eps0p08_lam0p25,mlp512x1|vogn|s1|val|standard,mlp512x1|vogn|s1|val|robust_eps0p08_lam0p25,0,sigma_w_mean,0.1961759775876999,0.19839316606521606,0.0022171884775161743
/home/user/thesis/UncertaintyAndRobustnessInBNNs/runs/mlp512x1/vogn/seed1_eps0p08_lam0p25.json,mlp512x1,vogn,1,val,0.08,0.25,robust_eps0p08_lam0p25,mlp512x1|vogn|s1|val|standard,mlp512x1|vogn|s1|val|robust_eps0p08_lam0p25,0,sigma_w_median,0.19946831464767456,0.1999453455209732,0.000477030873298645
/home/user/thesis/UncertaintyAndRobustnessInBNNs/runs/mlp512x1/vogn/seed1_eps0p08_lam0p25.json,mlp512x1,vogn,1,val,0.08,0.25,robust_eps0p08_lam0p25,mlp512x1|vogn|s1|val|standard,mlp512x1|vogn|s1|val|robust_eps0p08_lam0p25,1,relative_spread_mean,20.892131805419922,19.918058395385742,-0.9740734100341797
/home/user/thesis/UncertaintyAndRobustnessInBNNs/runs/mlp512x1/vogn/seed1_eps0p08_lam0p25.json,mlp512x1,vogn,1,val,0.08,0.25,robust_eps0p08_lam0p25,mlp512x1|vogn|s1|val|standard,mlp512x1|vogn|s1|val|robust_eps0p08_lam0p25,1,sigma_b_mean,0.0496993325650692,0.035657357424497604,-0.014041975140571594
/home/user/thesis/UncertaintyAndRobustnessInBNNs/runs/mlp512x1/vogn/seed1_eps0p08_lam0p25.json,mlp512x1,vogn,1,val,0.08,0.25,robust_eps0p08_lam0p25,mlp512x1|vogn|s1|val|standard,mlp512x1|vogn|s1|val|robust_eps0p08_lam0p25,1,sigma_w_max,0.194980651140213,0.19964531064033508,0.00466465950012207
/home/user/thesis/UncertaintyAndRobustnessInBNNs/runs/mlp512x1/vogn/seed1_eps0p08_lam0p25.json,mlp512x1,vogn,1,val,0.08,0.25,robust_eps0p08_lam0p25,mlp512x1|vogn|s1|val|standard,mlp512x1|vogn|s1|val|robust_eps0p08_lam0p25,1,sigma_w_mean,0.13894745707511902,0.18963293731212616,0.05068548023700714
/home/user/thesis/UncertaintyAndRobustnessInBNNs/runs/mlp512x1/vogn/seed1_eps0p08_lam0p25.json,mlp512x1,vogn,1,val,0.08,0.25,robust_eps0p08_lam0p25,mlp512x1|vogn|s1|val|standard,mlp512x1|vogn|s1|val|robust_eps0p08_lam0p25,1,sigma_w_median,0.15566042065620422,0.1976732611656189,0.04201284050941467
/home/user/thesis/UncertaintyAndRobustnessInBNNs/runs/mlp512x1/vogn/seed2_eps0p08_lam0p25.json,mlp512x1,vogn,2,val,0.08,0.25,robust_eps0p08_lam0p25,mlp512x1|vogn|s2|val|standard,mlp512x1|vogn|s2|val|robust_eps0p08_lam0p25,0,relative_spread_mean,966805.625,10.260764122009277,-966795.364235878
/home/user/thesis/UncertaintyAndRobustnessInBNNs/runs/mlp512x1/vogn/seed2_eps0p08_lam0p25.json,mlp512x1,vogn,2,val,0.08,0.25,robust_eps0p08_lam0p25,mlp512x1|vogn|s2|val|standard,mlp512x1|vogn|s2|val|robust_eps0p08_lam0p25,0,sigma_b_mean,0.17504844069480896,0.1913261115550995,0.016277670860290527
/home/user/thesis/UncertaintyAndRobustnessInBNNs/runs/mlp512x1/vogn/seed2_eps0p08_lam0p25.json,mlp512x1,vogn,2,val,0.08,0.25,robust_eps0p08_lam0p25,mlp512x1|vogn|s2|val|standard,mlp512x1|vogn|s2|val|robust_eps0p08_lam0p25,0,sigma_w_max,0.20000000298023224,0.19999681413173676,-3.1888484954833984e-06
/home/user/thesis/UncertaintyAndRobustnessInBNNs/runs/mlp512x1/vogn/seed2_eps0p08_lam0p25.json,mlp512x1,vogn,2,val,0.08,0.25,robust_eps0p08_lam0p25,mlp512x1|vogn|s2|val|standard,mlp512x1|vogn|s2|val|robust_eps0p08_lam0p25,0,sigma_w_mean,0.19619852304458618,0.19824180006980896,0.0020432770252227783
/home/user/thesis/UncertaintyAndRobustnessInBNNs/runs/mlp512x1/vogn/seed2_eps0p08_lam0p25.json,mlp512x1,vogn,2,val,0.08,0.25,robust_eps0p08_lam0p25,mlp512x1|vogn|s2|val|standard,mlp512x1|vogn|s2|val|robust_eps0p08_lam0p25,0,sigma_w_median,0.19946768879890442,0.19994518160820007,0.0004774928092956543
/home/user/thesis/UncertaintyAndRobustnessInBNNs/runs/mlp512x1/vogn/seed2_eps0p08_lam0p25.json,mlp512x1,vogn,2,val,0.08,0.25,robust_eps0p08_lam0p25,mlp512x1|vogn|s2|val|standard,mlp512x1|vogn|s2|val|robust_eps0p08_lam0p25,1,relative_spread_mean,28.023273468017578,20.425811767578125,-7.597461700439453
/home/user/thesis/UncertaintyAndRobustnessInBNNs/runs/mlp512x1/vogn/seed2_eps0p08_lam0p25.json,mlp512x1,vogn,2,val,0.08,0.25,robust_eps0p08_lam0p25,mlp512x1|vogn|s2|val|standard,mlp512x1|vogn|s2|val|robust_eps0p08_lam0p25,1,sigma_b_mean,0.04980345070362091,0.036048296838998795,-0.013755153864622116
/home/user/thesis/UncertaintyAndRobustnessInBNNs/runs/mlp512x1/vogn/seed2_eps0p08_lam0p25.json,mlp512x1,vogn,2,val,0.08,0.25,robust_eps0p08_lam0p25,mlp512x1|vogn|s2|val|standard,mlp512x1|vogn|s2|val|robust_eps0p08_lam0p25,1,sigma_w_max,0.19160470366477966,0.19964872300624847,0.008044019341468811
/home/user/thesis/UncertaintyAndRobustnessInBNNs/runs/mlp512x1/vogn/seed2_eps0p08_lam0p25.json,mlp512x1,vogn,2,val,0.08,0.25,robust_eps0p08_lam0p25,mlp512x1|vogn|s2|val|standard,mlp512x1|vogn|s2|val|robust_eps0p08_lam0p25,1,sigma_w_mean,0.14025641977787018,0.18902340531349182,0.04876698553562164
/home/user/thesis/UncertaintyAndRobustnessInBNNs/runs/mlp512x1/vogn/seed2_eps0p08_lam0p25.json,mlp512x1,vogn,2,val,0.08,0.25,robust_eps0p08_lam0p25,mlp512x1|vogn|s2|val|standard,mlp512x1|vogn|s2|val|robust_eps0p08_lam0p25,1,sigma_w_median,0.15677890181541443,0.19773662090301514,0.04095771908760071
/home/user/thesis/UncertaintyAndRobustnessInBNNs/runs/mlp512x1/vogn/seed3_eps0p08_lam0p25.json,mlp512x1,vogn,3,val,0.08,0.25,robust_eps0p08_lam0p25,mlp512x1|vogn|s3|val|standard,mlp512x1|vogn|s3|val|robust_eps0p08_lam0p25,0,relative_spread_mean,843411.6875,9.837106704711914,-843401.8503932953
/home/user/thesis/UncertaintyAndRobustnessInBNNs/runs/mlp512x1/vogn/seed3_eps0p08_lam0p25.json,mlp512x1,vogn,3,val,0.08,0.25,robust_eps0p08_lam0p25,mlp512x1|vogn|s3|val|standard,mlp512x1|vogn|s3|val|robust_eps0p08_lam0p25,0,sigma_b_mean,0.17544987797737122,0.19144628942012787,0.015996411442756653
/home/user/thesis/UncertaintyAndRobustnessInBNNs/runs/mlp512x1/vogn/seed3_eps0p08_lam0p25.json,mlp512x1,vogn,3,val,0.08,0.25,robust_eps0p08_lam0p25,mlp512x1|vogn|s3|val|standard,mlp512x1|vogn|s3|val|robust_eps0p08_lam0p25,0,sigma_w_max,0.20000000298023224,0.19999681413173676,-3.1888484954833984e-06
/home/user/thesis/UncertaintyAndRobustnessInBNNs/runs/mlp512x1/vogn/seed3_eps0p08_lam0p25.json,mlp512x1,vogn,3,val,0.08,0.25,robust_eps0p08_lam0p25,mlp512x1|vogn|s3|val|standard,mlp512x1|vogn|s3|val|robust_eps0p08_lam0p25,0,sigma_w_mean,0.19625818729400635,0.19831791520118713,0.002059727907180786
/home/user/thesis/UncertaintyAndRobustnessInBNNs/runs/mlp512x1/vogn/seed3_eps0p08_lam0p25.json,mlp512x1,vogn,3,val,0.08,0.25,robust_eps0p08_lam0p25,mlp512x1|vogn|s3|val|standard,mlp512x1|vogn|s3|val|robust_eps0p08_lam0p25,0,sigma_w_median,0.19946561753749847,0.19994387030601501,0.00047825276851654053
/home/user/thesis/UncertaintyAndRobustnessInBNNs/runs/mlp512x1/vogn/seed3_eps0p08_lam0p25.json,mlp512x1,vogn,3,val,0.08,0.25,robust_eps0p08_lam0p25,mlp512x1|vogn|s3|val|standard,mlp512x1|vogn|s3|val|robust_eps0p08_lam0p25,1,relative_spread_mean,18.787368774414062,15.864392280578613,-2.922976493835449
/home/user/thesis/UncertaintyAndRobustnessInBNNs/runs/mlp512x1/vogn/seed3_eps0p08_lam0p25.json,mlp512x1,vogn,3,val,0.08,0.25,robust_eps0p08_lam0p25,mlp512x1|vogn|s3|val|standard,mlp512x1|vogn|s3|val|robust_eps0p08_lam0p25,1,sigma_b_mean,0.05001009628176689,0.035628583282232285,-0.014381512999534607
/home/user/thesis/UncertaintyAndRobustnessInBNNs/runs/mlp512x1/vogn/seed3_eps0p08_lam0p25.json,mlp512x1,vogn,3,val,0.08,0.25,robust_eps0p08_lam0p25,mlp512x1|vogn|s3|val|standard,mlp512x1|vogn|s3|val|robust_eps0p08_lam0p25,1,sigma_w_max,0.1936744600534439,0.1996595561504364,0.005985096096992493
/home/user/thesis/UncertaintyAndRobustnessInBNNs/runs/mlp512x1/vogn/seed3_eps0p08_lam0p25.json,mlp512x1,vogn,3,val,0.08,0.25,robust_eps0p08_lam0p25,mlp512x1|vogn|s3|val|standard,mlp512x1|vogn|s3|val|robust_eps0p08_lam0p25,1,sigma_w_mean,0.1405932605266571,0.18928031623363495,0.048687055706977844
/home/user/thesis/UncertaintyAndRobustnessInBNNs/runs/mlp512x1/vogn/seed3_eps0p08_lam0p25.json,mlp512x1,vogn,3,val,0.08,0.25,robust_eps0p08_lam0p25,mlp512x1|vogn|s3|val|standard,mlp512x1|vogn|s3|val|robust_eps0p08_lam0p25,1,sigma_w_median,0.156091570854187,0.19766876101493835,0.04157719016075134
/home/user/thesis/UncertaintyAndRobustnessInBNNs/runs/mlp512x1/vogn/seed4_eps0p08_lam0p25.json,mlp512x1,vogn,4,val,0.08,0.25,robust_eps0p08_lam0p25,mlp512x1|vogn|s4|val|standard,mlp512x1|vogn|s4|val|robust_eps0p08_lam0p25,0,relative_spread_mean,849634.375,9.8304443359375,-849624.5445556641
/home/user/thesis/UncertaintyAndRobustnessInBNNs/runs/mlp512x1/vogn/seed4_eps0p08_lam0p25.json,mlp512x1,vogn,4,val,0.08,0.25,robust_eps0p08_lam0p25,mlp512x1|vogn|s4|val|standard,mlp512x1|vogn|s4|val|robust_eps0p08_lam0p25,0,sigma_b_mean,0.17530593276023865,0.19137383997440338,0.016067907214164734
/home/user/thesis/UncertaintyAndRobustnessInBNNs/runs/mlp512x1/vogn/seed4_eps0p08_lam0p25.json,mlp512x1,vogn,4,val,0.08,0.25,robust_eps0p08_lam0p25,mlp512x1|vogn|s4|val|standard,mlp512x1|vogn|s4|val|robust_eps0p08_lam0p25,0,sigma_w_max,0.20000000298023224,0.19999665021896362,-3.3527612686157227e-06
/home/user/thesis/UncertaintyAndRobustnessInBNNs/runs/mlp512x1/vogn/seed4_eps0p08_lam0p25.json,mlp512x1,vogn,4,val,0.08,0.25,robust_eps0p08_lam0p25,mlp512x1|vogn|s4|val|standard,mlp512x1|vogn|s4|val|robust_eps0p08_lam0p25,0,sigma_w_mean,0.19623959064483643,0.1983032375574112,0.002063646912574768
/home/user/thesis/UncertaintyAndRobustnessInBNNs/runs/mlp512x1/vogn/seed4_eps0p08_lam0p25.json,mlp512x1,vogn,4,val,0.08,0.25,robust_eps0p08_lam0p25,mlp512x1|vogn|s4|val|standard,mlp512x1|vogn|s4|val|robust_eps0p08_lam0p25,0,sigma_w_median,0.19947533309459686,0.19994361698627472,0.00046828389167785645
/home/user/thesis/UncertaintyAndRobustnessInBNNs/runs/mlp512x1/vogn/seed4_eps0p08_lam0p25.json,mlp512x1,vogn,4,val,0.08,0.25,robust_eps0p08_lam0p25,mlp512x1|vogn|s4|val|standard,mlp512x1|vogn|s4|val|robust_eps0p08_lam0p25,1,relative_spread_mean,32.964012145996094,14.932615280151367,-18.031396865844727
/home/user/thesis/UncertaintyAndRobustnessInBNNs/runs/mlp512x1/vogn/seed4_eps0p08_lam0p25.json,mlp512x1,vogn,4,val,0.08,0.25,robust_eps0p08_lam0p25,mlp512x1|vogn|s4|val|standard,mlp512x1|vogn|s4|val|robust_eps0p08_lam0p25,1,sigma_b_mean,0.04995078966021538,0.03580678626894951,-0.01414400339126587
/home/user/thesis/UncertaintyAndRobustnessInBNNs/runs/mlp512x1/vogn/seed4_eps0p08_lam0p25.json,mlp512x1,vogn,4,val,0.08,0.25,robust_eps0p08_lam0p25,mlp512x1|vogn|s4|val|standard,mlp512x1|vogn|s4|val|robust_eps0p08_lam0p25,1,sigma_w_max,0.19340448081493378,0.19965888559818268,0.006254404783248901
/home/user/thesis/UncertaintyAndRobustnessInBNNs/runs/mlp512x1/vogn/seed4_eps0p08_lam0p25.json,mlp512x1,vogn,4,val,0.08,0.25,robust_eps0p08_lam0p25,mlp512x1|vogn|s4|val|standard,mlp512x1|vogn|s4|val|robust_eps0p08_lam0p25,1,sigma_w_mean,0.13978330790996552,0.1885661780834198,0.048782870173454285
/home/user/thesis/UncertaintyAndRobustnessInBNNs/runs/mlp512x1/vogn/seed4_eps0p08_lam0p25.json,mlp512x1,vogn,4,val,0.08,0.25,robust_eps0p08_lam0p25,mlp512x1|vogn|s4|val|standard,mlp512x1|vogn|s4|val|robust_eps0p08_lam0p25,1,sigma_w_median,0.1557915359735489,0.1976727694272995,0.04188123345375061
