level,file,check,detail
warning,/home/user/thesis/UncertaintyAndRobustnessInBNNs/runs/mlp512x1/bbb/seed0_eps0p08_lam0p25.json,unknown_mass_identity,"standard, eps=0.05: MAE=0.0115"
warning,/home/user/thesis/UncertaintyAndRobustnessInBNNs/runs/mlp512x1/bbb/seed0_eps0p08_lam0p25.json,unknown_mass_identity,"standard, eps=0.07: MAE=0.0061"
warning,/home/user/thesis/UncertaintyAndRobustnessInBNNs/runs/mlp512x1/bbb/seed0_eps0p08_lam0p25.json,unknown_mass_identity,"standard, eps=0.08: MAE=0.00311"
warning,/home/user/thesis/UncertaintyAndRobustnessInBNNs/runs/mlp512x1/bbb/seed0_eps0p08_lam0p25.json,unknown_mass_identity,"standard, eps=0.1: MAE=0.00132"
warning,/home/user/thesis/UncertaintyAndRobustnessInBNNs/runs/mlp512x1/bbb/seed0_eps0p08_lam0p25.json,unknown_mass_identity,"robust, eps=0.07: MAE=0.000512"
warning,/home/user/thesis/UncertaintyAndRobustnessInBNNs/runs/mlp512x1/bbb/seed0_eps0p08_lam0p25.json,unknown_mass_identity,"robust, eps=0.08: MAE=0.000302"
warning,/home/user/thesis/UncertaintyAndRobustnessInBNNs/runs/mlp512x1/bbb/seed0_eps0p08_lam0p25.json,unknown_mass_identity,"robust, eps=0.1: MAE=0.00277"
warning,/home/user/thesis/UncertaintyAndRobustnessInBNNs/runs/mlp512x1/bbb/seed1_eps0p08_lam0p25.json,unknown_mass_identity,"standard, eps=0.01: MAE=0.000438"
warning,/home/user/thesis/UncertaintyAndRobustnessInBNNs/runs/mlp512x1/bbb/seed1_eps0p08_lam0p25.json,unknown_mass_identity,"standard, eps=0.05: MAE=0.0137"
warning,/home/user/thesis/UncertaintyAndRobustnessInBNNs/runs/mlp512x1/bbb/seed1_eps0p08_lam0p25.json,unknown_mass_identity,"standard, eps=0.07: MAE=0.00406"
warning,/home/user/thesis/UncertaintyAndRobustnessInBNNs/runs/mlp512x1/bbb/seed1_eps0p08_lam0p25.json,unknown_mass_identity,"standard, eps=0.08: MAE=0.00283"
warning,/home/user/thesis/UncertaintyAndRobustnessInBNNs/runs/mlp512x1/bbb/seed1_eps0p08_lam0p25.json,unknown_mass_identity,"standard, eps=0.1: MAE=0.000562"
warning,/home/user/thesis/UncertaintyAndRobustnessInBNNs/runs/mlp512x1/bbb/seed1_eps0p08_lam0p25.json,unknown_mass_identity,"robust, eps=0.07: MAE=0.000981"
warning,/home/user/thesis/UncertaintyAndRobustnessInBNNs/runs/mlp512x1/bbb/seed1_eps0p08_lam0p25.json,unknown_mass_identity,"robust, eps=0.08: MAE=0.00126"
warning,/home/user/thesis/UncertaintyAndRobustnessInBNNs/runs/mlp512x1/bbb/seed1_eps0p08_lam0p25.json,unknown_mass_identity,"robust, eps=0.1: MAE=0.00304"
warning,/home/user/thesis/UncertaintyAndRobustnessInBNNs/runs/mlp512x1/bbb/seed2_eps0p08_lam0p25.json,unknown_mass_identity,"standard, eps=0.01: MAE=0.00012"
warning,/home/user/thesis/UncertaintyAndRobustnessInBNNs/runs/mlp512x1/bbb/seed2_eps0p08_lam0p25.json,unknown_mass_identity,"standard, eps=0.05: MAE=0.0173"
warning,/home/user/thesis/UncertaintyAndRobustnessInBNNs/runs/mlp512x1/bbb/seed2_eps0p08_lam0p25.json,unknown_mass_identity,"standard, eps=0.07: MAE=0.00598"
warning,/home/user/thesis/UncertaintyAndRobustnessInBNNs/runs/mlp512x1/bbb/seed2_eps0p08_lam0p25.json,unknown_mass_identity,"standard, eps=0.08: MAE=0.00384"
warning,/home/user/thesis/UncertaintyAndRobustnessInBNNs/runs/mlp512x1/bbb/seed2_eps0p08_lam0p25.json,unknown_mass_identity,"standard, eps=0.1: MAE=0.00116"
warning,/home/user/thesis/UncertaintyAndRobustnessInBNNs/runs/mlp512x1/bbb/seed2_eps0p08_lam0p25.json,unknown_mass_identity,"robust, eps=0.05: MAE=5.94e-05"
warning,/home/user/thesis/UncertaintyAndRobustnessInBNNs/runs/mlp512x1/bbb/seed2_eps0p08_lam0p25.json,unknown_mass_identity,"robust, eps=0.07: MAE=0.000141"
warning,/home/user/thesis/UncertaintyAndRobustnessInBNNs/runs/mlp512x1/bbb/seed2_eps0p08_lam0p25.json,unknown_mass_identity,"robust, eps=0.08: MAE=0.000284"
warning,/home/user/thesis/UncertaintyAndRobustnessInBNNs/runs/mlp512x1/bbb/seed2_eps0p08_lam0p25.json,unknown_mass_identity,"robust, eps=0.1: MAE=0.00394"
warning,/home/user/thesis/UncertaintyAndRobustnessInBNNs/runs/mlp512x1/bbb/seed3_eps0p08_lam0p25.json,unknown_mass_identity,"standard, eps=0.01: MAE=0.000659"
warning,/home/user/thesis/UncertaintyAndRobustnessInBNNs/runs/mlp512x1/bbb/seed3_eps0p08_lam0p25.json,unknown_mass_identity,"standard, eps=0.05: MAE=0.0144"
warning,/home/user/thesis/UncertaintyAndRobustnessInBNNs/runs/mlp512x1/bbb/seed3_eps0p08_lam0p25.json,unknown_mass_identity,"standard, eps=0.07: MAE=0.00833"
warning,/home/user/thesis/UncertaintyAndRobustnessInBNNs/runs/mlp512x1/bbb/seed3_eps0p08_lam0p25.json,unknown_mass_identity,"standard, eps=0.08: MAE=0.00382"
warning,/home/user/thesis/UncertaintyAndRobustnessInBNNs/runs/mlp512x1/bbb/seed3_eps0p08_lam0p25.json,unknown_mass_identity,"standard, eps=0.1: MAE=0.00189"
warning,/home/user/thesis/UncertaintyAndRobustnessInBNNs/runs/mlp512x1/bbb/seed3_eps0p08_lam0p25.json,unknown_mass_identity,"robust, eps=0.07: MAE=0.000725"
warning,/home/user/thesis/UncertaintyAndRobustnessInBNNs/runs/mlp512x1/bbb/seed3_eps0p08_lam0p25.json,unknown_mass_identity,"robust, eps=0.08: MAE=0.000846"
warning,/home/user/thesis/UncertaintyAndRobustnessInBNNs/runs/mlp512x1/bbb/seed3_eps0p08_lam0p25.json,unknown_mass_identity,"robust, eps=0.1: MAE=0.00293"
warning,/home/user/thesis/UncertaintyAndRobustnessInBNNs/runs/mlp512x1/bbb/seed4_eps0p08_lam0p25.json,unknown_mass_identity,"standard, eps=0.01: MAE=0.000969"
warning,/home/user/thesis/UncertaintyAndRobustnessInBNNs/runs/mlp512x1/bbb/seed4_eps0p08_lam0p25.json,unknown_mass_identity,"standard, eps=0.05: MAE=0.0128"
warning,/home/user/thesis/UncertaintyAndRobustnessInBNNs/runs/mlp512x1/bbb/seed4_eps0p08_lam0p25.json,unknown_mass_identity,"standard, eps=0.07: MAE=0.00411"
warning,/home/user/thesis/UncertaintyAndRobustnessInBNNs/runs/mlp512x1/bbb/seed4_eps0p08_lam0p25.json,unknown_mass_identity,"standard, eps=0.08: MAE=0.00508"
warning,/home/user/thesis/UncertaintyAndRobustnessInBNNs/runs/mlp512x1/bbb/seed4_eps0p08_lam0p25.json,unknown_mass_identity,"standard, eps=0.1: MAE=0.00147"
warning,/home/user/thesis/UncertaintyAndRobustnessInBNNs/runs/mlp512x1/bbb/seed4_eps0p08_lam0p25.json,unknown_mass_identity,"robust, eps=0.05: MAE=0.000385"
warning,/home/user/thesis/UncertaintyAndRobustnessInBNNs/runs/mlp512x1/bbb/seed4_eps0p08_lam0p25.json,unknown_mass_identity,"robust, eps=0.07: MAE=0.00117"
warning,/home/user/thesis/UncertaintyAndRobustnessInBNNs/runs/mlp512x1/bbb/seed4_eps0p08_lam0p25.json,unknown_mass_identity,"robust, eps=0.08: MAE=0.000614"
warning,/home/user/thesis/UncertaintyAndRobustnessInBNNs/runs/mlp512x1/bbb/seed4_eps0p08_lam0p25.json,unknown_mass_identity,"robust, eps=0.1: MAE=0.00135"
warning,/home/user/thesis/UncertaintyAndRobustnessInBNNs/runs/mlp512x1/deterministic/seed0_eps0p08_lam0p25.json,unknown_mass_identity,"standard, eps=0.05: MAE=0.0024"
warning,/home/user/thesis/UncertaintyAndRobustnessInBNNs/runs/mlp512x1/deterministic/seed1_eps0p08_lam0p25.json,unknown_mass_identity,"standard, eps=0.05: MAE=0.000506"
warning,/home/user/thesis/UncertaintyAndRobustnessInBNNs/runs/mlp512x1/deterministic/seed1_eps0p08_lam0p25.json,unknown_mass_identity,"standard, eps=0.07: MAE=0.000112"
warning,/home/user/thesis/UncertaintyAndRobustnessInBNNs/runs/mlp512x1/deterministic/seed1_eps0p08_lam0p25.json,unknown_mass_identity,"standard, eps=0.08: MAE=0.000214"
warning,/home/user/thesis/UncertaintyAndRobustnessInBNNs/runs/mlp512x1/deterministic/seed1_eps0p08_lam0p25.json,unknown_mass_identity,"robust, eps=0.08: MAE=0.000379"
warning,/home/user/thesis/UncertaintyAndRobustnessInBNNs/runs/mlp512x1/deterministic/seed1_eps0p08_lam0p25.json,unknown_mass_identity,"robust, eps=0.1: MAE=0.000117"
warning,/home/user/thesis/UncertaintyAndRobustnessInBNNs/runs/mlp512x1/deterministic/seed3_eps0p08_lam0p25.json,unknown_mass_identity,"standard, eps=0.05: MAE=0.000143"
warning,/home/user/thesis/UncertaintyAndRobustnessInBNNs/runs/mlp512x1/deterministic/seed3_eps0p08_lam0p25.json,unknown_mass_identity,"robust, eps=0.1: MAE=0.000515"
warning,/home/user/thesis/UncertaintyAndRobustnessInBNNs/runs/mlp512x1/deterministic/seed4_eps0p08_lam0p25.json,unknown_mass_identity,"standard, eps=0.05: MAE=0.000264"
warning,/home/user/thesis/UncertaintyAndRobustnessInBNNs/runs/mlp512x1/deterministic/seed4_eps0p08_lam0p25.json,unknown_mass_identity,"standard, eps=0.07: MAE=9.52e-05"
warning,/home/user/thesis/UncertaintyAndRobustnessInBNNs/runs/mlp512x1/deterministic/seed4_eps0p08_lam0p25.json,unknown_mass_identity,"standard, eps=0.08: MAE=0.000794"
warning,/home/user/thesis/UncertaintyAndRobustnessInBNNs/runs/mlp512x1/mc_dropout/seed0_eps0p08_lam0p25.json,unknown_mass_identity,"standard, eps=0.01: MAE=0.000631"
warning,/home/user/thesis/UncertaintyAndRobustnessInBNNs/runs/mlp512x1/mc_dropout/seed0_eps0p08_lam0p25.json,unknown_mass_identity,"standard, eps=0.05: MAE=0.0183"
warning,/home/user/thesis/UncertaintyAndRobustnessInBNNs/runs/mlp512x1/mc_dropout/seed0_eps0p08_lam0p25.json,unknown_mass_identity,"standard, eps=0.07: MAE=0.0109"
warning,/home/user/thesis/UncertaintyAndRobustnessInBNNs/runs/mlp512x1/mc_dropout/seed0_eps0p08_lam0p25.json,unknown_mass_identity,"standard, eps=0.08: MAE=0.0144"
warning,/home/user/thesis/UncertaintyAndRobustnessInBNNs/runs/mlp512x1/mc_dropout/seed0_eps0p08_lam0p25.json,unknown_mass_identity,"standard, eps=0.1: MAE=0.00532"
warning,/home/user/thesis/UncertaintyAndRobustnessInBNNs/runs/mlp512x1/mc_dropout/seed0_eps0p08_lam0p25.json,unknown_mass_identity,"robust, eps=0.01: MAE=1.68e-05"
warning,/home/user/thesis/UncertaintyAndRobustnessInBNNs/runs/mlp512x1/mc_dropout/seed0_eps0p08_lam0p25.json,unknown_mass_identity,"robust, eps=0.05: MAE=0.000392"
warning,/home/user/thesis/UncertaintyAndRobustnessInBNNs/runs/mlp512x1/mc_dropout/seed0_eps0p08_lam0p25.json,unknown_mass_identity,"robust, eps=0.07: MAE=0.00179"
warning,/home/user/thesis/UncertaintyAndRobustnessInBNNs/runs/mlp512x1/mc_dropout/seed0_eps0p08_lam0p25.json,unknown_mass_identity,"robust, eps=0.08: MAE=0.00145"
warning,/home/user/thesis/UncertaintyAndRobustnessInBNNs/runs/mlp512x1/mc_dropout/seed0_eps0p08_lam0p25.json,unknown_mass_identity,"robust, eps=0.1: MAE=0.00572"
warning,/home/user/thesis/UncertaintyAndRobustnessInBNNs/runs/mlp512x1/mc_dropout/seed1_eps0p08_lam0p25.json,unknown_mass_identity,"standard, eps=0.01: MAE=0.00189"
warning,/home/user/thesis/UncertaintyAndRobustnessInBNNs/runs/mlp512x1/mc_dropout/seed1_eps0p08_lam0p25.json,unknown_mass_identity,"standard, eps=0.05: MAE=0.0139"
warning,/home/user/thesis/UncertaintyAndRobustnessInBNNs/runs/mlp512x1/mc_dropout/seed1_eps0p08_lam0p25.json,unknown_mass_identity,"standard, eps=0.07: MAE=0.011"
warning,/home/user/thesis/UncertaintyAndRobustnessInBNNs/runs/mlp512x1/mc_dropout/seed1_eps0p08_lam0p25.json,unknown_mass_identity,"standard, eps=0.08: MAE=0.00941"
warning,/home/user/thesis/UncertaintyAndRobustnessInBNNs/runs/mlp512x1/mc_dropout/seed1_eps0p08_lam0p25.json,unknown_mass_identity,"standard, eps=0.1: MAE=0.0032"
warning,/home/user/thesis/UncertaintyAndRobustnessInBNNs/runs/mlp512x1/mc_dropout/seed1_eps0p08_lam0p25.json,unknown_mass_identity,"robust, eps=0.01: MAE=3.26e-05"
warning,/home/user/thesis/UncertaintyAndRobustnessInBNNs/runs/mlp512x1/mc_dropout/seed1_eps0p08_lam0p25.json,unknown_mass_identity,"robust, eps=0.05: MAE=0.000324"
warning,/home/user/thesis/UncertaintyAndRobustnessInBNNs/runs/mlp512x1/mc_dropout/seed1_eps0p08_lam0p25.json,unknown_mass_identity,"robust, eps=0.07: MAE=0.00216"
warning,/home/user/thesis/UncertaintyAndRobustnessInBNNs/runs/mlp512x1/mc_dropout/seed1_eps0p08_lam0p25.json,unknown_mass_identity,"robust, eps=0.08: MAE=0.00315"
warning,/home/user/thesis/UncertaintyAndRobustnessInBNNs/runs/mlp512x1/mc_dropout/seed1_eps0p08_lam0p25.json,unknown_mass_identity,"robust, eps=0.1: MAE=0.00485"
warning,/home/user/thesis/UncertaintyAndRobustnessInBNNs/runs/mlp512x1/mc_dropout/seed2_eps0p08_lam0p25.json,unknown_mass_identity,"standard, eps=0.01: MAE=0.000388"
warning,/home/user/thesis/UncertaintyAndRobustnessInBNNs/runs/mlp512x1/mc_dropout/seed2_eps0p08_lam0p25.json,unknown_mass_identity,"standard, eps=0.05: MAE=0.0192"
warning,/home/user/thesis/UncertaintyAndRobustnessInBNNs/runs/mlp512x1/mc_dropout/seed2_eps0p08_lam0p25.json,unknown_mass_identity,"standard, eps=0.07: MAE=0.0154"
warning,/home/user/thesis/UncertaintyAndRobustnessInBNNs/runs/mlp512x1/mc_dropout/seed2_eps0p08_lam0p25.json,unknown_mass_identity,"standard, eps=0.08: MAE=0.0105"
warning,/home/user/thesis/UncertaintyAndRobustnessInBNNs/runs/mlp512x1/mc_dropout/seed2_eps0p08_lam0p25.json,unknown_mass_identity,"standard, eps=0.1: MAE=0.00471"
warning,/home/user/thesis/UncertaintyAndRobustnessInBNNs/runs/mlp512x1/mc_dropout/seed2_eps0p08_lam0p25.json,unknown_mass_identity,"robust, eps=0.05: MAE=0.000949"
warning,/home/user/thesis/UncertaintyAndRobustnessInBNNs/runs/mlp512x1/mc_dropout/seed2_eps0p08_lam0p25.json,unknown_mass_identity,"robust, eps=0.07: MAE=0.00122"
warning,/home/user/thesis/UncertaintyAndRobustnessInBNNs/runs/mlp512x1/mc_dropout/seed2_eps0p08_lam0p25.json,unknown_mass_identity,"robust, eps=0.08: MAE=0.000958"
warning,/home/user/thesis/UncertaintyAndRobustnessInBNNs/runs/mlp512x1/mc_dropout/seed2_eps0p08_lam0p25.json,unknown_mass_identity,"robust, eps=0.1: MAE=0.00389"
warning,/home/user/thesis/UncertaintyAndRobustnessInBNNs/runs/mlp512x1/mc_dropout/seed3_eps0p08_lam0p25.json,unknown_mass_identity,"standard, eps=0.01: MAE=0.000532"
warning,/home/user/thesis/UncertaintyAndRobustnessInBNNs/runs/mlp512x1/mc_dropout/seed3_eps0p08_lam0p25.json,unknown_mass_identity,"standard, eps=0.05: MAE=0.0163"
warning,/home/user/thesis/UncertaintyAndRobustnessInBNNs/runs/mlp512x1/mc_dropout/seed3_eps0p08_lam0p25.json,unknown_mass_identity,"standard, eps=0.07: MAE=0.0121"
warning,/home/user/thesis/UncertaintyAndRobustnessInBNNs/runs/mlp512x1/mc_dropout/seed3_eps0p08_lam0p25.json,unknown_mass_identity,"standard, eps=0.08: MAE=0.00848"
warning,/home/user/thesis/UncertaintyAndRobustnessInBNNs/runs/mlp512x1/mc_dropout/seed3_eps0p08_lam0p25.json,unknown_mass_identity,"standard, eps=0.1: MAE=0.00547"
warning,/home/user/thesis/UncertaintyAndRobustnessInBNNs/runs/mlp512x1/mc_dropout/seed3_eps0p08_lam0p25.json,unknown_mass_identity,"robust, eps=0.05: MAE=0.00123"
warning,/home/user/thesis/UncertaintyAndRobustnessInBNNs/runs/mlp512x1/mc_dropout/seed3_eps0p08_lam0p25.json,unknown_mass_identity,"robust, eps=0.07: MAE=0.000646"
warning,/home/user/thesis/UncertaintyAndRobustnessInBNNs/runs/mlp512x1/mc_dropout/seed3_eps0p08_lam0p25.json,unknown_mass_identity,"robust, eps=0.08: MAE=0.00161"
warning,/home/user/thesis/UncertaintyAndRobustnessInBNNs/runs/mlp512x1/mc_dropout/seed3_eps0p08_lam0p25.json,unknown_mass_identity,"robust, eps=0.1: MAE=0.00406"
warning,/home/user/thesis/UncertaintyAndRobustnessInBNNs/runs/mlp512x1/mc_dropout/seed4_eps0p08_lam0p25.json,unknown_mass_identity,"standard, eps=0.01: MAE=0.00127"
warning,/home/user/thesis/UncertaintyAndRobustnessInBNNs/runs/mlp512x1/mc_dropout/seed4_eps0p08_lam0p25.json,unknown_mass_identity,"standard, eps=0.05: MAE=0.014"
warning,/home/user/thesis/UncertaintyAndRobustnessInBNNs/runs/mlp512x1/mc_dropout/seed4_eps0p08_lam0p25.json,unknown_mass_identity,"standard, eps=0.07: MAE=0.0141"
warning,/home/user/thesis/UncertaintyAndRobustnessInBNNs/runs/mlp512x1/mc_dropout/seed4_eps0p08_lam0p25.json,unknown_mass_identity,"standard, eps=0.08: MAE=0.0067"
warning,/home/user/thesis/UncertaintyAndRobustnessInBNNs/runs/mlp512x1/mc_dropout/seed4_eps0p08_lam0p25.json,unknown_mass_identity,"standard, eps=0.1: MAE=0.00391"
warning,/home/user/thesis/UncertaintyAndRobustnessInBNNs/runs/mlp512x1/mc_dropout/seed4_eps0p08_lam0p25.json,unknown_mass_identity,"robust, eps=0.01: MAE=3.69e-05"
warning,/home/user/thesis/UncertaintyAndRobustnessInBNNs/runs/mlp512x1/mc_dropout/seed4_eps0p08_lam0p25.json,unknown_mass_identity,"robust, eps=0.05: MAE=0.000461"
warning,/home/user/thesis/UncertaintyAndRobustnessInBNNs/runs/mlp512x1/mc_dropout/seed4_eps0p08_lam0p25.json,unknown_mass_identity,"robust, eps=0.07: MAE=0.00116"
warning,/home/user/thesis/UncertaintyAndRobustnessInBNNs/runs/mlp512x1/mc_dropout/seed4_eps0p08_lam0p25.json,unknown_mass_identity,"robust, eps=0.08: MAE=0.00143"
warning,/home/user/thesis/UncertaintyAndRobustnessInBNNs/runs/mlp512x1/mc_dropout/seed4_eps0p08_lam0p25.json,unknown_mass_identity,"robust, eps=0.1: MAE=0.00378"
warning,/home/user/thesis/UncertaintyAndRobustnessInBNNs/runs/mlp512x1/vogn/seed0_eps0p08_lam0p25.json,unknown_mass_identity,"standard, eps=0.01: MAE=0.00336"
warning,/home/user/thesis/UncertaintyAndRobustnessInBNNs/runs/mlp512x1/vogn/seed0_eps0p08_lam0p25.json,unknown_mass_identity,"standard, eps=0.05: MAE=0.0237"
warning,/home/user/thesis/UncertaintyAndRobustnessInBNNs/runs/mlp512x1/vogn/seed0_eps0p08_lam0p25.json,unknown_mass_identity,"standard, eps=0.07: MAE=0.0136"
warning,/home/user/thesis/UncertaintyAndRobustnessInBNNs/runs/mlp512x1/vogn/seed0_eps0p08_lam0p25.json,unknown_mass_identity,"standard, eps=0.08: MAE=0.00992"
warning,/home/user/thesis/UncertaintyAndRobustnessInBNNs/runs/mlp512x1/vogn/seed0_eps0p08_lam0p25.json,unknown_mass_identity,"standard, eps=0.1: MAE=0.002"
warning,/home/user/thesis/UncertaintyAndRobustnessInBNNs/runs/mlp512x1/vogn/seed0_eps0p08_lam0p25.json,unknown_mass_identity,"robust, eps=0.01: MAE=0.000112"
warning,/home/user/thesis/UncertaintyAndRobustnessInBNNs/runs/mlp512x1/vogn/seed0_eps0p08_lam0p25.json,unknown_mass_identity,"robust, eps=0.05: MAE=0.0028"
warning,/home/user/thesis/UncertaintyAndRobustnessInBNNs/runs/mlp512x1/vogn/seed0_eps0p08_lam0p25.json,unknown_mass_identity,"robust, eps=0.07: MAE=0.00472"
warning,/home/user/thesis/UncertaintyAndRobustnessInBNNs/runs/mlp512x1/vogn/seed0_eps0p08_lam0p25.json,unknown_mass_identity,"robust, eps=0.08: MAE=0.00514"
warning,/home/user/thesis/UncertaintyAndRobustnessInBNNs/runs/mlp512x1/vogn/seed0_eps0p08_lam0p25.json,unknown_mass_identity,"robust, eps=0.1: MAE=0.00712"
warning,/home/user/thesis/UncertaintyAndRobustnessInBNNs/runs/mlp512x1/vogn/seed1_eps0p08_lam0p25.json,unknown_mass_identity,"standard, eps=0.01: MAE=0.00336"
warning,/home/user/thesis/UncertaintyAndRobustnessInBNNs/runs/mlp512x1/vogn/seed1_eps0p08_lam0p25.json,unknown_mass_identity,"standard, eps=0.05: MAE=0.0245"
warning,/home/user/thesis/UncertaintyAndRobustnessInBNNs/runs/mlp512x1/vogn/seed1_eps0p08_lam0p25.json,unknown_mass_identity,"standard, eps=0.07: MAE=0.0119"
warning,/home/user/thesis/UncertaintyAndRobustnessInBNNs/runs/mlp512x1/vogn/seed1_eps0p08_lam0p25.json,unknown_mass_identity,"standard, eps=0.08: MAE=0.0057"
warning,/home/user/thesis/UncertaintyAndRobustnessInBNNs/runs/mlp512x1/vogn/seed1_eps0p08_lam0p25.json,unknown_mass_identity,"standard, eps=0.1: MAE=0.00169"
warning,/home/user/thesis/UncertaintyAndRobustnessInBNNs/runs/mlp512x1/vogn/seed1_eps0p08_lam0p25.json,unknown_mass_identity,"robust, eps=0.05: MAE=0.00203"
warning,/home/user/thesis/UncertaintyAndRobustnessInBNNs/runs/mlp512x1/vogn/seed1_eps0p08_lam0p25.json,unknown_mass_identity,"robust, eps=0.07: MAE=0.00366"
warning,/home/user/thesis/UncertaintyAndRobustnessInBNNs/runs/mlp512x1/vogn/seed1_eps0p08_lam0p25.json,unknown_mass_identity,"robust, eps=0.08: MAE=0.00302"
warning,/home/user/thesis/UncertaintyAndRobustnessInBNNs/runs/mlp512x1/vogn/seed1_eps0p08_lam0p25.json,unknown_mass_identity,"robust, eps=0.1: MAE=0.00633"
warning,/home/user/thesis/UncertaintyAndRobustnessInBNNs/runs/mlp512x1/vogn/seed2_eps0p08_lam0p25.json,unknown_mass_identity,"standard, eps=0.01: MAE=0.00273"
warning,/home/user/thesis/UncertaintyAndRobustnessInBNNs/runs/mlp512x1/vogn/seed2_eps0p08_lam0p25.json,unknown_mass_identity,"standard, eps=0.05: MAE=0.0229"
warning,/home/user/thesis/UncertaintyAndRobustnessInBNNs/runs/mlp512x1/vogn/seed2_eps0p08_lam0p25.json,unknown_mass_identity,"standard, eps=0.07: MAE=0.0125"
warning,/home/user/thesis/UncertaintyAndRobustnessInBNNs/runs/mlp512x1/vogn/seed2_eps0p08_lam0p25.json,unknown_mass_identity,"standard, eps=0.08: MAE=0.0094"
warning,/home/user/thesis/UncertaintyAndRobustnessInBNNs/runs/mlp512x1/vogn/seed2_eps0p08_lam0p25.json,unknown_mass_identity,"standard, eps=0.1: MAE=0.00246"
warning,/home/user/thesis/UncertaintyAndRobustnessInBNNs/runs/mlp512x1/vogn/seed2_eps0p08_lam0p25.json,unknown_mass_identity,"robust, eps=0.01: MAE=0.000101"
warning,/home/user/thesis/UncertaintyAndRobustnessInBNNs/runs/mlp512x1/vogn/seed2_eps0p08_lam0p25.json,unknown_mass_identity,"robust, eps=0.05: MAE=0.00436"
warning,/home/user/thesis/UncertaintyAndRobustnessInBNNs/runs/mlp512x1/vogn/seed2_eps0p08_lam0p25.json,unknown_mass_identity,"robust, eps=0.07: MAE=0.00546"
warning,/home/user/thesis/UncertaintyAndRobustnessInBNNs/runs/mlp512x1/vogn/seed2_eps0p08_lam0p25.json,unknown_mass_identity,"robust, eps=0.08: MAE=0.00382"
warning,/home/user/thesis/UncertaintyAndRobustnessInBNNs/runs/mlp512x1/vogn/seed2_eps0p08_lam0p25.json,unknown_mass_identity,"robust, eps=0.1: MAE=0.0104"
warning,/home/user/thesis/UncertaintyAndRobustnessInBNNs/runs/mlp512x1/vogn/seed3_eps0p08_lam0p25.json,unknown_mass_identity,"standard, eps=0.01: MAE=0.00352"
warning,/home/user/thesis/UncertaintyAndRobustnessInBNNs/runs/mlp512x1/vogn/seed3_eps0p08_lam0p25.json,unknown_mass_identity,"standard, eps=0.05: MAE=0.0226"
warning,/home/user/thesis/UncertaintyAndRobustnessInBNNs/runs/mlp512x1/vogn/seed3_eps0p08_lam0p25.json,unknown_mass_identity,"standard, eps=0.07: MAE=0.0143"
warning,/home/user/thesis/UncertaintyAndRobustnessInBNNs/runs/mlp512x1/vogn/seed3_eps0p08_lam0p25.json,unknown_mass_identity,"standard, eps=0.08: MAE=0.00987"
warning,/home/user/thesis/UncertaintyAndRobustnessInBNNs/runs/mlp512x1/vogn/seed3_eps0p08_lam0p25.json,unknown_mass_identity,"standard, eps=0.1: MAE=0.00443"
warning,/home/user/thesis/UncertaintyAndRobustnessInBNNs/runs/mlp512x1/vogn/seed3_eps0p08_lam0p25.json,unknown_mass_identity,"robust, eps=0.01: MAE=2.8e-05"
warning,/home/user/thesis/UncertaintyAndRobustnessInBNNs/runs/mlp512x1/vogn/seed3_eps0p08_lam0p25.json,unknown_mass_identity,"robust, eps=0.05: MAE=0.00259"
warning,/home/user/thesis/UncertaintyAndRobustnessInBNNs/runs/mlp512x1/vogn/seed3_eps0p08_lam0p25.json,unknown_mass_identity,"robust, eps=0.07: MAE=0.00336"
warning,/home/user/thesis/UncertaintyAndRobustnessInBNNs/runs/mlp512x1/vogn/seed3_eps0p08_lam0p25.json,unknown_mass_identity,"robust, eps=0.08: MAE=0.00523"
warning,/home/user/thesis/UncertaintyAndRobustnessInBNNs/runs/mlp512x1/vogn/seed3_eps0p08_lam0p25.json,unknown_mass_identity,"robust, eps=0.1: MAE=0.00424"
warning,/home/user/thesis/UncertaintyAndRobustnessInBNNs/runs/mlp512x1/vogn/seed4_eps0p08_lam0p25.json,unknown_mass_identity,"standard, eps=0.01: MAE=0.00223"
warning,/home/user/thesis/UncertaintyAndRobustnessInBNNs/runs/mlp512x1/vogn/seed4_eps0p08_lam0p25.json,unknown_mass_identity,"standard, eps=0.05: MAE=0.0217"
warning,/home/user/thesis/UncertaintyAndRobustnessInBNNs/runs/mlp512x1/vogn/seed4_eps0p08_lam0p25.json,unknown_mass_identity,"standard, eps=0.07: MAE=0.0127"
warning,/home/user/thesis/UncertaintyAndRobustnessInBNNs/runs/mlp512x1/vogn/seed4_eps0p08_lam0p25.json,unknown_mass_identity,"standard, eps=0.08: MAE=0.00943"
warning,/home/user/thesis/UncertaintyAndRobustnessInBNNs/runs/mlp512x1/vogn/seed4_eps0p08_lam0p25.json,unknown_mass_identity,"standard, eps=0.1: MAE=0.00138"
warning,/home/user/thesis/UncertaintyAndRobustnessInBNNs/runs/mlp512x1/vogn/seed4_eps0p08_lam0p25.json,unknown_mass_identity,"robust, eps=0.01: MAE=0.00048"
warning,/home/user/thesis/UncertaintyAndRobustnessInBNNs/runs/mlp512x1/vogn/seed4_eps0p08_lam0p25.json,unknown_mass_identity,"robust, eps=0.05: MAE=0.00163"
warning,/home/user/thesis/UncertaintyAndRobustnessInBNNs/runs/mlp512x1/vogn/seed4_eps0p08_lam0p25.json,unknown_mass_identity,"robust, eps=0.07: MAE=0.00315"
warning,/home/user/thesis/UncertaintyAndRobustnessInBNNs/runs/mlp512x1/vogn/seed4_eps0p08_lam0p25.json,unknown_mass_identity,"robust, eps=0.08: MAE=0.00298"
warning,/home/user/thesis/UncertaintyAndRobustnessInBNNs/runs/mlp512x1/vogn/seed4_eps0p08_lam0p25.json,unknown_mass_identity,"robust, eps=0.1: MAE=0.00564"
warning,/home/user/thesis/UncertaintyAndRobustnessInBNNs/runs,predictive_margin_missing,top-two predictive probability margin is absent from all payloads
