comparison_id,architecture,family,seed,eval_split,train_epsilon,rob_lam,robust_config_id,clean_accuracy_standard,clean_accuracy_robust,clean_accuracy_delta,pgd_accuracy_auc_standard,pgd_accuracy_auc_robust,pgd_accuracy_auc_delta
/home/user/thesis/UncertaintyAndRobustnessInBNNs/runs/mlp512x1/bbb/seed0_eps0p08_lam0p25.json,mlp512x1,bbb,0,val,0.08,0.25,robust_eps0p08_lam0p25,0.983,0.971,-0.01200000000000001,0.5494285714285715,0.813625,0.26419642857142855
/home/user/thesis/UncertaintyAndRobustnessInBNNs/runs/mlp512x1/bbb/seed1_eps0p08_lam0p25.json,mlp512x1,bbb,1,val,0.08,0.25,robust_eps0p08_lam0p25,0.984,0.976,-0.008000000000000007,0.5472857142857143,0.8131607142857142,0.265875
/home/user/thesis/UncertaintyAndRobustnessInBNNs/runs/mlp512x1/bbb/seed2_eps0p08_lam0p25.json,mlp512x1,bbb,2,val,0.08,0.25,robust_eps0p08_lam0p25,0.9835,0.9705,-0.013000000000000012,0.53775,0.8114464285714286,0.2736964285714286
/home/user/thesis/UncertaintyAndRobustnessInBNNs/runs/mlp512x1/bbb/seed3_eps0p08_lam0p25.json,mlp512x1,bbb,3,val,0.08,0.25,robust_eps0p08_lam0p25,0.981,0.974,-0.007000000000000006,0.5475357142857142,0.8086428571428572,0.261107142857143
/home/user/thesis/UncertaintyAndRobustnessInBNNs/runs/mlp512x1/bbb/seed4_eps0p08_lam0p25.json,mlp512x1,bbb,4,val,0.08,0.25,robust_eps0p08_lam0p25,0.979,0.9735,-0.005499999999999949,0.5460892857142858,0.8138214285714287,0.26773214285714286
/home/user/thesis/UncertaintyAndRobustnessInBNNs/runs/mlp512x1/deterministic/seed0_eps0p08_lam0p25.json,mlp512x1,deterministic,0,val,0.08,0.25,robust_eps0p08_lam0p25,0.983,0.9825,-0.0004999999999999449,0.3251071428571429,0.8679642857142857,0.5428571428571429
/home/user/thesis/UncertaintyAndRobustnessInBNNs/runs/mlp512x1/deterministic/seed1_eps0p08_lam0p25.json,mlp512x1,deterministic,1,val,0.08,0.25,robust_eps0p08_lam0p25,0.984,0.9815,-0.0024999999999999467,0.32853571428571426,0.8707857142857142,0.5422499999999999
/home/user/thesis/UncertaintyAndRobustnessInBNNs/runs/mlp512x1/deterministic/seed2_eps0p08_lam0p25.json,mlp512x1,deterministic,2,val,0.08,0.25,robust_eps0p08_lam0p25,0.9785,0.9835,0.0050000000000000044,0.3342321428571429,0.8715714285714286,0.5373392857142856
/home/user/thesis/UncertaintyAndRobustnessInBNNs/runs/mlp512x1/deterministic/seed3_eps0p08_lam0p25.json,mlp512x1,deterministic,3,val,0.08,0.25,robust_eps0p08_lam0p25,0.985,0.983,-0.0020000000000000018,0.32592857142857146,0.8660535714285714,0.540125
/home/user/thesis/UncertaintyAndRobustnessInBNNs/runs/mlp512x1/deterministic/seed4_eps0p08_lam0p25.json,mlp512x1,deterministic,4,val,0.08,0.25,robust_eps0p08_lam0p25,0.9825,0.9815,-0.0010000000000000009,0.33262500000000006,0.8715535714285714,0.5389285714285713
/home/user/thesis/UncertaintyAndRobustnessInBNNs/runs/mlp512x1/mc_dropout/seed0_eps0p08_lam0p25.json,mlp512x1,mc_dropout,0,val,0.08,0.25,robust_eps0p08_lam0p25,0.984,0.98,-0.0040000000000000036,0.3775892857142857,0.8565535714285716,0.4789642857142859
/home/user/thesis/UncertaintyAndRobustnessInBNNs/runs/mlp512x1/mc_dropout/seed1_eps0p08_lam0p25.json,mlp512x1,mc_dropout,1,val,0.08,0.25,robust_eps0p08_lam0p25,0.984,0.9805,-0.0034999999999999476,0.3518392857142858,0.8525892857142858,0.50075
/home/user/thesis/UncertaintyAndRobustnessInBNNs/runs/mlp512x1/mc_dropout/seed2_eps0p08_lam0p25.json,mlp512x1,mc_dropout,2,val,0.08,0.25,robust_eps0p08_lam0p25,0.9825,0.9815,-0.0010000000000000009,0.3566964285714286,0.854625,0.4979285714285714
/home/user/thesis/UncertaintyAndRobustnessInBNNs/runs/mlp512x1/mc_dropout/seed3_eps0p08_lam0p25.json,mlp512x1,mc_dropout,3,val,0.08,0.25,robust_eps0p08_lam0p25,0.985,0.9815,-0.0034999999999999476,0.38291071428571427,0.861,0.4780892857142857
/home/user/thesis/UncertaintyAndRobustnessInBNNs/runs/mlp512x1/mc_dropout/seed4_eps0p08_lam0p25.json,mlp512x1,mc_dropout,4,val,0.08,0.25,robust_eps0p08_lam0p25,0.985,0.9805,-0.0044999999999999485,0.37110714285714297,0.8466071428571428,0.4754999999999998
/home/user/thesis/UncertaintyAndRobustnessInBNNs/runs/mlp512x1/vogn/seed0_eps0p08_lam0p25.json,mlp512x1,vogn,0,val,0.08,0.25,robust_eps0p08_lam0p25,0.9735,0.919,-0.05449999999999999,0.6862857142857144,0.6617678571428571,-0.024517857142857258
/home/user/thesis/UncertaintyAndRobustnessInBNNs/runs/mlp512x1/vogn/seed1_eps0p08_lam0p25.json,mlp512x1,vogn,1,val,0.08,0.25,robust_eps0p08_lam0p25,0.971,0.933,-0.03799999999999992,0.6532857142857142,0.6652678571428573,0.011982142857143052
/home/user/thesis/UncertaintyAndRobustnessInBNNs/runs/mlp512x1/vogn/seed2_eps0p08_lam0p25.json,mlp512x1,vogn,2,val,0.08,0.25,robust_eps0p08_lam0p25,0.9735,0.931,-0.04249999999999998,0.6737142857142857,0.6645178571428572,-0.00919642857142855
/home/user/thesis/UncertaintyAndRobustnessInBNNs/runs/mlp512x1/vogn/seed3_eps0p08_lam0p25.json,mlp512x1,vogn,3,val,0.08,0.25,robust_eps0p08_lam0p25,0.9725,0.9255,-0.04700000000000004,0.6495178571428573,0.6702678571428572,0.020749999999999935
/home/user/thesis/UncertaintyAndRobustnessInBNNs/runs/mlp512x1/vogn/seed4_eps0p08_lam0p25.json,mlp512x1,vogn,4,val,0.08,0.25,robust_eps0p08_lam0p25,0.9735,0.93,-0.04349999999999998,0.665625,0.6535535714285715,-0.01207142857142851
