family,condition,seed,train_eps,rob_lam,eval_split,run_file,eps,n_inputs,mean_p_safe_lower,mean_p_safe_upper,mean_interval_width,frac_p_safe_lower_geq_0p5,mean_p_safe_point,median_p_safe_point,frac_p_safe_point_geq_0p9,mean_unknown_frac,mean_property_evaluations,mean_net_frac_safe,mean_net_frac_unsafe
bbb,standard,0,,,test,seed0_eps0p08_lam0p25.json,0.01,50,0.8507234886082233,0.9896780821917808,0.13895459358355744,0.94,0.9257234886082234,1.0,0.82,0.05964353129356006,132.34,0.98,0.02
bbb,standard,0,,,test,seed0_eps0p08_lam0p25.json,0.05,50,0.0,0.47716509566535875,0.47716509566535875,0.0,0.0,0.0,0.0,0.41958762886597945,171.08,0.16,0.12
bbb,standard,0,,,test,seed0_eps0p08_lam0p25.json,0.07,50,0.0,0.19710084369968311,0.19710084369968311,0.0,0.0,0.0,0.0,0.12515463917525774,151.14,0.0,0.36
bbb,standard,0,,,test,seed0_eps0p08_lam0p25.json,0.08,50,0.0,0.12458520598504416,0.12458520598504416,0.0,0.0,0.0,0.0,0.0490721649484536,125.3,0.0,0.44
bbb,standard,0,,,test,seed0_eps0p08_lam0p25.json,0.1,50,0.0,0.08492801660950132,0.08492801660950132,0.0,0.0,0.0,0.0,0.007628865979381442,104.66,0.0,0.72
bbb,robust,0,0.08,0.25,test,seed0_eps0p08_lam0p25.json,0.01,50,0.9249999999999998,1.0,0.07499999999999997,1.0,1.0,1.0,1.0,0.0,94.0,1.0,0.0
bbb,robust,0,0.08,0.25,test,seed0_eps0p08_lam0p25.json,0.05,50,0.8506077235772357,0.9378493150684932,0.08724159149125735,0.92,0.9211077235772358,1.0,0.92,0.010308943089430896,99.54,0.94,0.06
bbb,robust,0,0.08,0.25,test,seed0_eps0p08_lam0p25.json,0.07,50,0.8063907450718341,0.9269467455621302,0.12055600049029586,0.88,0.8738907450718344,1.0,0.86,0.04638463976081647,104.38,0.9,0.08
bbb,robust,0,0.08,0.25,test,seed0_eps0p08_lam0p25.json,0.08,50,0.7433233630765363,0.8989024035325406,0.1555790404560041,0.8,0.8063233630765364,1.0,0.78,0.08336735857294815,115.04,0.86,0.08
bbb,robust,0,0.08,0.25,test,seed0_eps0p08_lam0p25.json,0.1,50,0.5413603975146252,0.8406231372455096,0.2992627397308844,0.6,0.5904473093699776,0.9827586206896552,0.54,0.23140836073311521,138.28,0.7,0.18
bbb,standard,1,,,test,seed1_eps0p08_lam0p25.json,0.01,50,0.8551654264660568,0.9932739726027399,0.13810854613668297,0.94,0.9293320931327235,1.0,0.82,0.059541879470016316,134.8,1.0,0.0
bbb,standard,1,,,test,seed1_eps0p08_lam0p25.json,0.05,50,0.0,0.4825393261151303,0.4825393261151303,0.0,0.0,0.0,0.0,0.42577319587628865,171.68,0.12,0.12
bbb,standard,1,,,test,seed1_eps0p08_lam0p25.json,0.07,50,0.0,0.21994022710622668,0.21994022710622668,0.0,0.0,0.0,0.0,0.14804123711340206,135.68,0.0,0.36
bbb,standard,1,,,test,seed1_eps0p08_lam0p25.json,0.08,50,0.0,0.15423868251810122,0.15423868251810122,0.0,0.0,0.0,0.0,0.07876288659793813,129.68,0.0,0.48
bbb,standard,1,,,test,seed1_eps0p08_lam0p25.json,0.1,50,0.0,0.08186827953794357,0.08186827953794357,0.0,0.0,0.0,0.0,0.007422680412371135,105.02,0.0,0.74
bbb,robust,1,0.08,0.25,test,seed1_eps0p08_lam0p25.json,0.01,50,0.9249999999999998,1.0,0.07499999999999997,1.0,1.0,1.0,1.0,0.0,94.0,1.0,0.0
bbb,robust,1,0.08,0.25,test,seed1_eps0p08_lam0p25.json,0.05,50,0.8508165137614678,0.9936917808219178,0.1428752670604499,0.92,0.9201390944066291,1.0,0.92,0.07060026604589291,98.68,0.94,0.0
bbb,robust,1,0.08,0.25,test,seed1_eps0p08_lam0p25.json,0.07,50,0.7600449826989617,0.9307526156833135,0.17070763298435154,0.82,0.8233989649998469,1.0,0.82,0.10186150393546922,109.64,0.9,0.08
bbb,robust,1,0.08,0.25,test,seed1_eps0p08_lam0p25.json,0.08,50,0.7244046556543191,0.9049375337236362,0.18053287806931703,0.78,0.7859046556543191,1.0,0.74,0.10770359176836136,126.42,0.82,0.1
bbb,robust,1,0.08,0.25,test,seed1_eps0p08_lam0p25.json,0.1,50,0.5683459044413119,0.8531535605275664,0.28480765608625447,0.62,0.618616246280503,1.0,0.56,0.21994045475042476,129.02,0.74,0.16
bbb,standard,2,,,test,seed2_eps0p08_lam0p25.json,0.01,50,0.8562920459361721,0.9867559732398854,0.13046392730371317,0.92,0.9297920459361722,1.0,0.86,0.052545944134765286,124.48,0.98,0.0
bbb,standard,2,,,test,seed2_eps0p08_lam0p25.json,0.05,50,0.0,0.5041146338856977,0.5041146338856977,0.0,0.0,0.0,0.0,0.4418556701030928,173.92,0.16,0.1
bbb,standard,2,,,test,seed2_eps0p08_lam0p25.json,0.07,50,0.0,0.18783884265447207,0.18783884265447207,0.0,0.0,0.0,0.0,0.10907216494845359,151.16,0.0,0.32
bbb,standard,2,,,test,seed2_eps0p08_lam0p25.json,0.08,50,0.0,0.11339632733415902,0.11339632733415902,0.0,0.0,0.0,0.0,0.03402061855670103,124.14,0.0,0.42
bbb,standard,2,,,test,seed2_eps0p08_lam0p25.json,0.1,50,0.0,0.07517699115044245,0.07517699115044245,0.0,0.0,0.0,0.0,0.00020618556701030926,97.32,0.0,0.72
bbb,robust,2,0.08,0.25,test,seed2_eps0p08_lam0p25.json,0.01,50,0.9249999999999998,1.0,0.07499999999999997,1.0,1.0,1.0,1.0,0.0,94.0,1.0,0.0
bbb,robust,2,0.08,0.25,test,seed2_eps0p08_lam0p25.json,0.05,50,0.851,0.9448539823008849,0.0938539823008849,0.92,0.92,1.0,0.92,0.020412371134020616,94.88,0.94,0.06
bbb,robust,2,0.08,0.25,test,seed2_eps0p08_lam0p25.json,0.07,50,0.8287548699258513,0.9424383561643837,0.11368348623853208,0.9,0.8964318610762939,1.0,0.88,0.03929663084962524,102.92,0.9,0.06
bbb,robust,2,0.08,0.25,test,seed2_eps0p08_lam0p25.json,0.08,50,0.7634847098217256,0.9330997410209229,0.16961503119919705,0.82,0.828307290466887,1.0,0.82,0.09757398655339906,111.34,0.9,0.06
bbb,robust,2,0.08,0.25,test,seed2_eps0p08_lam0p25.json,0.1,50,0.5395537098616777,0.8918202323822346,0.352266522520557,0.58,0.5865014710557075,0.9954128440366973,0.54,0.2881377042020244,136.64,0.66,0.1
bbb,standard,3,,,test,seed3_eps0p08_lam0p25.json,0.01,50,0.8451268899740662,0.9971164383561644,0.15198954838209824,0.92,0.9201268899740661,1.0,0.8,0.07397597768674995,135.44,1.0,0.0
bbb,standard,3,,,test,seed3_eps0p08_lam0p25.json,0.05,50,0.0,0.5050786821129207,0.5050786821129207,0.0,0.0,0.0,0.0,0.4457731958762887,160.14,0.22,0.12
bbb,standard,3,,,test,seed3_eps0p08_lam0p25.json,0.07,50,0.0,0.2483393593150029,0.2483393593150029,0.0,0.0,0.0,0.0,0.17567010309278344,146.38,0.02,0.38
bbb,standard,3,,,test,seed3_eps0p08_lam0p25.json,0.08,50,0.0,0.16607983196615841,0.16607983196615841,0.0,0.0,0.0,0.0,0.09608247422680412,128.64,0.0,0.48
bbb,standard,3,,,test,seed3_eps0p08_lam0p25.json,0.1,50,0.0,0.09922462782821612,0.09922462782821612,0.0,0.0,0.0,0.0,0.022268041237113404,107.94,0.0,0.62
bbb,robust,3,0.08,0.25,test,seed3_eps0p08_lam0p25.json,0.01,50,0.9249999999999998,1.0,0.07499999999999997,1.0,1.0,1.0,1.0,0.0,94.0,1.0,0.0
bbb,robust,3,0.08,0.25,test,seed3_eps0p08_lam0p25.json,0.05,50,0.8468137336960312,0.9475108087607851,0.10069707506475378,0.92,0.9173137336960312,1.0,0.88,0.02486929967807324,107.26,0.94,0.06
bbb,robust,3,0.08,0.25,test,seed3_eps0p08_lam0p25.json,0.07,50,0.8063132129018173,0.9109246575342467,0.10461144463242915,0.88,0.8723132129018174,1.0,0.84,0.031604312871378486,105.36,0.88,0.1
bbb,robust,3,0.08,0.25,test,seed3_eps0p08_lam0p25.json,0.08,50,0.7322903482053453,0.9087120924042209,0.17642174419887546,0.8,0.7952903482053455,1.0,0.74,0.1051220229286752,117.08,0.86,0.1
bbb,robust,3,0.08,0.25,test,seed3_eps0p08_lam0p25.json,0.1,50,0.5275663856691254,0.8300289527056134,0.3024625670364879,0.58,0.5721846991802014,1.0,0.54,0.24327921834557176,128.9,0.66,0.16
bbb,standard,4,,,test,seed4_eps0p08_lam0p25.json,0.01,50,0.8686944472727859,0.9880753424657535,0.11938089519296753,0.96,0.9430481058093712,1.0,0.8,0.0439185603730738,133.08,0.98,0.0
bbb,standard,4,,,test,seed4_eps0p08_lam0p25.json,0.05,50,0.0,0.4761041210578481,0.4761041210578481,0.0,0.0,0.0,0.0,0.41402061855670097,164.96,0.22,0.1
bbb,standard,4,,,test,seed4_eps0p08_lam0p25.json,0.07,50,0.0,0.22081772500978494,0.22081772500978494,0.0,0.0,0.0,0.0,0.14494845360824743,153.6,0.0,0.42
bbb,standard,4,,,test,seed4_eps0p08_lam0p25.json,0.08,50,0.0,0.13910926658477846,0.13910926658477846,0.0,0.0,0.0,0.0,0.06412371134020618,129.34,0.0,0.52
bbb,standard,4,,,test,seed4_eps0p08_lam0p25.json,0.1,50,0.0,0.07858689085354953,0.07858689085354953,0.0,0.0,0.0,0.0,0.003298969072164948,102.2,0.0,0.66
bbb,robust,4,0.08,0.25,test,seed4_eps0p08_lam0p25.json,0.01,50,0.9249999999999998,1.0,0.07499999999999997,1.0,1.0,1.0,1.0,0.0,94.0,1.0,0.0
bbb,robust,4,0.08,0.25,test,seed4_eps0p08_lam0p25.json,0.05,50,0.8860821917808218,0.9815,0.09541780821917804,0.96,0.958082191780822,1.0,0.96,0.020474509250105917,98.44,0.96,0.02
bbb,robust,4,0.08,0.25,test,seed4_eps0p08_lam0p25.json,0.07,50,0.7673618697162496,0.9369337899543378,0.16957192023808823,0.82,0.8333618697162496,1.0,0.76,0.0935997176301704,127.02,0.9,0.06
bbb,robust,4,0.08,0.25,test,seed4_eps0p08_lam0p25.json,0.08,50,0.6850833333333333,0.890520765383779,0.2054374320504457,0.74,0.7437013230801096,1.0,0.74,0.13499195947291406,117.96,0.78,0.1
bbb,robust,4,0.08,0.25,test,seed4_eps0p08_lam0p25.json,0.1,50,0.5808792251567908,0.8326784861940939,0.25179926103730316,0.64,0.6309067142617188,1.0,0.6,0.18455720326405445,128.44,0.72,0.16
deterministic,standard,0,,,test,seed0_eps0p08_lam0p25.json,0.01,50,0.9249999999999998,1.0,0.07499999999999997,1.0,1.0,1.0,1.0,0.0,94.0,1.0,0.0
deterministic,standard,0,,,test,seed0_eps0p08_lam0p25.json,0.05,50,0.0,0.5950338983050847,0.5950338983050847,0.0,0.0,0.0,0.0,0.5616494845360824,99.78,0.0,0.44
deterministic,standard,0,,,test,seed0_eps0p08_lam0p25.json,0.07,50,0.0,0.297,0.297,0.0,0.0,0.0,0.0,0.24,97.0,0.0,0.76
deterministic,standard,0,,,test,seed0_eps0p08_lam0p25.json,0.08,50,0.0,0.18599999999999994,0.18599999999999994,0.0,0.0,0.0,0.0,0.1197938144329897,97.0,0.0,0.88
deterministic,standard,0,,,test,seed0_eps0p08_lam0p25.json,0.1,50,0.0,0.07499999999999997,0.07499999999999997,0.0,0.0,0.0,0.0,0.0,97.0,0.0,1.0
deterministic,robust,0,0.08,0.25,test,seed0_eps0p08_lam0p25.json,0.01,50,0.9249999999999998,1.0,0.07499999999999997,1.0,1.0,1.0,1.0,0.0,94.0,1.0,0.0
deterministic,robust,0,0.08,0.25,test,seed0_eps0p08_lam0p25.json,0.05,50,0.9249999999999998,1.0,0.07499999999999997,1.0,1.0,1.0,1.0,0.0,94.0,1.0,0.0
deterministic,robust,0,0.08,0.25,test,seed0_eps0p08_lam0p25.json,0.07,50,0.8324999999999999,0.963,0.13049999999999998,0.9,0.9,1.0,0.9,0.06,94.3,0.9,0.04
deterministic,robust,0,0.08,0.25,test,seed0_eps0p08_lam0p25.json,0.08,50,0.814,0.8894477611940297,0.07544776119402981,0.88,0.88,1.0,0.88,0.00020618556701030926,95.1,0.88,0.12
deterministic,robust,0,0.08,0.25,test,seed0_eps0p08_lam0p25.json,0.1,50,0.74,0.8916119402985074,0.1516119402985074,0.8,0.8,1.0,0.8,0.08309278350515463,98.02,0.8,0.1
deterministic,standard,1,,,test,seed1_eps0p08_lam0p25.json,0.01,50,0.8879999999999998,0.963,0.07499999999999997,0.96,0.96,1.0,0.96,0.0,94.12,0.96,0.04
deterministic,standard,1,,,test,seed1_eps0p08_lam0p25.json,0.05,50,0.0,0.593,0.593,0.0,0.0,0.0,0.0,0.56,97.0,0.0,0.44
deterministic,standard,1,,,test,seed1_eps0p08_lam0p25.json,0.07,50,0.0,0.2156643835616438,0.2156643835616438,0.0,0.0,0.0,0.0,0.14969072164948455,100.9,0.0,0.84
deterministic,standard,1,,,test,seed1_eps0p08_lam0p25.json,0.08,50,0.0,0.14899999999999997,0.14899999999999997,0.0,0.0,0.0,0.0,0.08,97.0,0.0,0.92
deterministic,standard,1,,,test,seed1_eps0p08_lam0p25.json,0.1,50,0.0,0.09405944055944053,0.09405944055944053,0.0,0.0,0.0,0.0,0.02082474226804124,97.92,0.0,0.98
deterministic,robust,1,0.08,0.25,test,seed1_eps0p08_lam0p25.json,0.01,50,0.9249999999999998,1.0,0.07499999999999997,1.0,1.0,1.0,1.0,0.0,94.0,1.0,0.0
deterministic,robust,1,0.08,0.25,test,seed1_eps0p08_lam0p25.json,0.05,50,0.9064999999999998,1.0,0.09349999999999996,0.98,0.98,1.0,0.98,0.02,94.06,0.98,0.0
deterministic,robust,1,0.08,0.25,test,seed1_eps0p08_lam0p25.json,0.07,50,0.8324999999999999,0.9929383561643835,0.16043835616438354,0.9,0.9,1.0,0.9,0.09010309278350516,98.86,0.9,0.0
deterministic,robust,1,0.08,0.25,test,seed1_eps0p08_lam0p25.json,0.08,50,0.8139999999999997,0.9174119373776907,0.10341193737769076,0.88,0.88,1.0,0.88,0.029072164948453612,101.92,0.88,0.1
deterministic,robust,1,0.08,0.25,test,seed1_eps0p08_lam0p25.json,0.1,50,0.6659999999999999,0.900986301369863,0.23498630136986293,0.72,0.72,1.0,0.72,0.171340206185567,103.98,0.72,0.1
deterministic,standard,2,,,test,seed2_eps0p08_lam0p25.json,0.01,50,0.9064999999999998,0.9815,0.07499999999999997,0.98,0.98,1.0,0.98,0.0,94.06,0.98,0.02
deterministic,standard,2,,,test,seed2_eps0p08_lam0p25.json,0.05,50,0.0,0.6090273972602739,0.6090273972602739,0.0,0.0,0.0,0.0,0.5775257731958763,100.9,0.0,0.42
deterministic,standard,2,,,test,seed2_eps0p08_lam0p25.json,0.07,50,0.0,0.29699999999999993,0.29699999999999993,0.0,0.0,0.0,0.0,0.23938144329896907,97.82,0.0,0.76
deterministic,standard,2,,,test,seed2_eps0p08_lam0p25.json,0.08,50,0.0,0.24167699115044244,0.24167699115044244,0.0,0.0,0.0,0.0,0.18,97.56,0.0,0.82
deterministic,standard,2,,,test,seed2_eps0p08_lam0p25.json,0.1,50,0.0,0.10308904109589039,0.10308904109589039,0.0,0.0,0.0,0.0,0.030103092783505155,100.9,0.0,0.98
deterministic,robust,2,0.08,0.25,test,seed2_eps0p08_lam0p25.json,0.01,50,0.9249999999999998,1.0,0.07499999999999997,1.0,1.0,1.0,1.0,0.0,94.0,1.0,0.0
deterministic,robust,2,0.08,0.25,test,seed2_eps0p08_lam0p25.json,0.05,50,0.9064999999999998,1.0,0.09349999999999996,0.98,0.98,1.0,0.98,0.02,94.06,0.98,0.0
deterministic,robust,2,0.08,0.25,test,seed2_eps0p08_lam0p25.json,0.07,50,0.8325,0.9815,0.14899999999999997,0.9,0.9,1.0,0.9,0.08,94.3,0.9,0.02
deterministic,robust,2,0.08,0.25,test,seed2_eps0p08_lam0p25.json,0.08,50,0.7955,0.9444999999999999,0.149,0.86,0.86,1.0,0.86,0.08,94.42,0.86,0.06
deterministic,robust,2,0.08,0.25,test,seed2_eps0p08_lam0p25.json,0.1,50,0.6844999999999999,0.9075,0.22299999999999995,0.74,0.74,1.0,0.74,0.16,94.78,0.74,0.08
deterministic,standard,3,,,test,seed3_eps0p08_lam0p25.json,0.01,50,0.9064999999999998,1.0,0.09349999999999996,0.98,0.98,1.0,0.98,0.02,94.06,0.98,0.0
deterministic,standard,3,,,test,seed3_eps0p08_lam0p25.json,0.05,50,0.0,0.5930000000000001,0.5930000000000001,0.0,0.0,0.0,0.0,0.56,97.0,0.0,0.44
deterministic,standard,3,,,test,seed3_eps0p08_lam0p25.json,0.07,50,0.0,0.29699999999999993,0.29699999999999993,0.0,0.0,0.0,0.0,0.24,97.0,0.0,0.76
deterministic,standard,3,,,test,seed3_eps0p08_lam0p25.json,0.08,50,0.0,0.14899999999999997,0.14899999999999997,0.0,0.0,0.0,0.0,0.08,97.0,0.0,0.92
deterministic,standard,3,,,test,seed3_eps0p08_lam0p25.json,0.1,50,0.0,0.09349999999999996,0.09349999999999996,0.0,0.0,0.0,0.0,0.02,97.0,0.0,0.98
deterministic,robust,3,0.08,0.25,test,seed3_eps0p08_lam0p25.json,0.01,50,0.9249999999999998,1.0,0.07499999999999997,1.0,1.0,1.0,1.0,0.0,94.0,1.0,0.0
deterministic,robust,3,0.08,0.25,test,seed3_eps0p08_lam0p25.json,0.05,50,0.8879999999999998,1.0,0.11199999999999996,0.96,0.96,1.0,0.96,0.04,94.12,0.96,0.0
deterministic,robust,3,0.08,0.25,test,seed3_eps0p08_lam0p25.json,0.07,50,0.851,0.9444999999999999,0.09349999999999996,0.92,0.92,1.0,0.92,0.02,94.24,0.92,0.06
deterministic,robust,3,0.08,0.25,test,seed3_eps0p08_lam0p25.json,0.08,50,0.814,0.9259999999999999,0.11199999999999996,0.88,0.88,1.0,0.88,0.04,94.36,0.88,0.08
deterministic,robust,3,0.08,0.25,test,seed3_eps0p08_lam0p25.json,0.1,50,0.6844999999999999,0.9075,0.22299999999999995,0.74,0.74,1.0,0.74,0.16,94.78,0.74,0.1
deterministic,standard,4,,,test,seed4_eps0p08_lam0p25.json,0.01,50,0.9064999999999998,1.0,0.09349999999999996,0.98,0.98,1.0,0.98,0.02,94.06,0.98,0.0
deterministic,standard,4,,,test,seed4_eps0p08_lam0p25.json,0.05,50,0.0,0.5745,0.5745,0.0,0.0,0.0,0.0,0.54,97.0,0.0,0.46
deterministic,standard,4,,,test,seed4_eps0p08_lam0p25.json,0.07,50,0.0,0.33399999999999996,0.33399999999999996,0.0,0.0,0.0,0.0,0.27876288659793813,98.88,0.0,0.72
deterministic,standard,4,,,test,seed4_eps0p08_lam0p25.json,0.08,50,0.0,0.1346780821917808,0.1346780821917808,0.0,0.0,0.0,0.0,0.06474226804123712,100.9,0.0,0.94
deterministic,standard,4,,,test,seed4_eps0p08_lam0p25.json,0.1,50,0.0,0.09349999999999996,0.09349999999999996,0.0,0.0,0.0,0.0,0.02,97.0,0.0,0.98
deterministic,robust,4,0.08,0.25,test,seed4_eps0p08_lam0p25.json,0.01,50,0.9249999999999998,1.0,0.07499999999999997,1.0,1.0,1.0,1.0,0.0,94.0,1.0,0.0
deterministic,robust,4,0.08,0.25,test,seed4_eps0p08_lam0p25.json,0.05,50,0.8694999999999999,1.0,0.13049999999999998,0.94,0.94,1.0,0.94,0.06,94.18,0.94,0.0
deterministic,robust,4,0.08,0.25,test,seed4_eps0p08_lam0p25.json,0.07,50,0.851,0.9314794520547945,0.0804794520547945,0.92,0.92,1.0,0.92,0.005979381443298969,98.14,0.92,0.08
deterministic,robust,4,0.08,0.25,test,seed4_eps0p08_lam0p25.json,0.08,50,0.7954999999999999,0.9259999999999999,0.13049999999999998,0.86,0.86,1.0,0.86,0.06,94.42,0.86,0.08
deterministic,robust,4,0.08,0.25,test,seed4_eps0p08_lam0p25.json,0.1,50,0.7029999999999998,0.889,0.18599999999999994,0.76,0.76,1.0,0.76,0.12,94.72,0.76,0.12
mc_dropout,standard,0,,,test,seed0_eps0p08_lam0p25.json,0.01,50,0.9027522872229065,0.9980972222222222,0.09534493499931566,1.0,0.9777522872229065,1.0,0.9,0.016576864553944762,116.72,1.0,0.0
mc_dropout,standard,0,,,test,seed0_eps0p08_lam0p25.json,0.05,50,0.0,0.6482703622143678,0.6482703622143678,0.0,0.00017699115044247815,0.0,0.0,0.5963178542103822,191.22,0.0,0.3
mc_dropout,standard,0,,,test,seed0_eps0p08_lam0p25.json,0.07,50,0.0,0.3591379518248705,0.3591379518248705,0.0,0.0,0.0,0.0,0.2847422680412371,183.8,0.0,0.64
mc_dropout,standard,0,,,test,seed0_eps0p08_lam0p25.json,0.08,50,0.0,0.24552426913160585,0.24552426913160585,0.0,0.0,0.0,0.0,0.16659793814432988,173.2,0.0,0.76
mc_dropout,standard,0,,,test,seed0_eps0p08_lam0p25.json,0.1,50,0.0,0.11284932417220958,0.11284932417220958,0.0,0.0,0.0,0.0,0.03711340206185567,130.4,0.0,0.92
mc_dropout,robust,0,0.08,0.25,test,seed0_eps0p08_lam0p25.json,0.01,50,0.9213270005757052,0.9993354978354978,0.07800849725979257,1.0,0.9963270005757053,1.0,0.98,0.00018909702847526682,98.78,1.0,0.0
mc_dropout,robust,0,0.08,0.25,test,seed0_eps0p08_lam0p25.json,0.05,50,0.8736795796827024,0.9796301369863013,0.10595055730359886,0.94,0.9486795796827024,1.0,0.9,0.02411432036980097,116.88,0.96,0.0
mc_dropout,robust,0,0.08,0.25,test,seed0_eps0p08_lam0p25.json,0.07,50,0.821012898219476,0.952380021548407,0.1313671233289309,0.88,0.8925414696480475,1.0,0.88,0.049237072906929455,130.3,0.88,0.04
mc_dropout,robust,0,0.08,0.25,test,seed0_eps0p08_lam0p25.json,0.08,50,0.7813548841583838,0.9310180925303696,0.14966320837198574,0.88,0.8507088664592688,1.0,0.74,0.06684019144978122,152.9,0.88,0.1
mc_dropout,robust,0,0.08,0.25,test,seed0_eps0p08_lam0p25.json,0.1,50,0.6256773591304647,0.8883697710882796,0.26269241195781495,0.72,0.6888332731089594,0.9208796764408493,0.54,0.1779206634174971,179.9,0.72,0.12
mc_dropout,standard,1,,,test,seed1_eps0p08_lam0p25.json,0.01,50,0.8808945774553356,0.9928264887052236,0.11193191124988794,0.98,0.9558945774553357,1.0,0.88,0.029192040976351804,125.18,0.98,0.0
mc_dropout,standard,1,,,test,seed1_eps0p08_lam0p25.json,0.05,50,0.0,0.5738921595245957,0.5738921595245957,0.0,0.0,0.0,0.0,0.5152577319587629,197.6,0.0,0.42
mc_dropout,standard,1,,,test,seed1_eps0p08_lam0p25.json,0.07,50,0.0,0.3149648939102688,0.3149648939102688,0.0,0.0,0.0,0.0,0.23505154639175255,184.64,0.0,0.66
mc_dropout,standard,1,,,test,seed1_eps0p08_lam0p25.json,0.08,50,0.0,0.20092636807828504,0.20092636807828504,0.0,0.0,0.0,0.0,0.12618556701030925,167.14,0.0,0.8
mc_dropout,standard,1,,,test,seed1_eps0p08_lam0p25.json,0.1,50,0.0,0.09073043810078066,0.09073043810078066,0.0,0.0,0.0,0.0,0.017113402061855666,119.44,0.0,0.98
mc_dropout,robust,1,0.08,0.25,test,seed1_eps0p08_lam0p25.json,0.01,50,0.923215889464594,1.0,0.07678411053540585,1.0,0.9982158894645942,1.0,1.0,0.0002072538860103627,96.5,1.0,0.0
mc_dropout,robust,1,0.08,0.25,test,seed1_eps0p08_lam0p25.json,0.05,50,0.8682771374920035,0.9788932106789321,0.11061607318692847,0.94,0.9426307960285889,1.0,0.9,0.027889859625411538,118.3,0.96,0.02
mc_dropout,robust,1,0.08,0.25,test,seed1_eps0p08_lam0p25.json,0.07,50,0.813346937172633,0.951288705091755,0.13794176791912205,0.88,0.8853469371726329,1.0,0.86,0.05312083615123461,131.68,0.88,0.04
mc_dropout,robust,1,0.08,0.25,test,seed1_eps0p08_lam0p25.json,0.08,50,0.7749541115201443,0.9234134138386395,0.14845930231849505,0.88,0.8426493496153823,0.9908256880733946,0.72,0.06488526779358673,149.36,0.88,0.08
mc_dropout,robust,1,0.08,0.25,test,seed1_eps0p08_lam0p25.json,0.1,50,0.624804573147324,0.8682926493094086,0.24348807616208468,0.7,0.6849225628941004,0.9606067219554779,0.56,0.15939156414398245,174.74,0.72,0.14
mc_dropout,standard,2,,,test,seed2_eps0p08_lam0p25.json,0.01,50,0.8992531211158042,0.9983345323741006,0.09908141125829642,1.0,0.9742531211158042,1.0,0.92,0.018374259433903913,123.0,1.0,0.0
mc_dropout,standard,2,,,test,seed2_eps0p08_lam0p25.json,0.05,50,0.0,0.5525202442999881,0.5525202442999881,0.0,0.0003539823008849563,0.0,0.0,0.49180914150168775,203.6,0.0,0.44
mc_dropout,standard,2,,,test,seed2_eps0p08_lam0p25.json,0.07,50,0.0,0.3103565333783088,0.3103565333783088,0.0,0.0,0.0,0.0,0.2371134020618557,171.94,0.0,0.68
mc_dropout,standard,2,,,test,seed2_eps0p08_lam0p25.json,0.08,50,0.0,0.2152219814279933,0.2152219814279933,0.0,0.0,0.0,0.0,0.14,167.1,0.0,0.78
mc_dropout,standard,2,,,test,seed2_eps0p08_lam0p25.json,0.1,50,0.0,0.1083366582444717,0.1083366582444717,0.0,0.0,0.0,0.0,0.03505154639175257,125.68,0.0,0.98
mc_dropout,robust,2,0.08,0.25,test,seed2_eps0p08_lam0p25.json,0.01,50,0.9219713102632354,0.9993354978354978,0.07736418757226207,1.0,0.9969713102632357,1.0,0.98,0.00024489795918367346,97.9,1.0,0.0
mc_dropout,robust,2,0.08,0.25,test,seed2_eps0p08_lam0p25.json,0.05,50,0.870269018532081,0.981078343548267,0.11080932501618573,0.94,0.9442167797261111,1.0,0.9,0.029052732420289683,116.24,0.96,0.02
mc_dropout,robust,2,0.08,0.25,test,seed2_eps0p08_lam0p25.json,0.07,50,0.8257804855808715,0.9460117667720408,0.12023128119116926,0.9,0.8962804855808715,1.0,0.9,0.041779886500906915,130.08,0.9,0.04
mc_dropout,robust,2,0.08,0.25,test,seed2_eps0p08_lam0p25.json,0.08,50,0.7890347792139498,0.9335408731484576,0.14450609393450772,0.88,0.858757001436172,0.9908256880733946,0.76,0.06292788854148083,148.34,0.9,0.08
mc_dropout,robust,2,0.08,0.25,test,seed2_eps0p08_lam0p25.json,0.1,50,0.6275058338560934,0.9036592956365632,0.2761534617804699,0.7,0.688627035265864,0.9581112591605596,0.62,0.19294881843363595,172.12,0.72,0.1
mc_dropout,standard,3,,,test,seed3_eps0p08_lam0p25.json,0.01,50,0.899542343483472,0.995461187214612,0.09591884373113986,0.98,0.9745423434834721,1.0,0.92,0.01728395933200372,115.58,1.0,0.0
mc_dropout,standard,3,,,test,seed3_eps0p08_lam0p25.json,0.05,50,0.003910958904109589,0.6523764315139742,0.6484654726098645,0.0,0.005410958904109589,0.0,0.0,0.5908777008897048,208.94,0.02,0.28
mc_dropout,standard,3,,,test,seed3_eps0p08_lam0p25.json,0.07,50,0.0,0.35994832577641994,0.35994832577641994,0.0,0.0,0.0,0.0,0.28845360824742267,175.3,0.0,0.64
mc_dropout,standard,3,,,test,seed3_eps0p08_lam0p25.json,0.08,50,0.0,0.26166327484062696,0.26166327484062696,0.0,0.0,0.0,0.0,0.1865979381443299,162.6,0.0,0.7
mc_dropout,standard,3,,,test,seed3_eps0p08_lam0p25.json,0.1,50,0.0,0.14304016233558733,0.14304016233558733,0.0,0.0,0.0,0.0,0.07010309278350514,136.48,0.0,0.9
mc_dropout,robust,3,0.08,0.25,test,seed3_eps0p08_lam0p25.json,0.01,50,0.9240533173780081,1.0,0.07594668262199172,1.0,0.9990533173780082,1.0,1.0,0.0,95.48,1.0,0.0
mc_dropout,robust,3,0.08,0.25,test,seed3_eps0p08_lam0p25.json,0.05,50,0.8873951868181978,0.9951232876712329,0.10772810085303483,0.96,0.962395186818198,1.0,0.9,0.02625505391540024,114.66,1.0,0.0
mc_dropout,robust,3,0.08,0.25,test,seed3_eps0p08_lam0p25.json,0.07,50,0.8252450435429662,0.9785342465753425,0.153289203032376,0.92,0.897422034693409,1.0,0.82,0.07040719218359777,134.86,0.92,0.0
mc_dropout,robust,3,0.08,0.25,test,seed3_eps0p08_lam0p25.json,0.08,50,0.7853805887156357,0.9652661923003231,0.1798856035846874,0.82,0.8550053410601081,1.0,0.78,0.09520358057202269,148.14,0.9,0.04
mc_dropout,robust,3,0.08,0.25,test,seed3_eps0p08_lam0p25.json,0.1,50,0.6340047202466588,0.9130901722138103,0.2790854519671517,0.72,0.6961000608264252,0.9421920919048892,0.54,0.19344865168286784,184.02,0.72,0.06
mc_dropout,standard,4,,,test,seed4_eps0p08_lam0p25.json,0.01,50,0.8753232756925046,0.9939793334519362,0.11865605775943143,0.96,0.9503232756925049,1.0,0.84,0.03590258148465361,129.58,0.98,0.0
mc_dropout,standard,4,,,test,seed4_eps0p08_lam0p25.json,0.05,50,0.0,0.555911089936818,0.555911089936818,0.0,0.00044776119402984983,0.0,0.0,0.49380058470533933,202.48,0.0,0.42
mc_dropout,standard,4,,,test,seed4_eps0p08_lam0p25.json,0.07,50,0.0,0.30992633776396533,0.30992633776396533,0.0,0.0,0.0,0.0,0.2346391752577319,168.46,0.0,0.66
mc_dropout,standard,4,,,test,seed4_eps0p08_lam0p25.json,0.08,50,0.0,0.21890302071883408,0.21890302071883408,0.0,0.0,0.0,0.0,0.14288659793814432,162.02,0.0,0.78
mc_dropout,standard,4,,,test,seed4_eps0p08_lam0p25.json,0.1,50,0.0,0.10679954037887864,0.10679954037887864,0.0,0.0,0.0,0.0,0.03237113402061856,127.38,0.0,0.94
mc_dropout,robust,4,0.08,0.25,test,seed4_eps0p08_lam0p25.json,0.01,50,0.9218999504651006,1.0,0.07810004953489924,1.0,0.9968999504651008,1.0,1.0,0.001265666339535586,98.44,1.0,0.0
mc_dropout,robust,4,0.08,0.25,test,seed4_eps0p08_lam0p25.json,0.05,50,0.8602516632145245,0.9615479452054794,0.10129628199095478,0.92,0.9330953210316337,1.0,0.92,0.02176550652532068,114.1,0.94,0.04
mc_dropout,robust,4,0.08,0.25,test,seed4_eps0p08_lam0p25.json,0.07,50,0.8077619119393126,0.9406362916339106,0.13287437969459798,0.86,0.8774285786059792,1.0,0.86,0.05029015343944176,124.44,0.88,0.06
mc_dropout,robust,4,0.08,0.25,test,seed4_eps0p08_lam0p25.json,0.08,50,0.7775971733464891,0.9238497455741126,0.1462525722276232,0.86,0.8459508318830748,0.9954128440366973,0.8,0.06401353091795596,137.36,0.86,0.08
mc_dropout,robust,4,0.08,0.25,test,seed4_eps0p08_lam0p25.json,0.1,50,0.6292326806664228,0.882265429515235,0.25303274884881233,0.7,0.6911625052278262,0.9333575054387238,0.56,0.16842091752870295,177.8,0.72,0.14
vogn,standard,0,,,test,seed0_eps0p08_lam0p25.json,0.01,50,0.7902131726517834,0.9696020464289571,0.17938887377717372,0.88,0.863890163802226,0.9448834991143207,0.58,0.08661011052289808,183.08,0.98,0.02
vogn,standard,0,,,test,seed0_eps0p08_lam0p25.json,0.05,50,0.0,0.48770055286994807,0.48770055286994807,0.0,0.0,0.0,0.0,0.40824742268041225,253.2,0.66,0.04
vogn,standard,0,,,test,seed0_eps0p08_lam0p25.json,0.07,50,0.0,0.21160391369035086,0.21160391369035086,0.0,0.0,0.0,0.0,0.13793814432989687,190.36,0.3,0.16
vogn,standard,0,,,test,seed0_eps0p08_lam0p25.json,0.08,50,0.0,0.14273952251931607,0.14273952251931607,0.0,0.0,0.0,0.0,0.06701030927835051,156.7,0.1,0.24
vogn,standard,0,,,test,seed0_eps0p08_lam0p25.json,0.1,50,0.0,0.08867947516211962,0.08867947516211962,0.0,0.0,0.0,0.0,0.014639175257731958,114.24,0.0,0.4
vogn,robust,0,0.08,0.25,test,seed0_eps0p08_lam0p25.json,0.01,50,0.8516801546867526,0.939031612223393,0.08735145753664036,0.94,0.9251801546867527,1.0,0.88,0.0046836268754076975,113.0,0.94,0.06
vogn,robust,0,0.08,0.25,test,seed0_eps0p08_lam0p25.json,0.05,50,0.5836336468009211,0.8141595386787924,0.2305258918778713,0.64,0.6454876291018061,0.9558729139922978,0.54,0.14364115627831278,157.2,0.84,0.16
vogn,robust,0,0.08,0.25,test,seed0_eps0p08_lam0p25.json,0.07,50,0.3811592234984631,0.6943856015314209,0.31322637803295783,0.4,0.4210560535251225,0.09246737231528102,0.38,0.2320604212231011,172.6,0.7,0.22
vogn,robust,0,0.08,0.25,test,seed0_eps0p08_lam0p25.json,0.08,50,0.2900196082051974,0.6377089456243187,0.3476893374191213,0.3,0.32005627114559737,0.0,0.26,0.27684000709277234,166.64,0.66,0.28
vogn,robust,0,0.08,0.25,test,seed0_eps0p08_lam0p25.json,0.1,50,0.10951547303271443,0.5480861500375848,0.43857067700487035,0.12,0.12072537648958143,0.0,0.12,0.37556328330423305,160.5,0.52,0.36
vogn,standard,1,,,test,seed1_eps0p08_lam0p25.json,0.01,50,0.7907584340610996,0.9764039645164906,0.18564553045539106,0.94,0.8649251007277663,0.9407640854129149,0.58,0.09019506192408876,191.32,0.98,0.02
vogn,standard,1,,,test,seed1_eps0p08_lam0p25.json,0.05,50,0.0,0.44701547934256575,0.44701547934256575,0.0,0.0,0.0,0.0,0.37505154639175253,247.24,0.68,0.08
vogn,standard,1,,,test,seed1_eps0p08_lam0p25.json,0.07,50,0.0,0.19836789524292286,0.19836789524292286,0.0,0.0,0.0,0.0,0.12247422680412372,176.86,0.24,0.2
vogn,standard,1,,,test,seed1_eps0p08_lam0p25.json,0.08,50,0.0,0.14396253844095586,0.14396253844095586,0.0,0.0,0.0,0.0,0.06721649484536081,143.64,0.14,0.28
vogn,standard,1,,,test,seed1_eps0p08_lam0p25.json,0.1,50,0.0,0.09393291270108783,0.09393291270108783,0.0,0.0,0.0,0.0,0.018350515463917527,113.66,0.02,0.5
vogn,robust,1,0.08,0.25,test,seed1_eps0p08_lam0p25.json,0.01,50,0.844752128449789,0.937547963860643,0.09279583541085394,0.9,0.9182521284497891,1.0,0.86,0.00797361290251592,119.48,0.9,0.08
vogn,robust,1,0.08,0.25,test,seed1_eps0p08_lam0p25.json,0.05,50,0.5674892899661566,0.8062174900399435,0.23872820007378695,0.6,0.6251198015159792,0.9833333333333333,0.54,0.15257254617947005,154.26,0.8,0.16
vogn,robust,1,0.08,0.25,test,seed1_eps0p08_lam0p25.json,0.07,50,0.38191216684446366,0.6883463057943721,0.3064341389499083,0.4,0.4186485985543467,0.018410792747075966,0.38,0.23423225679865772,158.48,0.66,0.22
vogn,robust,1,0.08,0.25,test,seed1_eps0p08_lam0p25.json,0.08,50,0.28407097478657933,0.640384275873527,0.3563133010869477,0.3,0.31359954621515074,0.0,0.22,0.2833309720732266,169.82,0.58,0.28
vogn,robust,1,0.08,0.25,test,seed1_eps0p08_lam0p25.json,0.1,50,0.10901169897667419,0.5369075507972116,0.42789585182053747,0.12,0.12118869012711667,0.0,0.1,0.36623399028525455,159.5,0.5,0.36
vogn,standard,2,,,test,seed2_eps0p08_lam0p25.json,0.01,50,0.7928227087104882,0.9718423471505663,0.17901963844007807,0.88,0.8678227087104883,0.9467455621301775,0.64,0.08632387621435321,183.18,0.98,0.02
vogn,standard,2,,,test,seed2_eps0p08_lam0p25.json,0.05,50,0.0,0.4744129781352416,0.4744129781352416,0.0,0.0,0.0,0.0,0.40247422680412365,254.0,0.7,0.06
vogn,standard,2,,,test,seed2_eps0p08_lam0p25.json,0.07,50,0.0,0.21127713590190633,0.21127713590190633,0.0,0.0,0.0,0.0,0.1356701030927835,185.74,0.24,0.14
vogn,standard,2,,,test,seed2_eps0p08_lam0p25.json,0.08,50,0.0,0.14546637379380367,0.14546637379380367,0.0,0.0,0.0,0.0,0.07195876288659794,153.3,0.14,0.22
vogn,standard,2,,,test,seed2_eps0p08_lam0p25.json,0.1,50,0.0,0.09450288245013709,0.09450288245013709,0.0,0.0,0.0,0.0,0.018762886597938143,117.76,0.02,0.34
vogn,robust,2,0.08,0.25,test,seed2_eps0p08_lam0p25.json,0.01,50,0.8257558387966353,0.915073727794586,0.08931788899795041,0.9,0.8962558387966354,1.0,0.84,0.00680295848742122,111.8,0.92,0.08
vogn,robust,2,0.08,0.25,test,seed2_eps0p08_lam0p25.json,0.05,50,0.5770181616809632,0.7538136323743752,0.17679547069341198,0.64,0.6347824928911543,0.9448013524936602,0.54,0.08805449502291773,155.6,0.78,0.2
vogn,robust,2,0.08,0.25,test,seed2_eps0p08_lam0p25.json,0.07,50,0.3802450613861227,0.6480256392952073,0.2677805779090846,0.42,0.41792205253656517,0.05527223638818057,0.36,0.19280942895844394,163.66,0.64,0.3
vogn,robust,2,0.08,0.25,test,seed2_eps0p08_lam0p25.json,0.08,50,0.26970675987241455,0.5928533948583515,0.32314663498593693,0.26,0.30088299905416116,0.0,0.22,0.2565263226911232,161.14,0.6,0.36
vogn,robust,2,0.08,0.25,test,seed2_eps0p08_lam0p25.json,0.1,50,0.11565962620835872,0.5390989824417445,0.42343935623338574,0.12,0.12892278410309557,0.0,0.12,0.363448349917523,151.18,0.48,0.42
vogn,standard,3,,,test,seed3_eps0p08_lam0p25.json,0.01,50,0.7895555580768528,0.9672168063842943,0.17766124830744165,0.9,0.8637222247435195,0.9655172413793104,0.66,0.08582945726836294,182.14,0.98,0.02
vogn,standard,3,,,test,seed3_eps0p08_lam0p25.json,0.05,50,0.0,0.4761515692472994,0.4761515692472994,0.0,0.0,0.0,0.0,0.40103092783505156,249.08,0.68,0.1
vogn,standard,3,,,test,seed3_eps0p08_lam0p25.json,0.07,50,0.0,0.21161807807579208,0.21161807807579208,0.0,0.0,0.0,0.0,0.14061855670103093,188.34,0.28,0.12
vogn,standard,3,,,test,seed3_eps0p08_lam0p25.json,0.08,50,0.0,0.14813395694318743,0.14813395694318743,0.0,0.0,0.0,0.0,0.07257731958762886,156.66,0.16,0.26
vogn,standard,3,,,test,seed3_eps0p08_lam0p25.json,0.1,50,0.0,0.09323205122470704,0.09323205122470704,0.0,0.0,0.0,0.0,0.01752577319587629,118.3,0.04,0.46
vogn,robust,3,0.08,0.25,test,seed3_eps0p08_lam0p25.json,0.01,50,0.8535983627094549,0.9404672754946728,0.08686891278521763,0.92,0.9267094738205662,1.0,0.9,0.004650669591495498,110.7,0.94,0.06
vogn,robust,3,0.08,0.25,test,seed3_eps0p08_lam0p25.json,0.05,50,0.581825324863246,0.7933886739231184,0.21156334905987234,0.64,0.6402904182752419,0.9663096397273612,0.52,0.12266456009966556,158.7,0.82,0.16
vogn,robust,3,0.08,0.25,test,seed3_eps0p08_lam0p25.json,0.07,50,0.3813565356505608,0.6647904105895277,0.2834338749389668,0.42,0.4210335268010032,0.0767123287671233,0.34,0.2094091252881614,167.56,0.66,0.24
vogn,robust,3,0.08,0.25,test,seed3_eps0p08_lam0p25.json,0.08,50,0.2846529680365297,0.6151330158357378,0.33048004779920814,0.3,0.31469505417842636,0.0,0.26,0.25633657825406186,162.6,0.6,0.32
vogn,robust,3,0.08,0.25,test,seed3_eps0p08_lam0p25.json,0.1,50,0.11416942799550941,0.5180517495439969,0.40388232154848747,0.12,0.12799200864067067,0.0,0.1,0.34355438311190667,165.16,0.48,0.44
vogn,standard,4,,,test,seed4_eps0p08_lam0p25.json,0.01,50,0.7937662378400434,0.9821795521364891,0.18841331429644573,0.9,0.8687662378400434,0.9657704042715485,0.64,0.09265887064504026,180.24,1.0,0.0
vogn,standard,4,,,test,seed4_eps0p08_lam0p25.json,0.05,50,0.0,0.49738694155132895,0.49738694155132895,0.0,0.0,0.0,0.0,0.43092783505154636,240.96,0.66,0.06
vogn,standard,4,,,test,seed4_eps0p08_lam0p25.json,0.07,50,0.0,0.22795327965282652,0.22795327965282652,0.0,0.0,0.0,0.0,0.1562886597938144,194.08,0.28,0.16
vogn,standard,4,,,test,seed4_eps0p08_lam0p25.json,0.08,50,0.0,0.15675115264664422,0.15675115264664422,0.0,0.0,0.0,0.0,0.08577319587628866,155.1,0.16,0.24
vogn,standard,4,,,test,seed4_eps0p08_lam0p25.json,0.1,50,0.0,0.09741773333770734,0.09741773333770734,0.0,0.0,0.0,0.0,0.022268041237113397,116.84,0.02,0.42
vogn,robust,4,0.08,0.25,test,seed4_eps0p08_lam0p25.json,0.01,50,0.8370256215119227,0.9307954139368673,0.09376979242494426,0.9,0.910525621511923,1.0,0.84,0.008147640791476408,121.34,0.92,0.08
vogn,robust,4,0.08,0.25,test,seed4_eps0p08_lam0p25.json,0.05,50,0.5784594120177201,0.7799320571083891,0.20147264509066878,0.62,0.6382475142792737,0.9591434139848838,0.52,0.11173055345285228,161.18,0.8,0.18
vogn,robust,4,0.08,0.25,test,seed4_eps0p08_lam0p25.json,0.07,50,0.39767505360187044,0.66880058790153,0.2711255342996596,0.44,0.43675231071382337,0.05339836878298415,0.38,0.20057289061202646,158.54,0.7,0.26
vogn,robust,4,0.08,0.25,test,seed4_eps0p08_lam0p25.json,0.08,50,0.29610048971727854,0.6109450285190292,0.3148445388017507,0.32,0.32672524206175085,0.0,0.24,0.24686624298837515,166.2,0.6,0.32
vogn,robust,4,0.08,0.25,test,seed4_eps0p08_lam0p25.json,0.1,50,0.11593026577684112,0.5472650187077315,0.43133475293089035,0.12,0.1264302657768411,0.0,0.1,0.3758377754602723,159.38,0.48,0.4
